{"train/epoch": 30, "train/avg_acc": 76.875, "train/duration_sec": 5.283734560012817, "_timestamp": 1763678176.311939, "_runtime": 1142.808303117752, "_step": 30, "gradients/prompt_learner.global_ctx": {"_type": "histogram", "values": [1.0, 0.0, 0.0, 0.0, 0.0, 0.0, 0.0, 0.0, 0.0, 2.0, 1.0, 1.0, 2.0, 2.0, 3.0, 4.0, 5.0, 9.0, 18.0, 19.0, 26.0, 32.0, 55.0, 74.0, 112.0, 124.0, 185.0, 295.0, 360.0, 473.0, 631.0, 712.0, 768.0, 848.0, 775.0, 634.0, 509.0, 406.0, 295.0, 245.0, 175.0, 100.0, 99.0, 53.0, 36.0, 28.0, 26.0, 11.0, 11.0, 7.0, 4.0, 7.0, 2.0, 3.0, 1.0, 1.0, 0.0, 0.0, 1.0, 0.0, 0.0, 0.0, 0.0, 1.0], "bins": [-0.4930124282836914, -0.4781576991081238, -0.46330299973487854, -0.4484483003616333, -0.4335935711860657, -0.41873884201049805, -0.4038841426372528, -0.38902944326400757, -0.37417471408843994, -0.3593199849128723, -0.3444652855396271, -0.32961058616638184, -0.3147558569908142, -0.2999011278152466, -0.28504642844200134, -0.2701917290687561, -0.2553369998931885, -0.24048228561878204, -0.2256275713443756, -0.21077285706996918, -0.19591814279556274, -0.1810634285211563, -0.16620871424674988, -0.15135399997234344, -0.136499285697937, -0.12164457142353058, -0.10678985714912415, -0.09193514287471771, -0.07708042860031128, -0.062225714325904846, -0.04737100005149841, -0.03251628577709198, -0.01766154170036316, -0.002806827425956726, 0.012047886848449707, 0.02690260112285614, 0.04175731539726257, 0.056612029671669006, 0.07146674394607544, 0.08632145822048187, 0.1011761724948883, 0.11603088676929474, 0.13088560104370117, 0.1457403153181076, 0.16059502959251404, 0.17544974386692047, 0.1903044581413269, 0.20515917241573334, 0.22001388669013977, 0.2348686009645462, 0.24972331523895264, 0.26457804441452026, 0.2794327437877655, 0.29428744316101074, 0.30914217233657837, 0.323996901512146, 0.33885160088539124, 0.3537063002586365, 0.3685610294342041, 0.38341575860977173, 0.39827045798301697, 0.4131251573562622, 0.42797988653182983, 0.44283461570739746, 0.4576893150806427]}, "gradients/prompt_learner.local_u_ctx": {"_type": "histogram", "values": [1.0, 0.0, 0.0, 0.0, 0.0, 0.0, 0.0, 0.0, 0.0, 1.0, 0.0, 0.0, 0.0, 1.0, 1.0, 1.0, 1.0, 3.0, 0.0, 3.0, 3.0, 2.0, 4.0, 3.0, 6.0, 3.0, 5.0, 3.0, 7.0, 7.0, 11.0, 5.0, 4.0, 5.0, 7.0, 8.0, 4.0, 4.0, 1.0, 4.0, 3.0, 5.0, 4.0, 2.0, 0.0, 0.0, 0.0, 2.0, 1.0, 0.0, 0.0, 1.0, 1.0, 0.0, 0.0, 0.0, 0.0, 0.0, 0.0, 0.0, 0.0, 0.0, 0.0, 1.0], "bins": [-0.1925777792930603, -0.1858973652124405, -0.17921695113182068, -0.17253653705120087, -0.16585612297058105, -0.15917570888996124, -0.15249529480934143, -0.14581488072872162, -0.1391344666481018, -0.1324540674686432, -0.12577365338802338, -0.11909323185682297, -0.11241282522678375, -0.10573241114616394, -0.09905199706554413, -0.09237158298492432, -0.0856911689043045, -0.07901075482368469, -0.07233034074306488, -0.06564992666244507, -0.058969516307115555, -0.05228910222649574, -0.04560869187116623, -0.03892827779054642, -0.032247863709926605, -0.025567449629306793, -0.01888703741133213, -0.012206624262034893, -0.005526211112737656, 0.0011542020365595818, 0.00783461518585682, 0.014515028335154057, 0.021195456385612488, 0.0278758704662323, 0.03455628454685211, 0.041236694902181625, 0.04791710898280144, 0.05459752306342125, 0.06127793341875076, 0.06795834749937057, 0.07463876157999039, 0.0813191756606102, 0.08799958974123001, 0.09468000382184982, 0.10136041045188904, 0.10804082453250885, 0.11472123861312866, 0.12140165269374847, 0.1280820667743683, 0.1347624808549881, 0.1414428949356079, 0.14812330901622772, 0.15480372309684753, 0.16148413717746735, 0.16816455125808716, 0.17484496533870697, 0.18152537941932678, 0.1882057785987854, 0.1948861926794052, 0.20156660676002502, 0.20824702084064484, 0.21492743492126465, 0.22160784900188446, 0.22828826308250427, 0.23496867716312408]}, "gradients/prompt_learner.local_v_ctx": {"_type": "histogram", "values": [2.0, 1.0, 1.0, 1.0, 0.0, 1.0, 0.0, 2.0, 4.0, 1.0, 5.0, 12.0, 5.0, 15.0, 27.0, 35.0, 54.0, 58.0, 81.0, 90.0, 134.0, 134.0, 198.0, 204.0, 208.0, 259.0, 249.0, 259.0, 293.0, 247.0, 245.0, 221.0, 215.0, 186.0, 134.0, 138.0, 88.0, 82.0, 69.0, 49.0, 28.0, 14.0, 12.0, 7.0, 7.0, 6.0, 1.0, 5.0, 2.0, 3.0, 1.0, 0.0, 0.0, 0.0, 1.0, 0.0, 0.0, 0.0, 0.0, 0.0, 0.0, 1.0, 0.0, 1.0], "bins": [-0.31292375922203064, -0.30172809958457947, -0.2905324399471283, -0.2793367803096771, -0.26814112067222595, -0.2569454610347748, -0.2457498013973236, -0.23455414175987244, -0.22335848212242126, -0.2121628224849701, -0.20096716284751892, -0.18977150321006775, -0.17857584357261658, -0.1673801839351654, -0.15618452429771423, -0.14498886466026306, -0.1337932050228119, -0.12259754538536072, -0.11140188574790955, -0.10020622611045837, -0.0890105664730072, -0.07781490683555603, -0.06661924719810486, -0.055423587560653687, -0.044227927923202515, -0.03303226828575134, -0.02183660864830017, -0.010640949010848999, 0.0005547106266021729, 0.011750370264053345, 0.022946029901504517, 0.03414168953895569, 0.04533731937408447, 0.056532979011535645, 0.06772863864898682, 0.07892429828643799, 0.09011995792388916, 0.10131561756134033, 0.1125112771987915, 0.12370693683624268, 0.13490259647369385, 0.14609825611114502, 0.1572939157485962, 0.16848957538604736, 0.17968523502349854, 0.1908808946609497, 0.20207655429840088, 0.21327221393585205, 0.22446787357330322, 0.2356635332107544, 0.24685919284820557, 0.25805485248565674, 0.2692505121231079, 0.2804461717605591, 0.29164183139801025, 0.3028374910354614, 0.3140331506729126, 0.32522881031036377, 0.33642446994781494, 0.3476201295852661, 0.3588157892227173, 0.37001144886016846, 0.38120710849761963, 0.3924027681350708, 0.403598427772522]}, "test/epoch": 30, "test/local_acc_avg": 83.27661479362446, "test/duration_sec": 329.9427697658539, "test/neighbor_acc_avg": 81.56619250018103, "summary/local_acc_max": 83.27661479362446, "summary/local_acc_mean": 80.71645117535547, "summary/neighbor_acc_max": 81.56619250018103, "summary/neighbor_acc_mean": 79.08859736640584, "_wandb": {"runtime": 1142}}