{"train/epoch": 30, "train/avg_acc": 73.28125, "train/duration_sec": 5.243170261383057, "_timestamp": 1763680724.8774517, "_runtime": 1135.2381896972656, "_step": 30, "gradients/prompt_learner.cluster_ctx": {"_type": "histogram", "values": [1.0, 1.0, 0.0, 0.0, 0.0, 0.0, 0.0, 0.0, 1.0, 5.0, 8.0, 30.0, 80.0, 208.0, 578.0, 1443.0, 2222.0, 1919.0, 1068.0, 405.0, 144.0, 48.0, 21.0, 5.0, 2.0, 0.0, 1.0, 1.0, 0.0, 0.0, 0.0, 0.0, 0.0, 0.0, 0.0, 0.0, 0.0, 0.0, 0.0, 0.0, 0.0, 0.0, 0.0, 0.0, 0.0, 0.0, 0.0, 0.0, 0.0, 0.0, 0.0, 0.0, 0.0, 0.0, 0.0, 0.0, 0.0, 0.0, 0.0, 0.0, 0.0, 0.0, 0.0, 1.0], "bins": [-0.8958754539489746, -0.8425562381744385, -0.7892370223999023, -0.735917866230011, -0.6825986504554749, -0.6292794346809387, -0.5759602785110474, -0.5226410627365112, -0.4693218469619751, -0.41600263118743896, -0.3626834452152252, -0.3093642592430115, -0.25604504346847534, -0.2027258425951004, -0.14940664172172546, -0.09608744084835052, -0.042768239974975586, 0.010550960898399353, 0.06387016177177429, 0.11718936264514923, 0.17050856351852417, 0.2238277643918991, 0.27714696526527405, 0.3304661512374878, 0.3837853670120239, 0.43710458278656006, 0.4904237687587738, 0.5437429547309875, 0.5970621705055237, 0.6503813862800598, 0.7037005424499512, 0.7570197582244873, 0.8103389739990234, 0.8636581897735596, 0.9169774055480957, 0.9702965617179871, 1.023615837097168, 1.0769349336624146, 1.1302541494369507, 1.1835733652114868, 1.236892580986023, 1.290211796760559, 1.3435310125350952, 1.3968502283096313, 1.450169324874878, 1.503488540649414, 1.5568077564239502, 1.6101269721984863, 1.6634461879730225, 1.7167654037475586, 1.7700846195220947, 1.8234038352966309, 1.876723051071167, 1.9300421476364136, 1.9833613634109497, 2.0366806983947754, 2.0899996757507324, 2.1433188915252686, 2.1966381072998047, 2.249957323074341, 2.303276538848877, 2.356595754623413, 2.409914970397949, 2.4632341861724854, 2.5165534019470215]}, "gradients/prompt_learner.global_ctx": {"_type": "histogram", "values": [1.0, 1.0, 0.0, 0.0, 0.0, 0.0, 0.0, 0.0, 1.0, 5.0, 8.0, 30.0, 80.0, 208.0, 578.0, 1443.0, 2222.0, 1919.0, 1068.0, 405.0, 144.0, 48.0, 21.0, 5.0, 2.0, 0.0, 1.0, 1.0, 0.0, 0.0, 0.0, 0.0, 0.0, 0.0, 0.0, 0.0, 0.0, 0.0, 0.0, 0.0, 0.0, 0.0, 0.0, 0.0, 0.0, 0.0, 0.0, 0.0, 0.0, 0.0, 0.0, 0.0, 0.0, 0.0, 0.0, 0.0, 0.0, 0.0, 0.0, 0.0, 0.0, 0.0, 0.0, 1.0], "bins": [-1.7917509078979492, -1.685112476348877, -1.5784740447998047, -1.471835732460022, -1.3651973009109497, -1.2585588693618774, -1.1519205570220947, -1.0452821254730225, -0.9386436939239502, -0.8320052623748779, -0.7253668904304504, -0.618728518486023, -0.5120900869369507, -0.4054516851902008, -0.2988132834434509, -0.19217488169670105, -0.08553647994995117, 0.021101921796798706, 0.12774032354354858, 0.23437872529029846, 0.34101712703704834, 0.4476555287837982, 0.5542939305305481, 0.6609323024749756, 0.7675707340240479, 0.8742091655731201, 0.9808475375175476, 1.087485909461975, 1.1941243410110474, 1.3007627725601196, 1.4074010848999023, 1.5140395164489746, 1.6206779479980469, 1.7273163795471191, 1.8339548110961914, 1.9405931234359741, 2.047231674194336, 2.153869867324829, 2.2605082988739014, 2.3671467304229736, 2.473785161972046, 2.580423593521118, 2.6870620250701904, 2.7937004566192627, 2.900338649749756, 3.006977081298828, 3.1136155128479004, 3.2202539443969727, 3.326892375946045, 3.433530807495117, 3.5401692390441895, 3.6468076705932617, 3.753446102142334, 3.860084295272827, 3.9667227268218994, 4.073361396789551, 4.179999351501465, 4.286637783050537, 4.393276214599609, 4.499914646148682, 4.606553077697754, 4.713191509246826, 4.819829940795898, 4.926468372344971, 5.033106803894043]}, "gradients/prompt_learner.local_u_ctx": {"_type": "histogram", "values": [1.0, 1.0, 0.0, 1.0, 0.0, 0.0, 0.0, 0.0, 0.0, 0.0, 0.0, 0.0, 0.0, 0.0, 0.0, 1.0, 0.0, 0.0, 1.0, 0.0, 0.0, 0.0, 0.0, 0.0, 0.0, 1.0, 1.0, 0.0, 0.0, 1.0, 0.0, 1.0, 0.0, 0.0, 0.0, 0.0, 1.0, 0.0, 0.0, 1.0, 3.0, 2.0, 1.0, 3.0, 1.0, 0.0, 1.0, 1.0, 0.0, 0.0, 0.0, 0.0, 0.0, 1.0, 2.0, 1.0, 0.0, 0.0, 2.0, 0.0, 0.0, 1.0, 1.0, 1.0], "bins": [-0.5882401466369629, -0.5746124982833862, -0.5609848499298096, -0.5473572015762329, -0.5337295532226562, -0.5201019048690796, -0.5064743161201477, -0.49284663796424866, -0.4792190194129944, -0.4655913710594177, -0.45196372270584106, -0.4383360743522644, -0.42470842599868774, -0.4110807776451111, -0.3974531590938568, -0.38382551074028015, -0.3701978623867035, -0.35657021403312683, -0.34294256567955017, -0.3293149471282959, -0.31568729877471924, -0.3020596504211426, -0.2884320020675659, -0.27480435371398926, -0.2611767053604126, -0.24754907190799713, -0.23392143845558167, -0.220293790102005, -0.20666614174842834, -0.19303850829601288, -0.17941085994243622, -0.16578322649002075, -0.15215560793876648, -0.13852795958518982, -0.12490032613277435, -0.11127267777919769, -0.09764503687620163, -0.08401739597320557, -0.0703897476196289, -0.05676210671663284, -0.04313446581363678, -0.029506823047995567, -0.015879180282354355, -0.0022515375167131424, 0.01137610524892807, 0.025003748014569283, 0.038631390780210495, 0.05225903540849686, 0.06588667631149292, 0.07951431721448898, 0.09314195811748505, 0.1067696064710617, 0.12039724737405777, 0.13402488827705383, 0.1476525366306305, 0.16128017008304596, 0.17490781843662262, 0.18853546679019928, 0.20216310024261475, 0.2157907485961914, 0.22941839694976807, 0.24304603040218353, 0.256673663854599, 0.27030131220817566, 0.2839289605617523]}, "gradients/prompt_learner.local_v_ctx": {"_type": "histogram", "values": [1.0, 0.0, 1.0, 2.0, 5.0, 20.0, 31.0, 41.0, 45.0, 65.0, 73.0, 107.0, 123.0, 118.0, 96.0, 83.0, 75.0, 45.0, 37.0, 23.0, 16.0, 7.0, 3.0, 2.0, 2.0, 0.0, 0.0, 1.0, 1.0, 0.0, 0.0, 0.0, 0.0, 0.0, 0.0, 0.0, 0.0, 0.0, 0.0, 0.0, 0.0, 0.0, 0.0, 0.0, 0.0, 0.0, 0.0, 0.0, 0.0, 0.0, 0.0, 0.0, 0.0, 0.0, 0.0, 0.0, 0.0, 0.0, 0.0, 0.0, 0.0, 0.0, 0.0, 1.0], "bins": [-0.6374301314353943, -0.5886349678039551, -0.5398398637771606, -0.49104470014572144, -0.4422495663166046, -0.3934544324874878, -0.3446592688560486, -0.29586413502693176, -0.24706900119781494, -0.19827386736869812, -0.1494787186384201, -0.10068357735872269, -0.05188843607902527, -0.0030932947993278503, 0.04570184648036957, 0.09449698776006699, 0.1432921290397644, 0.19208726286888123, 0.24088241159915924, 0.28967756032943726, 0.3384726941585541, 0.3872678279876709, 0.4360629916191101, 0.48485812544822693, 0.5336532592773438, 0.582448422908783, 0.6312435269355774, 0.6800386905670166, 0.728833794593811, 0.7776289582252502, 0.8264241218566895, 0.8752192258834839, 0.9240143299102783, 0.9728094935417175, 1.0216046571731567, 1.0703997611999512, 1.1191948652267456, 1.1679900884628296, 1.216785192489624, 1.2655802965164185, 1.314375400543213, 1.3631706237792969, 1.4119657278060913, 1.4607608318328857, 1.5095560550689697, 1.5583511590957642, 1.6071462631225586, 1.6559414863586426, 1.704736590385437, 1.7535316944122314, 1.8023269176483154, 1.8511220216751099, 1.8999171257019043, 1.9487123489379883, 1.9975074529647827, 2.046302556991577, 2.095097780227661, 2.143892765045166, 2.19268798828125, 2.241483211517334, 2.290278196334839, 2.339073419570923, 2.387868642807007, 2.4366636276245117, 2.4854588508605957]}, "test/epoch": 30, "test/local_acc_avg": 86.30439693705696, "test/duration_sec": 319.1683568954468, "test/neighbor_acc_avg": 84.94939650832069, "summary/local_acc_max": 86.30439693705696, "summary/local_acc_mean": 82.26556332336334, "summary/neighbor_acc_max": 84.94939650832069, "summary/neighbor_acc_mean": 80.28877840290247, "_wandb": {"runtime": 1134}}