{"train/epoch": 30, "train/avg_acc": 68.97321428571429, "train/duration_sec": 17.742598056793213, "_timestamp": 1763656592.994812, "_runtime": 972.818470954895, "_step": 30, "gradients/prompt_learner.global_ctx": {"_type": "histogram", "values": [1.0, 3.0, 1.0, 0.0, 1.0, 1.0, 0.0, 0.0, 3.0, 1.0, 2.0, 8.0, 6.0, 6.0, 6.0, 16.0, 9.0, 13.0, 19.0, 28.0, 42.0, 55.0, 80.0, 92.0, 115.0, 171.0, 226.0, 265.0, 325.0, 364.0, 388.0, 490.0, 479.0, 520.0, 533.0, 554.0, 519.0, 498.0, 420.0, 393.0, 311.0, 289.0, 209.0, 172.0, 135.0, 116.0, 65.0, 63.0, 33.0, 32.0, 35.0, 16.0, 20.0, 12.0, 6.0, 5.0, 7.0, 5.0, 4.0, 1.0, 0.0, 0.0, 1.0, 2.0], "bins": [-1.9166229963302612, -1.86123788356781, -1.8058528900146484, -1.7504677772521973, -1.695082664489746, -1.6396976709365845, -1.5843125581741333, -1.5289275646209717, -1.4735424518585205, -1.4181573390960693, -1.3627723455429077, -1.3073872327804565, -1.252002239227295, -1.1966171264648438, -1.1412320137023926, -1.085847020149231, -1.0304619073867798, -0.9750768542289734, -0.919691801071167, -0.8643066883087158, -0.8089216351509094, -0.753536581993103, -0.6981514692306519, -0.6427664160728455, -0.5873813629150391, -0.5319963097572327, -0.4766112267971039, -0.4212261438369751, -0.3658410906791687, -0.3104560375213623, -0.2550709545612335, -0.19968588650226593, -0.1443006992340088, -0.0889156311750412, -0.03353056311607361, 0.021854504942893982, 0.07723957300186157, 0.13262464106082916, 0.18800970911979675, 0.24339477717876434, 0.29877984523773193, 0.35416489839553833, 0.4095499813556671, 0.4649350643157959, 0.5203201174736023, 0.5757051706314087, 0.6310902833938599, 0.6864753365516663, 0.7418603897094727, 0.797245442867279, 0.8526304960250854, 0.9080156087875366, 0.963400661945343, 1.0187857151031494, 1.0741708278656006, 1.1295558214187622, 1.1849409341812134, 1.2403260469436646, 1.2957110404968262, 1.3510961532592773, 1.4064812660217285, 1.4618662595748901, 1.5172513723373413, 1.572636365890503, 1.628021478652954]}, "gradients/prompt_learner.local_u_ctx": {"_type": "histogram", "values": [1.0, 0.0, 0.0, 0.0, 1.0, 0.0, 0.0, 0.0, 0.0, 0.0, 0.0, 0.0, 0.0, 0.0, 0.0, 1.0, 1.0, 0.0, 3.0, 0.0, 1.0, 2.0, 3.0, 2.0, 1.0, 3.0, 0.0, 5.0, 1.0, 6.0, 3.0, 6.0, 5.0, 4.0, 5.0, 6.0, 5.0, 5.0, 7.0, 4.0, 8.0, 2.0, 8.0, 0.0, 5.0, 5.0, 1.0, 0.0, 4.0, 1.0, 1.0, 2.0, 2.0, 0.0, 2.0, 0.0, 1.0, 1.0, 0.0, 0.0, 1.0, 2.0, 0.0, 1.0], "bins": [-1.2753056287765503, -1.2428226470947266, -1.2103397846221924, -1.1778568029403687, -1.145373821258545, -1.1128908395767212, -1.0804078578948975, -1.0479249954223633, -1.0154420137405396, -0.9829590320587158, -0.9504761099815369, -0.9179931879043579, -0.8855102062225342, -0.8530272245407104, -0.8205443024635315, -0.7880613803863525, -0.7555783987045288, -0.7230954170227051, -0.6906124949455261, -0.6581295728683472, -0.6256465911865234, -0.5931636095046997, -0.5606806874275208, -0.5281977653503418, -0.49571478366851807, -0.4632318317890167, -0.4307488799095154, -0.39826592803001404, -0.3657829761505127, -0.33330002427101135, -0.30081707239151, -0.26833412051200867, -0.23585128784179688, -0.20336833596229553, -0.1708853840827942, -0.13840243220329285, -0.1059194803237915, -0.07343652844429016, -0.04095357656478882, -0.008470624685287476, 0.024012327194213867, 0.05649527907371521, 0.08897823095321655, 0.1214611828327179, 0.15394413471221924, 0.18642708659172058, 0.21891003847122192, 0.25139299035072327, 0.2838759422302246, 0.31635889410972595, 0.3488418459892273, 0.38132479786872864, 0.41380774974823, 0.4462907016277313, 0.47877365350723267, 0.5112565755844116, 0.5437395572662354, 0.5762225389480591, 0.608705461025238, 0.641188383102417, 0.6736713647842407, 0.7061543464660645, 0.7386372685432434, 0.7711201906204224, 0.8036031723022461]}, "gradients/prompt_learner.local_v_ctx": {"_type": "histogram", "values": [2.0, 0.0, 0.0, 0.0, 0.0, 0.0, 0.0, 0.0, 0.0, 1.0, 0.0, 0.0, 0.0, 1.0, 1.0, 1.0, 3.0, 6.0, 13.0, 20.0, 23.0, 41.0, 45.0, 72.0, 108.0, 135.0, 175.0, 218.0, 241.0, 236.0, 290.0, 322.0, 350.0, 313.0, 289.0, 296.0, 217.0, 181.0, 145.0, 87.0, 74.0, 64.0, 39.0, 28.0, 26.0, 12.0, 11.0, 5.0, 1.0, 1.0, 0.0, 1.0, 0.0, 1.0, 0.0, 0.0, 0.0, 0.0, 0.0, 0.0, 0.0, 0.0, 0.0, 1.0], "bins": [-2.3828415870666504, -2.3087704181671143, -2.234699249267578, -2.160628080368042, -2.086556911468506, -2.0124857425689697, -1.9384145736694336, -1.8643434047698975, -1.7902722358703613, -1.7162010669708252, -1.642129898071289, -1.568058729171753, -1.4939875602722168, -1.4199163913726807, -1.3458452224731445, -1.2717740535736084, -1.1977028846740723, -1.1236317157745361, -1.049560546875, -0.9754893779754639, -0.9014182090759277, -0.8273470401763916, -0.7532758712768555, -0.6792047023773193, -0.6051335334777832, -0.5310623645782471, -0.45699119567871094, -0.3829200267791748, -0.30884885787963867, -0.23477768898010254, -0.1607065200805664, -0.08663535118103027, -0.012563943862915039, 0.061507225036621094, 0.13557839393615723, 0.20964956283569336, 0.2837207317352295, 0.3577919006347656, 0.43186306953430176, 0.5059342384338379, 0.580005407333374, 0.6540765762329102, 0.7281477451324463, 0.8022189140319824, 0.8762900829315186, 0.9503612518310547, 1.0244324207305908, 1.098503589630127, 1.172574758529663, 1.2466459274291992, 1.3207170963287354, 1.3947882652282715, 1.4688594341278076, 1.5429306030273438, 1.6170017719268799, 1.691072940826416, 1.7651441097259521, 1.8392152786254883, 1.9132864475250244, 1.9873576164245605, 2.0614287853240967, 2.135499954223633, 2.209571123123169, 2.283642292022705, 2.357713460922241]}, "test/epoch": 30, "test/local_acc_avg": 82.76202119214062, "test/duration_sec": 142.99110221862793, "test/neighbor_acc_avg": 81.01517945965995, "summary/local_acc_max": 82.76202119214062, "summary/local_acc_mean": 76.47613539324679, "summary/neighbor_acc_max": 81.01517945965995, "summary/neighbor_acc_mean": 75.50939103832768, "_wandb": {"runtime": 969}}