{"train/epoch": 30, "train/avg_acc": 77.1875, "train/duration_sec": 5.215867519378662, "_timestamp": 1763674790.0214918, "_runtime": 1131.9444086551666, "_step": 30, "gradients/prompt_learner.cluster_ctx": {"_type": "histogram", "values": [1.0, 0.0, 0.0, 0.0, 0.0, 0.0, 0.0, 0.0, 0.0, 0.0, 0.0, 0.0, 0.0, 0.0, 0.0, 0.0, 0.0, 0.0, 0.0, 0.0, 0.0, 1.0, 0.0, 1.0, 1.0, 0.0, 1.0, 2.0, 0.0, 2.0, 2.0, 5.0, 16.0, 25.0, 24.0, 41.0, 76.0, 131.0, 248.0, 526.0, 938.0, 1458.0, 1633.0, 1327.0, 794.0, 412.0, 201.0, 106.0, 67.0, 54.0, 33.0, 23.0, 11.0, 13.0, 7.0, 5.0, 2.0, 2.0, 0.0, 2.0, 0.0, 0.0, 0.0, 1.0], "bins": [-0.7384241819381714, -0.7210043668746948, -0.7035845518112183, -0.6861647367477417, -0.6687449216842651, -0.6513251066207886, -0.633905291557312, -0.6164854764938354, -0.5990656614303589, -0.5816458463668823, -0.5642260313034058, -0.5468062162399292, -0.5293864011764526, -0.5119665861129761, -0.4945467710494995, -0.47712695598602295, -0.4597071409225464, -0.4422873258590698, -0.42486751079559326, -0.4074476957321167, -0.39002788066864014, -0.3726080656051636, -0.355188250541687, -0.33776843547821045, -0.3203486204147339, -0.3029288053512573, -0.28550899028778076, -0.2680891752243042, -0.25066936016082764, -0.23324954509735107, -0.2158297300338745, -0.19840991497039795, -0.18099015951156616, -0.1635703444480896, -0.14615052938461304, -0.12873071432113647, -0.11131089925765991, -0.09389108419418335, -0.07647126913070679, -0.059051454067230225, -0.04163163900375366, -0.0242118239402771, -0.006792008876800537, 0.010627806186676025, 0.028047621250152588, 0.04546743631362915, 0.06288725137710571, 0.08030706644058228, 0.09772688150405884, 0.1151466965675354, 0.13256651163101196, 0.14998632669448853, 0.1674061417579651, 0.18482595682144165, 0.2022457718849182, 0.21966558694839478, 0.23708540201187134, 0.2545052170753479, 0.27192503213882446, 0.289344847202301, 0.3067646622657776, 0.32418447732925415, 0.3416042923927307, 0.3590241074562073, 0.37644392251968384]}, "gradients/prompt_learner.global_ctx": {"_type": "histogram", "values": [1.0, 0.0, 0.0, 0.0, 0.0, 0.0, 0.0, 0.0, 0.0, 0.0, 0.0, 0.0, 0.0, 0.0, 0.0, 0.0, 0.0, 0.0, 0.0, 0.0, 0.0, 1.0, 0.0, 1.0, 1.0, 0.0, 1.0, 2.0, 0.0, 2.0, 2.0, 5.0, 16.0, 25.0, 24.0, 41.0, 76.0, 131.0, 248.0, 526.0, 938.0, 1458.0, 1633.0, 1327.0, 794.0, 412.0, 201.0, 106.0, 67.0, 54.0, 33.0, 23.0, 11.0, 13.0, 7.0, 5.0, 2.0, 2.0, 0.0, 2.0, 0.0, 0.0, 0.0, 1.0], "bins": [-1.4768483638763428, -1.4420087337493896, -1.4071691036224365, -1.3723294734954834, -1.3374898433685303, -1.3026502132415771, -1.267810583114624, -1.232970952987671, -1.1981313228607178, -1.1632916927337646, -1.1284520626068115, -1.0936124324798584, -1.0587728023529053, -1.0239331722259521, -0.989093542098999, -0.9542539119720459, -0.9194142818450928, -0.8845746517181396, -0.8497350215911865, -0.8148953914642334, -0.7800557613372803, -0.7452161312103271, -0.710376501083374, -0.6755368709564209, -0.6406972408294678, -0.6058576107025146, -0.5710179805755615, -0.5361783504486084, -0.5013387203216553, -0.46649909019470215, -0.431659460067749, -0.3968198299407959, -0.3619803190231323, -0.3271406888961792, -0.2923010587692261, -0.25746142864227295, -0.22262179851531982, -0.1877821683883667, -0.15294253826141357, -0.11810290813446045, -0.08326327800750732, -0.0484236478805542, -0.013584017753601074, 0.02125561237335205, 0.056095242500305176, 0.0909348726272583, 0.12577450275421143, 0.16061413288116455, 0.19545376300811768, 0.2302933931350708, 0.2651330232620239, 0.29997265338897705, 0.3348122835159302, 0.3696519136428833, 0.4044915437698364, 0.43933117389678955, 0.4741708040237427, 0.5090104341506958, 0.5438500642776489, 0.578689694404602, 0.6135293245315552, 0.6483689546585083, 0.6832085847854614, 0.7180482149124146, 0.7528878450393677]}, "gradients/prompt_learner.local_u_ctx": {"_type": "histogram", "values": [1.0, 0.0, 0.0, 0.0, 0.0, 0.0, 0.0, 0.0, 0.0, 0.0, 0.0, 0.0, 0.0, 0.0, 0.0, 0.0, 0.0, 0.0, 0.0, 0.0, 2.0, 2.0, 0.0, 0.0, 0.0, 0.0, 0.0, 1.0, 1.0, 3.0, 2.0, 2.0, 3.0, 1.0, 3.0, 1.0, 2.0, 1.0, 1.0, 0.0, 0.0, 1.0, 0.0, 0.0, 0.0, 0.0, 0.0, 1.0, 1.0, 0.0, 0.0, 0.0, 0.0, 0.0, 0.0, 1.0, 0.0, 1.0, 0.0, 0.0, 0.0, 0.0, 0.0, 1.0], "bins": [-0.2679794430732727, -0.26008471846580505, -0.2521899938583374, -0.24429525434970856, -0.2364005297422409, -0.22850579023361206, -0.2206110656261444, -0.21271634101867676, -0.2048216164112091, -0.19692687690258026, -0.1890321522951126, -0.18113742768764496, -0.1732426881790161, -0.16534796357154846, -0.1574532389640808, -0.14955849945545197, -0.14166377484798431, -0.13376905024051666, -0.12587431073188782, -0.11797958612442017, -0.11008486151695251, -0.10219012945890427, -0.09429539740085602, -0.08640067279338837, -0.07850594073534012, -0.07061120867729187, -0.06271648406982422, -0.05482175201177597, -0.04692702367901802, -0.03903229534626007, -0.031137565150856972, -0.023242834955453873, -0.015348106622695923, -0.007453377358615398, 0.00044135190546512604, 0.00833608116954565, 0.016230810433626175, 0.024125538766384125, 0.03202027082443237, 0.03991499915719032, 0.04780972748994827, 0.05570445582270622, 0.06359918415546417, 0.07149391621351242, 0.07938864827156067, 0.08728337287902832, 0.09517810493707657, 0.10307282954454422, 0.11096756160259247, 0.11886229366064072, 0.12675702571868896, 0.13465175032615662, 0.14254647493362427, 0.1504412144422531, 0.15833593904972076, 0.16623066365718842, 0.17412540316581726, 0.1820201277732849, 0.18991485238075256, 0.19780957698822021, 0.20570431649684906, 0.2135990411043167, 0.22149376571178436, 0.2293885052204132, 0.23728322982788086]}, "gradients/prompt_learner.local_v_ctx": {"_type": "histogram", "values": [1.0, 0.0, 0.0, 0.0, 1.0, 0.0, 3.0, 5.0, 5.0, 5.0, 11.0, 7.0, 17.0, 23.0, 21.0, 33.0, 39.0, 54.0, 58.0, 65.0, 76.0, 75.0, 86.0, 85.0, 68.0, 57.0, 48.0, 45.0, 31.0, 31.0, 21.0, 7.0, 15.0, 10.0, 3.0, 6.0, 3.0, 0.0, 1.0, 2.0, 1.0, 0.0, 1.0, 0.0, 0.0, 0.0, 0.0, 0.0, 0.0, 0.0, 1.0, 0.0, 0.0, 0.0, 0.0, 0.0, 0.0, 1.0, 1.0, 0.0, 0.0, 0.0, 0.0, 1.0], "bins": [-0.3910921812057495, -0.37343159317970276, -0.355771005153656, -0.33811038732528687, -0.3204497992992401, -0.30278921127319336, -0.2851285934448242, -0.26746800541877747, -0.2498074173927307, -0.23214682936668396, -0.214486226439476, -0.19682562351226807, -0.1791650354862213, -0.16150444746017456, -0.1438438445329666, -0.12618324160575867, -0.10852265357971191, -0.09086205810308456, -0.07320146262645721, -0.055540867149829865, -0.037880271673202515, -0.020219676196575165, -0.002559080719947815, 0.015101514756679535, 0.032762110233306885, 0.050422705709934235, 0.06808330118656158, 0.08574389666318893, 0.10340449213981628, 0.12106508761644363, 0.13872568309307098, 0.15638628602027893, 0.1740468144416809, 0.19170740246772766, 0.2093680053949356, 0.22702860832214355, 0.2446891963481903, 0.26234978437423706, 0.2800104022026062, 0.29767099022865295, 0.3153315782546997, 0.33299216628074646, 0.3506527543067932, 0.36831337213516235, 0.3859739601612091, 0.40363454818725586, 0.421295166015625, 0.43895575404167175, 0.4566163420677185, 0.47427693009376526, 0.491937518119812, 0.5095981359481812, 0.5272587537765503, 0.5449193120002747, 0.5625799298286438, 0.5802404880523682, 0.5979011058807373, 0.6155617237091064, 0.6332222819328308, 0.6508828997612, 0.6685434579849243, 0.6862040758132935, 0.7038646936416626, 0.721525251865387, 0.7391858696937561]}, "test/epoch": 30, "test/local_acc_avg": 75.3437370746341, "test/duration_sec": 321.11479353904724, "test/neighbor_acc_avg": 72.73848342621652, "summary/local_acc_max": 84.7682497407979, "summary/local_acc_mean": 78.29021485169324, "summary/neighbor_acc_max": 83.06135449073052, "summary/neighbor_acc_mean": 76.830028064474, "_wandb": {"runtime": 1130}}