{"train/epoch": 30, "train/avg_acc": 58.75, "train/duration_sec": 5.2640862464904785, "_timestamp": 1763683051.3958764, "_runtime": 1146.3485615253448, "_step": 30, "gradients/prompt_learner.global_ctx": {"_type": "histogram", "values": [1.0, 0.0, 0.0, 0.0, 0.0, 0.0, 1.0, 0.0, 0.0, 0.0, 0.0, 2.0, 3.0, 2.0, 4.0, 3.0, 4.0, 6.0, 16.0, 12.0, 25.0, 34.0, 42.0, 65.0, 89.0, 126.0, 203.0, 232.0, 355.0, 492.0, 588.0, 689.0, 776.0, 852.0, 827.0, 678.0, 535.0, 429.0, 305.0, 235.0, 167.0, 104.0, 80.0, 75.0, 40.0, 36.0, 16.0, 14.0, 5.0, 7.0, 5.0, 3.0, 2.0, 2.0, 0.0, 0.0, 0.0, 1.0, 1.0, 0.0, 1.0, 0.0, 0.0, 2.0], "bins": [-0.9249812364578247, -0.8972419500350952, -0.869502604007721, -0.8417633175849915, -0.814024031162262, -0.7862846851348877, -0.7585453987121582, -0.7308061122894287, -0.7030668258666992, -0.675327479839325, -0.6475881934165955, -0.619848906993866, -0.5921095609664917, -0.5643702745437622, -0.5366309881210327, -0.5088916420936584, -0.48115235567092896, -0.4534130394458771, -0.4256737530231476, -0.3979344367980957, -0.3701951503753662, -0.34245583415031433, -0.31471651792526245, -0.28697723150253296, -0.2592379152774811, -0.2314986139535904, -0.2037593126296997, -0.17601999640464783, -0.14828069508075714, -0.12054139375686646, -0.09280208498239517, -0.06506277620792389, -0.0373234748840332, -0.009584169834852219, 0.018155135214328766, 0.04589444026350975, 0.07363374531269073, 0.10137304663658142, 0.1291123628616333, 0.156851664185524, 0.18459096550941467, 0.21233026683330536, 0.24006956815719604, 0.2678088843822479, 0.2955482006072998, 0.3232874870300293, 0.3510268032550812, 0.37876608967781067, 0.40650540590286255, 0.43424472212791443, 0.4619840085506439, 0.4897233247756958, 0.5174626111984253, 0.5452019572257996, 0.572941243648529, 0.6006805300712585, 0.6284198760986328, 0.6561591625213623, 0.6838984489440918, 0.7116377353668213, 0.7393770813941956, 0.767116367816925, 0.7948556542396545, 0.8225950002670288, 0.8503342866897583]}, "gradients/prompt_learner.local_u_ctx": {"_type": "histogram", "values": [1.0, 1.0, 0.0, 0.0, 0.0, 0.0, 0.0, 0.0, 0.0, 1.0, 1.0, 0.0, 0.0, 0.0, 0.0, 0.0, 0.0, 0.0, 0.0, 0.0, 0.0, 1.0, 1.0, 1.0, 1.0, 0.0, 0.0, 1.0, 0.0, 0.0, 0.0, 0.0, 0.0, 1.0, 0.0, 2.0, 0.0, 0.0, 0.0, 0.0, 0.0, 1.0, 1.0, 0.0, 0.0, 0.0, 0.0, 0.0, 0.0, 0.0, 1.0, 0.0, 0.0, 0.0, 0.0, 0.0, 0.0, 0.0, 0.0, 0.0, 0.0, 0.0, 0.0, 1.0], "bins": [-0.1794832944869995, -0.1715269684791565, -0.16357065737247467, -0.15561434626579285, -0.14765802025794983, -0.1397016942501068, -0.131745383143425, -0.12378906458616257, -0.11583274602890015, -0.10787642747163773, -0.0999201089143753, -0.09196379035711288, -0.08400747179985046, -0.07605115324258804, -0.06809483468532562, -0.0601385161280632, -0.05218219757080078, -0.04422587901353836, -0.03626956045627594, -0.02831324189901352, -0.0203569233417511, -0.012400604784488678, -0.004444286227226257, 0.0035120323300361633, 0.011468350887298584, 0.019424669444561005, 0.027380988001823425, 0.035337306559085846, 0.04329362511634827, 0.05124994367361069, 0.05920626223087311, 0.06716258078813553, 0.07511889934539795, 0.08307521790266037, 0.09103153645992279, 0.09898785501718521, 0.10694417357444763, 0.11490049213171005, 0.12285681068897247, 0.1308131217956543, 0.13876944780349731, 0.14672577381134033, 0.15468208491802216, 0.16263839602470398, 0.170594722032547, 0.17855104804039001, 0.18650735914707184, 0.19446367025375366, 0.20241999626159668, 0.2103763222694397, 0.21833263337612152, 0.22628894448280334, 0.23424527049064636, 0.24220159649848938, 0.25015789270401, 0.258114218711853, 0.26607054471969604, 0.27402687072753906, 0.2819831967353821, 0.2899394929409027, 0.2978958189487457, 0.30585214495658875, 0.3138084411621094, 0.3217647671699524, 0.3297210931777954]}, "gradients/prompt_learner.local_v_ctx": {"_type": "histogram", "values": [1.0, 0.0, 0.0, 0.0, 3.0, 3.0, 2.0, 4.0, 3.0, 9.0, 2.0, 12.0, 4.0, 5.0, 7.0, 19.0, 21.0, 18.0, 16.0, 23.0, 21.0, 29.0, 18.0, 23.0, 28.0, 19.0, 12.0, 22.0, 20.0, 26.0, 14.0, 19.0, 13.0, 17.0, 12.0, 8.0, 10.0, 13.0, 7.0, 9.0, 2.0, 2.0, 2.0, 3.0, 3.0, 1.0, 2.0, 0.0, 1.0, 1.0, 0.0, 0.0, 1.0, 1.0, 0.0, 0.0, 0.0, 0.0, 0.0, 0.0, 0.0, 0.0, 0.0, 1.0], "bins": [-0.31949785351753235, -0.30672308802604675, -0.29394832253456116, -0.2811735272407532, -0.2683987617492676, -0.255623996257782, -0.2428492307662964, -0.2300744503736496, -0.217299684882164, -0.2045249193906784, -0.19175013899803162, -0.17897537350654602, -0.16620060801506042, -0.15342582762241364, -0.14065106213092804, -0.12787628173828125, -0.11510151624679565, -0.10232674330472946, -0.08955197036266327, -0.07677720487117767, -0.06400243192911148, -0.05122765898704529, -0.038452889770269394, -0.02567811869084835, -0.012903347611427307, -0.00012857653200626373, 0.01264619454741478, 0.025420965626835823, 0.038195736706256866, 0.05097050964832306, 0.06374527513980865, 0.07652004808187485, 0.08929482102394104, 0.10206959396600723, 0.11484436690807343, 0.12761913239955902, 0.1403939127922058, 0.1531686782836914, 0.165943443775177, 0.1787182241678238, 0.1914929896593094, 0.20426775515079498, 0.21704253554344177, 0.22981730103492737, 0.24259206652641296, 0.25536683201789856, 0.26814162731170654, 0.28091639280319214, 0.29369115829467773, 0.30646592378616333, 0.3192406892776489, 0.3320154845714569, 0.3447902500629425, 0.3575650155544281, 0.3703397810459137, 0.3831145465373993, 0.3958893418312073, 0.40866410732269287, 0.42143887281417847, 0.43421363830566406, 0.44698840379714966, 0.45976316928863525, 0.47253796458244324, 0.48531273007392883, 0.49808749556541443]}, "test/epoch": 30, "test/local_acc_avg": 83.76633452823097, "test/duration_sec": 327.3640522956848, "test/neighbor_acc_avg": 81.31241699357267, "summary/local_acc_max": 83.76633452823097, "summary/local_acc_mean": 76.82298000072687, "summary/neighbor_acc_max": 81.31241699357267, "summary/neighbor_acc_mean": 75.16817468554278, "_wandb": {"runtime": 1145}}