{"train/epoch": 30, "train/avg_acc": 62.8125, "train/duration_sec": 5.276380300521851, "_timestamp": 1763687778.9634852, "_runtime": 1124.606688261032, "_step": 30, "gradients/prompt_learner.cluster_ctx": {"_type": "histogram", "values": [1.0, 0.0, 0.0, 0.0, 0.0, 0.0, 0.0, 0.0, 0.0, 1.0, 1.0, 5.0, 34.0, 259.0, 4942.0, 2779.0, 150.0, 16.0, 3.0, 0.0, 0.0, 0.0, 0.0, 0.0, 0.0, 0.0, 0.0, 0.0, 0.0, 0.0, 0.0, 0.0, 0.0, 0.0, 0.0, 0.0, 0.0, 0.0, 0.0, 0.0, 0.0, 0.0, 0.0, 0.0, 0.0, 0.0, 0.0, 0.0, 0.0, 0.0, 0.0, 0.0, 0.0, 0.0, 0.0, 0.0, 0.0, 0.0, 0.0, 0.0, 0.0, 0.0, 0.0, 1.0], "bins": [-3.529252052307129, -3.292416572570801, -3.0555810928344727, -2.8187458515167236, -2.5819103717803955, -2.3450748920440674, -2.1082394123077393, -1.8714040517807007, -1.6345685720443726, -1.3977330923080444, -1.1608977317810059, -0.9240622520446777, -0.6872268319129944, -0.45039141178131104, -0.2135559618473053, 0.023279473185539246, 0.2601149082183838, 0.49695032835006714, 0.7337857484817505, 0.9706212282180786, 1.2074565887451172, 1.4442920684814453, 1.6811275482177734, 1.917962908744812, 2.1547985076904297, 2.3916337490081787, 2.628469228744507, 2.865304708480835, 3.102140188217163, 3.338975667953491, 3.5758109092712402, 3.8126463890075684, 4.0494818687438965, 4.286317348480225, 4.523152828216553, 4.759988307952881, 4.996823787689209, 5.233659267425537, 5.470494270324707, 5.707329750061035, 5.944165229797363, 6.181000709533691, 6.4178361892700195, 6.654671669006348, 6.891507148742676, 7.128342628479004, 7.365178108215332, 7.60201358795166, 7.838849067687988, 8.075684547424316, 8.312520027160645, 8.549355506896973, 8.7861909866333, 9.023026466369629, 9.25986099243164, 9.496696472167969, 9.733531951904297, 9.970367431640625, 10.207202911376953, 10.444038391113281, 10.68087387084961, 10.917709350585938, 11.154544830322266, 11.391380310058594, 11.628215789794922]}, "gradients/prompt_learner.global_ctx": {"_type": "histogram", "values": [1.0, 0.0, 0.0, 0.0, 0.0, 0.0, 0.0, 0.0, 0.0, 1.0, 1.0, 5.0, 34.0, 259.0, 4942.0, 2779.0, 150.0, 16.0, 3.0, 0.0, 0.0, 0.0, 0.0, 0.0, 0.0, 0.0, 0.0, 0.0, 0.0, 0.0, 0.0, 0.0, 0.0, 0.0, 0.0, 0.0, 0.0, 0.0, 0.0, 0.0, 0.0, 0.0, 0.0, 0.0, 0.0, 0.0, 0.0, 0.0, 0.0, 0.0, 0.0, 0.0, 0.0, 0.0, 0.0, 0.0, 0.0, 0.0, 0.0, 0.0, 0.0, 0.0, 0.0, 1.0], "bins": [-7.058504104614258, -6.584833145141602, -6.111162185668945, -5.637491703033447, -5.163820743560791, -4.690149784088135, -4.2164788246154785, -3.7428081035614014, -3.269137144088745, -2.795466184616089, -2.3217954635620117, -1.8481245040893555, -1.3744536638259888, -0.9007828235626221, -0.4271119236946106, 0.04655894637107849, 0.5202298164367676, 0.9939006567001343, 1.467571496963501, 1.9412424564361572, 2.4149131774902344, 2.8885841369628906, 3.362255096435547, 3.835925817489624, 4.309597015380859, 4.783267498016357, 5.256938457489014, 5.73060941696167, 6.204280376434326, 6.677951335906982, 7.1516218185424805, 7.625292778015137, 8.098963737487793, 8.57263469696045, 9.046305656433105, 9.519976615905762, 9.993647575378418, 10.467318534851074, 10.940988540649414, 11.41465950012207, 11.888330459594727, 12.362001419067383, 12.835672378540039, 13.309343338012695, 13.783014297485352, 14.256685256958008, 14.730356216430664, 15.20402717590332, 15.677698135375977, 16.151369094848633, 16.62504005432129, 17.098711013793945, 17.5723819732666, 18.046052932739258, 18.51972198486328, 18.993392944335938, 19.467063903808594, 19.94073486328125, 20.414405822753906, 20.888076782226562, 21.36174774169922, 21.835418701171875, 22.30908966064453, 22.782760620117188, 23.256431579589844]}, "gradients/prompt_learner.local_u_ctx": {"_type": "histogram", "values": [1.0, 0.0, 0.0, 0.0, 0.0, 0.0, 0.0, 0.0, 0.0, 0.0, 0.0, 0.0, 1.0, 0.0, 0.0, 0.0, 0.0, 0.0, 1.0, 0.0, 0.0, 0.0, 0.0, 0.0, 0.0, 0.0, 2.0, 1.0, 0.0, 2.0, 1.0, 2.0, 5.0, 10.0, 14.0, 26.0, 31.0, 8.0, 11.0, 3.0, 1.0, 2.0, 0.0, 1.0, 1.0, 1.0, 1.0, 1.0, 0.0, 0.0, 0.0, 0.0, 0.0, 0.0, 0.0, 0.0, 0.0, 0.0, 0.0, 0.0, 0.0, 0.0, 0.0, 1.0], "bins": [-2.282707452774048, -2.218845844268799, -2.154984474182129, -2.09112286567688, -2.027261257171631, -1.9633997678756714, -1.8995381593704224, -1.835676670074463, -1.7718150615692139, -1.7079535722732544, -1.644092082977295, -1.580230474472046, -1.5163689851760864, -1.4525073766708374, -1.388645887374878, -1.324784278869629, -1.2609227895736694, -1.19706130027771, -1.133199691772461, -1.0693382024765015, -1.0054765939712524, -0.941615104675293, -0.8777535557746887, -0.8138920068740845, -0.7500304579734802, -0.686168909072876, -0.6223073601722717, -0.5584458112716675, -0.4945842921733856, -0.43072274327278137, -0.3668612241744995, -0.30299967527389526, -0.23913824558258057, -0.17527669668197632, -0.11141516268253326, -0.04755362123250961, 0.016307920217514038, 0.08016946166753769, 0.14403100311756134, 0.2078925371170044, 0.27175408601760864, 0.3356156349182129, 0.39947718381881714, 0.463338702917099, 0.5272002220153809, 0.5910617709159851, 0.6549233198165894, 0.7187848687171936, 0.7826464176177979, 0.8465079665184021, 0.9103695154190063, 0.9742310643196106, 1.0380926132202148, 1.1019541025161743, 1.1658157110214233, 1.2296772003173828, 1.2935388088226318, 1.3574002981185913, 1.4212617874145508, 1.4851233959197998, 1.5489848852157593, 1.6128464937210083, 1.6767079830169678, 1.7405695915222168, 1.8044310808181763]}, "gradients/prompt_learner.local_v_ctx": {"_type": "histogram", "values": [2.0, 1.0, 0.0, 0.0, 0.0, 1.0, 0.0, 0.0, 0.0, 0.0, 0.0, 0.0, 1.0, 2.0, 3.0, 10.0, 105.0, 863.0, 1968.0, 1002.0, 121.0, 15.0, 0.0, 0.0, 0.0, 0.0, 0.0, 0.0, 0.0, 1.0, 0.0, 0.0, 0.0, 0.0, 0.0, 0.0, 0.0, 0.0, 0.0, 0.0, 0.0, 0.0, 0.0, 0.0, 0.0, 0.0, 0.0, 0.0, 0.0, 0.0, 0.0, 0.0, 0.0, 0.0, 0.0, 0.0, 0.0, 0.0, 0.0, 0.0, 0.0, 0.0, 0.0, 1.0], "bins": [-4.89614200592041, -4.632012844085693, -4.367883205413818, -4.103754043579102, -3.8396246433258057, -3.5754952430725098, -3.311366081237793, -3.047236680984497, -2.783107280731201, -2.5189778804779053, -2.2548484802246094, -1.9907193183898926, -1.7265899181365967, -1.4624605178833008, -1.1983312368392944, -0.9342018961906433, -0.6700725555419922, -0.40594321489334106, -0.14181387424468994, 0.12231546640396118, 0.3864448070526123, 0.6505741477012634, 0.9147034883499146, 1.178832769393921, 1.4429621696472168, 1.7070915699005127, 1.971220850944519, 2.2353501319885254, 2.4994795322418213, 2.763608932495117, 3.027738094329834, 3.29186749458313, 3.555997848510742, 3.820127248764038, 4.084256649017334, 4.348385810852051, 4.612515449523926, 4.876644611358643, 5.140773773193359, 5.404903411865234, 5.669032573699951, 5.933161735534668, 6.197291374206543, 6.46142053604126, 6.725549697875977, 6.989679336547852, 7.253808498382568, 7.517938137054443, 7.78206729888916, 8.046196937561035, 8.310325622558594, 8.574455261230469, 8.838584899902344, 9.102713584899902, 9.366843223571777, 9.630972862243652, 9.895101547241211, 10.159231185913086, 10.423360824584961, 10.687490463256836, 10.951619148254395, 11.21574878692627, 11.479878425598145, 11.744007110595703, 12.008136749267578]}, "test/epoch": 30, "test/local_acc_avg": 70.4462611180772, "test/duration_sec": 303.49910044670105, "test/neighbor_acc_avg": 67.31251526539202, "summary/local_acc_max": 80.75038811160275, "summary/local_acc_mean": 73.89601400651526, "summary/neighbor_acc_max": 73.75820261346935, "summary/neighbor_acc_mean": 69.71434913819998, "_wandb": {"runtime": 1123}}