{"train/epoch": 30, "train/avg_acc": 75.15625, "train/duration_sec": 5.14862060546875, "_timestamp": 1763684081.5639985, "_runtime": 1141.239714384079, "_step": 30, "gradients/prompt_learner.global_ctx": {"_type": "histogram", "values": [1.0, 1.0, 3.0, 2.0, 6.0, 13.0, 29.0, 65.0, 112.0, 293.0, 636.0, 1174.0, 1767.0, 1788.0, 1168.0, 617.0, 274.0, 141.0, 57.0, 21.0, 12.0, 5.0, 1.0, 1.0, 0.0, 2.0, 1.0, 1.0, 0.0, 0.0, 0.0, 0.0, 0.0, 0.0, 0.0, 0.0, 0.0, 0.0, 0.0, 0.0, 0.0, 0.0, 0.0, 0.0, 0.0, 0.0, 0.0, 0.0, 0.0, 0.0, 0.0, 0.0, 0.0, 0.0, 0.0, 0.0, 0.0, 0.0, 0.0, 0.0, 0.0, 0.0, 0.0, 1.0], "bins": [-1.0595526695251465, -0.9780420660972595, -0.8965315222740173, -0.8150209188461304, -0.7335103750228882, -0.6519997715950012, -0.5704891681671143, -0.4889785945415497, -0.4074680209159851, -0.32595744729042053, -0.24444685876369476, -0.162936270236969, -0.08142569661140442, 8.488446474075317e-05, 0.08159546554088593, 0.1631060540676117, 0.24461662769317627, 0.32612720131874084, 0.4076377749443054, 0.4891483783721924, 0.5706589221954346, 0.6521695256233215, 0.7336801290512085, 0.8151906728744507, 0.8967012763023376, 0.9782118797302246, 1.0597224235534668, 1.141232967376709, 1.2227436304092407, 1.304254174232483, 1.385764718055725, 1.4672753810882568, 1.548785924911499, 1.6302964687347412, 1.711807131767273, 1.7933176755905151, 1.8748282194137573, 1.956338882446289, 2.0378494262695312, 2.1193599700927734, 2.2008705139160156, 2.282381057739258, 2.363891839981079, 2.4454023838043213, 2.5269129276275635, 2.6084234714508057, 2.689934015274048, 2.77144455909729, 2.8529553413391113, 2.9344658851623535, 3.0159764289855957, 3.097486972808838, 3.17899751663208, 3.2605080604553223, 3.3420186042785645, 3.4235293865203857, 3.505039930343628, 3.58655047416687, 3.6680610179901123, 3.7495715618133545, 3.8310821056365967, 3.912592887878418, 3.99410343170166, 4.075613975524902, 4.1571245193481445]}, "gradients/prompt_learner.local_u_ctx": {"_type": "histogram", "values": [1.0, 0.0, 0.0, 1.0, 0.0, 0.0, 0.0, 0.0, 0.0, 0.0, 0.0, 1.0, 1.0, 0.0, 1.0, 0.0, 3.0, 2.0, 5.0, 3.0, 3.0, 2.0, 8.0, 7.0, 2.0, 6.0, 4.0, 10.0, 4.0, 2.0, 5.0, 7.0, 8.0, 8.0, 1.0, 4.0, 4.0, 8.0, 2.0, 6.0, 1.0, 2.0, 1.0, 0.0, 1.0, 0.0, 0.0, 0.0, 0.0, 1.0, 0.0, 0.0, 1.0, 0.0, 0.0, 0.0, 0.0, 0.0, 0.0, 0.0, 0.0, 0.0, 1.0, 1.0], "bins": [-0.5099653601646423, -0.4908984303474426, -0.4718315303325653, -0.452764630317688, -0.4336977005004883, -0.4146307706832886, -0.39556387066841125, -0.37649697065353394, -0.35743004083633423, -0.3383631110191345, -0.3192962110042572, -0.3002293109893799, -0.2811623811721802, -0.26209545135498047, -0.24302855134010315, -0.22396163642406464, -0.20489472150802612, -0.1858278065919876, -0.1667608916759491, -0.14769397675991058, -0.12862706184387207, -0.10956014692783356, -0.09049323201179504, -0.07142631709575653, -0.05235940217971802, -0.033292487263679504, -0.014225572347640991, 0.004841342568397522, 0.023908257484436035, 0.04297517240047455, 0.06204208731651306, 0.08110900223255157, 0.10017585754394531, 0.11924277245998383, 0.13830968737602234, 0.15737660229206085, 0.17644351720809937, 0.19551043212413788, 0.2145773470401764, 0.2336442619562149, 0.2527111768722534, 0.2717781066894531, 0.29084500670433044, 0.30991190671920776, 0.32897883653640747, 0.3480457663536072, 0.3671126663684845, 0.3861795663833618, 0.4052464962005615, 0.42431342601776123, 0.44338032603263855, 0.46244722604751587, 0.4815141558647156, 0.5005810856819153, 0.5196479558944702, 0.5387148857116699, 0.5577818155288696, 0.5768487453460693, 0.595915675163269, 0.614982545375824, 0.6340494751930237, 0.6531164050102234, 0.6721832752227783, 0.691250205039978, 0.7103171348571777]}, "gradients/prompt_learner.local_v_ctx": {"_type": "histogram", "values": [1.0, 0.0, 0.0, 0.0, 0.0, 0.0, 0.0, 0.0, 0.0, 0.0, 0.0, 1.0, 0.0, 1.0, 1.0, 0.0, 3.0, 4.0, 8.0, 30.0, 44.0, 71.0, 146.0, 258.0, 400.0, 531.0, 566.0, 582.0, 489.0, 399.0, 228.0, 166.0, 88.0, 38.0, 21.0, 7.0, 3.0, 3.0, 3.0, 1.0, 0.0, 0.0, 1.0, 1.0, 0.0, 0.0, 0.0, 0.0, 0.0, 0.0, 0.0, 0.0, 0.0, 0.0, 0.0, 0.0, 0.0, 0.0, 0.0, 0.0, 0.0, 0.0, 0.0, 1.0], "bins": [-1.5409562587738037, -1.4838507175445557, -1.4267451763153076, -1.3696397542953491, -1.312534213066101, -1.255428671836853, -1.198323130607605, -1.141217589378357, -1.0841121673583984, -1.0270066261291504, -0.9699010848999023, -0.9127955436706543, -0.8556900024414062, -0.798584520816803, -0.7414789795875549, -0.6843734979629517, -0.6272679567337036, -0.5701624155044556, -0.5130569338798523, -0.45595139265060425, -0.3988458812236786, -0.34174036979675293, -0.2846348285675049, -0.22752931714057922, -0.17042380571365356, -0.11331828683614731, -0.05621276795864105, 0.0008927509188652039, 0.05799826979637146, 0.11510378867387772, 0.17220930755138397, 0.22931483387947083, 0.2864203453063965, 0.34352585673332214, 0.4006313681602478, 0.45773690938949585, 0.5148423910140991, 0.5719479322433472, 0.6290534734725952, 0.6861589550971985, 0.7432644963264465, 0.8003700375556946, 0.8574755191802979, 0.9145810604095459, 0.971686601638794, 1.028792142868042, 1.0858975648880005, 1.1430031061172485, 1.2001086473464966, 1.2572141885757446, 1.3143197298049927, 1.3714251518249512, 1.4285306930541992, 1.4856362342834473, 1.5427417755126953, 1.5998473167419434, 1.6569528579711914, 1.71405827999115, 1.771163821220398, 1.828269362449646, 1.885374903678894, 1.942480444908142, 1.9995858669281006, 2.0566914081573486, 2.1137969493865967]}, "test/epoch": 30, "test/local_acc_avg": 82.26254259252121, "test/duration_sec": 327.54266381263733, "test/neighbor_acc_avg": 77.73169466509141, "summary/local_acc_max": 82.26599373441164, "summary/local_acc_mean": 79.33791593771222, "summary/neighbor_acc_max": 81.17166479570857, "summary/neighbor_acc_mean": 76.58095503050855, "_wandb": {"runtime": 1140}}