{"train/epoch": 30, "train/avg_acc": 57.03125, "train/duration_sec": 5.268023729324341, "_timestamp": 1763686633.5719173, "_runtime": 1140.6477851867676, "_step": 30, "gradients/prompt_learner.cluster_ctx": {"_type": "histogram", "values": [1.0, 0.0, 0.0, 0.0, 0.0, 0.0, 0.0, 0.0, 0.0, 0.0, 0.0, 0.0, 0.0, 0.0, 0.0, 0.0, 0.0, 0.0, 3.0, 2.0, 35.0, 130.0, 627.0, 2421.0, 3456.0, 1195.0, 257.0, 51.0, 9.0, 4.0, 0.0, 0.0, 0.0, 0.0, 0.0, 0.0, 0.0, 0.0, 0.0, 0.0, 0.0, 0.0, 0.0, 0.0, 0.0, 0.0, 0.0, 0.0, 0.0, 0.0, 0.0, 0.0, 0.0, 0.0, 0.0, 0.0, 0.0, 0.0, 0.0, 0.0, 0.0, 0.0, 0.0, 1.0], "bins": [-5.392837047576904, -5.170224666595459, -4.947612285614014, -4.724999904632568, -4.502387523651123, -4.279775142669678, -4.057162761688232, -3.834550619125366, -3.611938238143921, -3.3893258571624756, -3.1667134761810303, -2.944101095199585, -2.7214889526367188, -2.4988765716552734, -2.276264190673828, -2.053651809692383, -1.8310394287109375, -1.6084270477294922, -1.3858146667480469, -1.1632024049758911, -0.9405900239944458, -0.7179776430130005, -0.49536532163619995, -0.272752970457077, -0.0501406192779541, 0.17247173190116882, 0.39508408308029175, 0.6176964044570923, 0.8403087854385376, 1.062921166419983, 1.2855334281921387, 1.508145809173584, 1.730757713317871, 1.9533700942993164, 2.1759824752807617, 2.398594856262207, 2.6212072372436523, 2.8438193798065186, 3.066431760787964, 3.289044141769409, 3.5116565227508545, 3.7342689037323, 3.956881284713745, 4.179493427276611, 4.402105808258057, 4.624718189239502, 4.847330570220947, 5.069942951202393, 5.292555332183838, 5.515167713165283, 5.7377800941467285, 5.960392475128174, 6.183004856109619, 6.4056172370910645, 6.62822961807251, 6.850841999053955, 7.073453903198242, 7.2960662841796875, 7.518678665161133, 7.741291046142578, 7.963903427124023, 8.186515808105469, 8.409128189086914, 8.63174057006836, 8.854352951049805]}, "gradients/prompt_learner.global_ctx": {"_type": "histogram", "values": [1.0, 0.0, 0.0, 0.0, 0.0, 0.0, 0.0, 0.0, 0.0, 0.0, 0.0, 0.0, 0.0, 0.0, 0.0, 0.0, 0.0, 0.0, 3.0, 2.0, 35.0, 130.0, 627.0, 2421.0, 3456.0, 1195.0, 257.0, 51.0, 9.0, 4.0, 0.0, 0.0, 0.0, 0.0, 0.0, 0.0, 0.0, 0.0, 0.0, 0.0, 0.0, 0.0, 0.0, 0.0, 0.0, 0.0, 0.0, 0.0, 0.0, 0.0, 0.0, 0.0, 0.0, 0.0, 0.0, 0.0, 0.0, 0.0, 0.0, 0.0, 0.0, 0.0, 0.0, 1.0], "bins": [-10.785674095153809, -10.340449333190918, -9.895224571228027, -9.449999809265137, -9.004775047302246, -8.559550285339355, -8.114325523376465, -7.669101238250732, -7.223876476287842, -6.778651714324951, -6.3334269523620605, -5.88820219039917, -5.4429779052734375, -4.997753143310547, -4.552528381347656, -4.107303619384766, -3.662078857421875, -3.2168540954589844, -2.7716293334960938, -2.3264048099517822, -1.8811800479888916, -1.435955286026001, -0.9907306432723999, -0.545505940914154, -0.1002812385559082, 0.34494346380233765, 0.7901681661605835, 1.2353928089141846, 1.6806175708770752, 2.125842332839966, 2.5710668563842773, 3.016291618347168, 3.461515426635742, 3.906740188598633, 4.351964950561523, 4.797189712524414, 5.242414474487305, 5.687638759613037, 6.132863521575928, 6.578088283538818, 7.023313045501709, 7.4685378074646, 7.91376256942749, 8.358986854553223, 8.804211616516113, 9.249436378479004, 9.694661140441895, 10.139885902404785, 10.585110664367676, 11.030335426330566, 11.475560188293457, 11.920784950256348, 12.366009712219238, 12.811234474182129, 13.25645923614502, 13.70168399810791, 14.146907806396484, 14.592132568359375, 15.037357330322266, 15.482582092285156, 15.927806854248047, 16.373031616210938, 16.818256378173828, 17.26348114013672, 17.70870590209961]}, "gradients/prompt_learner.local_u_ctx": {"_type": "histogram", "values": [1.0, 0.0, 0.0, 0.0, 0.0, 0.0, 0.0, 0.0, 0.0, 0.0, 0.0, 0.0, 0.0, 0.0, 0.0, 0.0, 0.0, 0.0, 0.0, 1.0, 1.0, 0.0, 0.0, 0.0, 0.0, 0.0, 0.0, 0.0, 0.0, 1.0, 0.0, 1.0, 0.0, 0.0, 1.0, 1.0, 0.0, 1.0, 0.0, 0.0, 2.0, 1.0, 0.0, 2.0, 1.0, 1.0, 2.0, 2.0, 0.0, 0.0, 1.0, 1.0, 4.0, 2.0, 1.0, 0.0, 0.0, 0.0, 1.0, 0.0, 1.0, 0.0, 1.0, 1.0], "bins": [-1.6041277647018433, -1.5680515766143799, -1.5319753885269165, -1.4958992004394531, -1.4598230123519897, -1.4237468242645264, -1.387670636177063, -1.3515944480895996, -1.3155183792114258, -1.2794421911239624, -1.243366003036499, -1.2072898149490356, -1.1712136268615723, -1.1351374387741089, -1.0990612506866455, -1.0629850625991821, -1.0269088745117188, -0.9908326864242554, -0.954756498336792, -0.9186803102493286, -0.8826041221618652, -0.8465279936790466, -0.8104518055915833, -0.7743756175041199, -0.7382994294166565, -0.7022232413291931, -0.6661470532417297, -0.6300708651542664, -0.5939947366714478, -0.5579185485839844, -0.521842360496521, -0.4857661724090576, -0.4496901035308838, -0.4136139154434204, -0.37753772735595703, -0.34146156907081604, -0.30538538098335266, -0.2693091928958893, -0.2332330197095871, -0.1971568465232849, -0.16108065843582153, -0.12500447034835815, -0.08892829716205597, -0.05285211652517319, -0.016775935888290405, 0.019300244748592377, 0.05537642538547516, 0.09145260602235794, 0.12752878665924072, 0.1636049747467041, 0.1996811479330063, 0.23575732111930847, 0.27183350920677185, 0.30790969729423523, 0.3439858555793762, 0.3800620436668396, 0.416138231754303, 0.45221441984176636, 0.48829060792922974, 0.5243667960166931, 0.5604429244995117, 0.5965191125869751, 0.6325953006744385, 0.6686714887619019, 0.7047476768493652]}, "gradients/prompt_learner.local_v_ctx": {"_type": "histogram", "values": [1.0, 0.0, 0.0, 0.0, 1.0, 2.0, 1.0, 1.0, 5.0, 5.0, 11.0, 14.0, 18.0, 22.0, 29.0, 24.0, 46.0, 58.0, 61.0, 58.0, 70.0, 83.0, 68.0, 63.0, 66.0, 58.0, 65.0, 45.0, 46.0, 30.0, 22.0, 16.0, 15.0, 6.0, 5.0, 2.0, 3.0, 1.0, 1.0, 1.0, 0.0, 0.0, 0.0, 0.0, 0.0, 0.0, 0.0, 0.0, 0.0, 0.0, 0.0, 0.0, 0.0, 0.0, 0.0, 0.0, 0.0, 0.0, 0.0, 0.0, 0.0, 0.0, 0.0, 1.0], "bins": [-1.8045122623443604, -1.7228102684020996, -1.6411083936691284, -1.5594065189361572, -1.4777045249938965, -1.3960025310516357, -1.3143006563186646, -1.2325987815856934, -1.1508967876434326, -1.0691947937011719, -0.9874929189682007, -0.9057909846305847, -0.8240890502929688, -0.7423871159553528, -0.6606851816177368, -0.5789832472801208, -0.4972813129425049, -0.4155793786048889, -0.33387744426727295, -0.252175509929657, -0.17047357559204102, -0.08877164125442505, -0.007069706916809082, 0.07463222742080688, 0.15633416175842285, 0.23803609609603882, 0.3197380304336548, 0.40143996477127075, 0.4831418991088867, 0.5648438334465027, 0.6465457677841187, 0.7282477021217346, 0.8099498748779297, 0.8916518092155457, 0.9733537435531616, 1.0550556182861328, 1.1367576122283936, 1.2184596061706543, 1.3001614809036255, 1.3818633556365967, 1.4635653495788574, 1.5452673435211182, 1.6269692182540894, 1.7086710929870605, 1.7903730869293213, 1.872075080871582, 1.9537769556045532, 2.0354788303375244, 2.117180824279785, 2.198882818222046, 2.2805848121643066, 2.3622865676879883, 2.443988561630249, 2.5256905555725098, 2.6073923110961914, 2.689094305038452, 2.770796298980713, 2.8524982929229736, 2.9342002868652344, 3.015902042388916, 3.0976040363311768, 3.1793060302734375, 3.261007785797119, 3.34270977973938, 3.4244117736816406]}, "test/epoch": 30, "test/local_acc_avg": 75.3774372506521, "test/duration_sec": 321.2105436325073, "test/neighbor_acc_avg": 75.44495828140474, "summary/local_acc_max": 75.3774372506521, "summary/local_acc_mean": 73.63554280580227, "summary/neighbor_acc_max": 75.44495828140474, "summary/neighbor_acc_mean": 71.73703912962048, "_wandb": {"runtime": 1139}}