{"gradients/prompt_learner.global_ctx": {"_type": "histogram", "values": [1.0, 0.0, 1.0, 1.0, 0.0, 3.0, 1.0, 2.0, 2.0, 8.0, 9.0, 14.0, 16.0, 22.0, 41.0, 43.0, 76.0, 103.0, 153.0, 176.0, 229.0, 307.0, 451.0, 592.0, 784.0, 877.0, 909.0, 800.0, 655.0, 511.0, 357.0, 256.0, 226.0, 144.0, 127.0, 89.0, 65.0, 50.0, 25.0, 15.0, 13.0, 10.0, 7.0, 7.0, 3.0, 3.0, 1.0, 0.0, 2.0, 1.0, 1.0, 0.0, 1.0, 0.0, 1.0, 0.0, 0.0, 0.0, 0.0, 0.0, 0.0, 0.0, 0.0, 1.0], "bins": [-2.26538348197937, -2.1790452003479004, -2.0927066802978516, -2.006368398666382, -1.920030117034912, -1.8336918354034424, -1.747353434562683, -1.6610150337219238, -1.574676752090454, -1.4883384704589844, -1.402000069618225, -1.3156616687774658, -1.229323387145996, -1.1429851055145264, -1.056646704673767, -0.9703083634376526, -0.8839700222015381, -0.7976316809654236, -0.7112933397293091, -0.6249549984931946, -0.5386166572570801, -0.4522783160209656, -0.3659399747848511, -0.2796016335487366, -0.19326329231262207, -0.10692495107650757, -0.020586609840393066, 0.06575173139572144, 0.15209007263183594, 0.23842841386795044, 0.32476675510406494, 0.41110509634017944, 0.49744367599487305, 0.5837820172309875, 0.670120358467102, 0.7564586997032166, 0.842797040939331, 0.9291353821754456, 1.01547372341156, 1.1018121242523193, 1.188150405883789, 1.2744886875152588, 1.360827088356018, 1.4471654891967773, 1.533503770828247, 1.6198420524597168, 1.706180453300476, 1.7925188541412354, 1.878857135772705, 1.9651954174041748, 2.0515336990356445, 2.1378722190856934, 2.224210500717163, 2.310548782348633, 2.3968873023986816, 2.4832255840301514, 2.569563865661621, 2.655902147293091, 2.7422404289245605, 2.8285789489746094, 2.914917230606079, 3.001255512237549, 3.0875940322875977, 3.1739323139190674, 3.260270595550537]}, "_timestamp": 1763651065.7355428, "_runtime": 237.07739186286926, "_step": 3, "train/epoch": 3, "train/avg_acc": 35.7625, "train/duration_sec": 57.11298990249634}