{"train/epoch": 30, "train/avg_acc": 63.482142857142854, "train/duration_sec": 18.696481227874756, "_timestamp": 1763666839.7127383, "_runtime": 973.1012282371521, "_step": 30, "gradients/prompt_learner.global_ctx": {"_type": "histogram", "values": [1.0, 0.0, 0.0, 0.0, 2.0, 3.0, 1.0, 3.0, 1.0, 1.0, 3.0, 4.0, 3.0, 5.0, 8.0, 7.0, 9.0, 19.0, 24.0, 27.0, 61.0, 63.0, 76.0, 112.0, 145.0, 214.0, 300.0, 379.0, 473.0, 556.0, 657.0, 712.0, 730.0, 668.0, 626.0, 543.0, 444.0, 317.0, 259.0, 197.0, 132.0, 105.0, 90.0, 65.0, 44.0, 33.0, 19.0, 12.0, 7.0, 7.0, 7.0, 4.0, 7.0, 1.0, 0.0, 1.0, 1.0, 2.0, 1.0, 0.0, 0.0, 0.0, 0.0, 1.0], "bins": [-2.001430034637451, -1.939483880996704, -1.8775376081466675, -1.8155914545059204, -1.7536451816558838, -1.6916990280151367, -1.6297527551651, -1.567806601524353, -1.5058603286743164, -1.4439141750335693, -1.3819680213928223, -1.3200217485427856, -1.2580755949020386, -1.196129322052002, -1.1341831684112549, -1.0722368955612183, -1.0102907419204712, -0.9483445286750793, -0.8863983154296875, -0.8244521021842957, -0.7625058889389038, -0.7005597352981567, -0.6386135220527649, -0.576667308807373, -0.5147210955619812, -0.45277488231658936, -0.3908286690711975, -0.32888248562812805, -0.2669362723827362, -0.20499005913734436, -0.1430438607931137, -0.08109765499830246, -0.01915144920349121, 0.04279475659132004, 0.10474096238613129, 0.16668716073036194, 0.22863337397575378, 0.29057958722114563, 0.3525257706642151, 0.41447198390960693, 0.4764181971549988, 0.5383644104003906, 0.6003106236457825, 0.6622568368911743, 0.7242029905319214, 0.7861492037773132, 0.8480954170227051, 0.9100416302680969, 0.9719878435134888, 1.0339339971542358, 1.0958802700042725, 1.1578264236450195, 1.2197726964950562, 1.2817188501358032, 1.3436651229858398, 1.405611276626587, 1.467557430267334, 1.5295037031173706, 1.5914498567581177, 1.6533961296081543, 1.7153422832489014, 1.777288556098938, 1.839234709739685, 1.9011809825897217, 1.9631271362304688]}, "gradients/prompt_learner.local_u_ctx": {"_type": "histogram", "values": [1.0, 2.0, 1.0, 0.0, 1.0, 1.0, 1.0, 2.0, 1.0, 1.0, 1.0, 0.0, 2.0, 1.0, 2.0, 2.0, 0.0, 2.0, 2.0, 3.0, 2.0, 0.0, 1.0, 4.0, 4.0, 4.0, 3.0, 2.0, 2.0, 0.0, 0.0, 2.0, 1.0, 1.0, 1.0, 0.0, 3.0, 3.0, 0.0, 1.0, 1.0, 0.0, 0.0, 0.0, 0.0, 0.0, 0.0, 0.0, 0.0, 0.0, 0.0, 0.0, 1.0, 1.0, 0.0, 0.0, 0.0, 0.0, 0.0, 0.0, 0.0, 0.0, 0.0, 1.0], "bins": [-0.5421436429023743, -0.5178812742233276, -0.4936189353466034, -0.46935656666755676, -0.4450942277908325, -0.4208318591117859, -0.39656949043273926, -0.372307151556015, -0.3480447828769684, -0.32378241419792175, -0.2995200753211975, -0.2752577066421509, -0.25099533796310425, -0.22673299908638, -0.20247063040733337, -0.17820827662944794, -0.1539459228515625, -0.12968356907367706, -0.10542120784521103, -0.081158846616745, -0.05689649283885956, -0.03263413533568382, -0.008371777832508087, 0.01589057967066765, 0.040152937173843384, 0.06441529095172882, 0.08867765218019485, 0.11294001340866089, 0.13720236718654633, 0.16146472096443176, 0.1857270896434784, 0.20998944342136383, 0.2342517375946045, 0.2585141062736511, 0.28277644515037537, 0.307038813829422, 0.33130115270614624, 0.35556352138519287, 0.3798258900642395, 0.40408822894096375, 0.4283505976200104, 0.452612966299057, 0.47687530517578125, 0.5011376738548279, 0.5254000425338745, 0.5496624112129211, 0.573924720287323, 0.5981870889663696, 0.6224494576454163, 0.6467118263244629, 0.6709741950035095, 0.6952365040779114, 0.719498872756958, 0.7437612414360046, 0.7680236101150513, 0.7922859787940979, 0.8165483474731445, 0.8408106565475464, 0.865073025226593, 0.8893353939056396, 0.9135977625846863, 0.9378601312637329, 0.9621224403381348, 0.9863848090171814, 1.010647177696228]}, "gradients/prompt_learner.local_v_ctx": {"_type": "histogram", "values": [2.0, 0.0, 0.0, 1.0, 1.0, 2.0, 5.0, 5.0, 5.0, 11.0, 15.0, 15.0, 29.0, 36.0, 53.0, 48.0, 44.0, 68.0, 68.0, 84.0, 97.0, 105.0, 124.0, 105.0, 120.0, 114.0, 113.0, 108.0, 111.0, 104.0, 93.0, 73.0, 67.0, 39.0, 39.0, 41.0, 26.0, 21.0, 9.0, 7.0, 11.0, 12.0, 3.0, 7.0, 3.0, 1.0, 0.0, 0.0, 0.0, 2.0, 0.0, 0.0, 0.0, 0.0, 0.0, 0.0, 0.0, 0.0, 0.0, 0.0, 0.0, 0.0, 0.0, 1.0], "bins": [-1.118388056755066, -1.0733098983764648, -1.0282317399978638, -0.9831535220146179, -0.9380753040313721, -0.892997145652771, -0.8479189872741699, -0.8028407692909241, -0.757762610912323, -0.7126844525337219, -0.6676062345504761, -0.622528076171875, -0.5774499177932739, -0.5323716998100281, -0.487293541431427, -0.44221535325050354, -0.3971371650695801, -0.3520589768886566, -0.30698078870773315, -0.2619026303291321, -0.21682444214820862, -0.17174625396728516, -0.1266680806875229, -0.08158989995718002, -0.03651171922683716, 0.008566461503505707, 0.05364464223384857, 0.09872282296419144, 0.1438010036945343, 0.18887919187545776, 0.23395736515522003, 0.2790355384349823, 0.3241138458251953, 0.3691920340061188, 0.41427022218704224, 0.4593483805656433, 0.5044265985488892, 0.5495047569274902, 0.5945829153060913, 0.6396611332893372, 0.6847392916679382, 0.7298174500465393, 0.7748956680297852, 0.8199738264083862, 0.8650519847869873, 0.9101302027702332, 0.9552083611488342, 1.00028657913208, 1.0453647375106812, 1.0904428958892822, 1.1355210542678833, 1.180599331855774, 1.225677490234375, 1.270755648612976, 1.3158338069915771, 1.3609119653701782, 1.4059901237487793, 1.45106840133667, 1.496146559715271, 1.541224718093872, 1.5863028764724731, 1.6313810348510742, 1.6764593124389648, 1.721537470817566, 1.766615629196167]}, "test/epoch": 30, "test/local_acc_avg": 84.89755219785594, "test/duration_sec": 141.95664358139038, "test/neighbor_acc_avg": 83.72951638863283, "summary/local_acc_max": 84.89755219785594, "summary/local_acc_mean": 75.6588311676715, "summary/neighbor_acc_max": 83.72951638863283, "summary/neighbor_acc_mean": 74.82972349616138, "_wandb": {"runtime": 971}}