{"train/epoch": 30, "train/avg_acc": 69.86607142857143, "train/duration_sec": 17.811116695404053, "_timestamp": 1763655310.4966767, "_runtime": 974.8252627849579, "_step": 30, "gradients/prompt_learner.global_ctx": {"_type": "histogram", "values": [1.0, 0.0, 0.0, 0.0, 0.0, 0.0, 0.0, 0.0, 0.0, 0.0, 0.0, 1.0, 2.0, 0.0, 2.0, 1.0, 7.0, 6.0, 6.0, 10.0, 14.0, 19.0, 34.0, 42.0, 59.0, 66.0, 92.0, 146.0, 185.0, 252.0, 323.0, 390.0, 423.0, 546.0, 522.0, 660.0, 633.0, 630.0, 576.0, 522.0, 469.0, 373.0, 304.0, 225.0, 149.0, 147.0, 93.0, 76.0, 49.0, 42.0, 23.0, 26.0, 15.0, 11.0, 9.0, 4.0, 2.0, 0.0, 0.0, 1.0, 2.0, 0.0, 1.0, 1.0], "bins": [-2.319929838180542, -2.2562406063079834, -2.192551374435425, -2.128862142562866, -2.0651729106903076, -2.001483678817749, -1.9377943277359009, -1.8741050958633423, -1.8104157447814941, -1.7467265129089355, -1.683037281036377, -1.6193480491638184, -1.5556588172912598, -1.4919695854187012, -1.428280234336853, -1.3645910024642944, -1.3009017705917358, -1.2372125387191772, -1.1735233068466187, -1.1098339557647705, -1.046144723892212, -0.9824554920196533, -0.9187662601470947, -0.8550769686698914, -0.7913877367973328, -0.7276985049247742, -0.6640092134475708, -0.6003199815750122, -0.5366307497024536, -0.47294145822525024, -0.40925222635269165, -0.34556296467781067, -0.2818737030029297, -0.2181844413280487, -0.15449519455432892, -0.09080594033002853, -0.02711668610572815, 0.036572568118572235, 0.10026182234287262, 0.1639510691165924, 0.2276403307914734, 0.29132959246635437, 0.35501885414123535, 0.41870808601379395, 0.4823973476886749, 0.5460866093635559, 0.6097758412361145, 0.6734651327133179, 0.7371543645858765, 0.8008435964584351, 0.8645328879356384, 0.928222119808197, 0.9919114112854004, 1.055600643157959, 1.1192898750305176, 1.1829791069030762, 1.2466683387756348, 1.310357689857483, 1.3740469217300415, 1.4377361536026, 1.5014253854751587, 1.5651146173477173, 1.6288039684295654, 1.692493200302124, 1.7561824321746826]}, "gradients/prompt_learner.local_u_ctx": {"_type": "histogram", "values": [1.0, 0.0, 0.0, 0.0, 0.0, 0.0, 0.0, 0.0, 0.0, 1.0, 0.0, 0.0, 0.0, 0.0, 0.0, 0.0, 2.0, 1.0, 0.0, 1.0, 3.0, 0.0, 1.0, 0.0, 1.0, 0.0, 5.0, 1.0, 0.0, 1.0, 1.0, 0.0, 0.0, 0.0, 2.0, 0.0, 0.0, 2.0, 0.0, 1.0, 0.0, 1.0, 1.0, 1.0, 1.0, 0.0, 0.0, 0.0, 0.0, 1.0, 0.0, 0.0, 0.0, 2.0, 0.0, 0.0, 0.0, 0.0, 0.0, 0.0, 0.0, 0.0, 0.0, 1.0], "bins": [-0.5897397398948669, -0.5678591132164001, -0.5459784865379333, -0.5240978598594666, -0.5022172331809998, -0.48033660650253296, -0.45845597982406616, -0.43657535314559937, -0.41469472646713257, -0.3928140699863434, -0.3709334433078766, -0.3490528166294098, -0.327172189950943, -0.3052915632724762, -0.2834109365940094, -0.2615303099155426, -0.2396496832370758, -0.217769056558609, -0.1958884298801422, -0.17400780320167542, -0.15212717652320862, -0.13024653494358063, -0.10836590826511383, -0.08648528158664703, -0.06460465490818024, -0.04272402822971344, -0.020843397825956345, 0.0010372307151556015, 0.022917859256267548, 0.044798485934734344, 0.06667912006378174, 0.08855974674224854, 0.11044037342071533, 0.13232100009918213, 0.15420162677764893, 0.17608225345611572, 0.19796288013458252, 0.2198435217142105, 0.2417241483926773, 0.2636047601699829, 0.2854853868484497, 0.3073660433292389, 0.3292466700077057, 0.3511272966861725, 0.3730079233646393, 0.3948885500431061, 0.4167691767215729, 0.4386498034000397, 0.46053043007850647, 0.48241105675697327, 0.5042917132377625, 0.5261723399162292, 0.548052966594696, 0.5699335932731628, 0.5918142199516296, 0.6136948466300964, 0.6355754733085632, 0.65745609998703, 0.6793367266654968, 0.7012173533439636, 0.7230979800224304, 0.7449786067008972, 0.766859233379364, 0.7887398600578308, 0.8106204867362976]}, "gradients/prompt_learner.local_v_ctx": {"_type": "histogram", "values": [1.0, 0.0, 1.0, 1.0, 0.0, 2.0, 8.0, 1.0, 5.0, 8.0, 9.0, 5.0, 10.0, 5.0, 23.0, 24.0, 21.0, 28.0, 28.0, 29.0, 27.0, 43.0, 33.0, 32.0, 44.0, 49.0, 47.0, 43.0, 47.0, 51.0, 50.0, 42.0, 50.0, 35.0, 30.0, 35.0, 23.0, 12.0, 15.0, 21.0, 16.0, 18.0, 10.0, 5.0, 7.0, 11.0, 2.0, 4.0, 3.0, 1.0, 1.0, 3.0, 0.0, 0.0, 1.0, 0.0, 1.0, 1.0, 0.0, 1.0, 0.0, 0.0, 0.0, 1.0], "bins": [-0.9683271050453186, -0.933158814907074, -0.8979905247688293, -0.8628222346305847, -0.8276539444923401, -0.7924856543540955, -0.7573173642158508, -0.7221490740776062, -0.6869808435440063, -0.6518125534057617, -0.6166442632675171, -0.5814759731292725, -0.5463076829910278, -0.5111393928527832, -0.4759711027145386, -0.44080281257629395, -0.4056345224380493, -0.3704662322998047, -0.33529794216156006, -0.30012965202331543, -0.2649613618850708, -0.22979308664798737, -0.19462481141090393, -0.1594565212726593, -0.12428823113441467, -0.08911994099617004, -0.05395165830850601, -0.01878337189555168, 0.01638491451740265, 0.05155320093035698, 0.08672148734331131, 0.12188977003097534, 0.1570580005645752, 0.19222629070281982, 0.22739458084106445, 0.2625628709793091, 0.2977311611175537, 0.33289942145347595, 0.3680677115917206, 0.4032360017299652, 0.43840429186820984, 0.47357258200645447, 0.5087408423423767, 0.5439091324806213, 0.579077422618866, 0.6142457127571106, 0.6494140028953552, 0.6845822930335999, 0.7197505831718445, 0.7549188733100891, 0.7900871634483337, 0.8252554535865784, 0.860423743724823, 0.8955920338630676, 0.9307603240013123, 0.9659286141395569, 1.0010968446731567, 1.0362651348114014, 1.071433424949646, 1.1066017150878906, 1.1417700052261353, 1.1769382953643799, 1.2121065855026245, 1.2472748756408691, 1.2824431657791138]}, "test/epoch": 30, "test/local_acc_avg": 84.79308815550687, "test/duration_sec": 139.24342107772827, "test/neighbor_acc_avg": 83.21759225119776, "summary/local_acc_max": 84.79308815550687, "summary/local_acc_mean": 77.3510125589845, "summary/neighbor_acc_max": 83.21759225119776, "summary/neighbor_acc_mean": 76.35650037951008, "_wandb": {"runtime": 965}}