{"train/epoch": 30, "train/avg_acc": 72.8125, "train/duration_sec": 17.0876681804657, "_timestamp": 1763657771.1039965, "_runtime": 971.3776786327362, "_step": 30, "gradients/prompt_learner.cluster_ctx": {"_type": "histogram", "values": [1.0, 0.0, 0.0, 1.0, 0.0, 0.0, 0.0, 0.0, 0.0, 0.0, 0.0, 0.0, 0.0, 0.0, 0.0, 1.0, 0.0, 1.0, 1.0, 1.0, 0.0, 0.0, 1.0, 2.0, 7.0, 10.0, 10.0, 13.0, 33.0, 38.0, 48.0, 99.0, 175.0, 203.0, 290.0, 428.0, 560.0, 773.0, 947.0, 1111.0, 967.0, 692.0, 527.0, 408.0, 266.0, 198.0, 114.0, 84.0, 60.0, 43.0, 21.0, 15.0, 12.0, 8.0, 5.0, 5.0, 3.0, 2.0, 0.0, 2.0, 4.0, 1.0, 0.0, 1.0], "bins": [-1.0071390867233276, -0.9815796613693237, -0.9560202360153198, -0.9304608106613159, -0.904901385307312, -0.8793419599533081, -0.8537825345993042, -0.8282231092453003, -0.8026636838912964, -0.7771041989326477, -0.7515447735786438, -0.7259853482246399, -0.700425922870636, -0.6748664975166321, -0.6493070721626282, -0.6237476468086243, -0.5981882214546204, -0.5726287961006165, -0.5470693707466125, -0.5215099453926086, -0.49595052003860474, -0.47039106488227844, -0.44483163952827454, -0.41927221417427063, -0.3937127888202667, -0.3681533634662628, -0.3425939381122589, -0.317034512758255, -0.2914750576019287, -0.2659156322479248, -0.2403562068939209, -0.214796781539917, -0.18923741579055786, -0.16367799043655396, -0.13811856508255005, -0.11255912482738495, -0.08699969947338104, -0.06144027039408684, -0.03588084131479263, -0.010321412235498428, 0.015238016843795776, 0.04079744592308998, 0.06635687500238419, 0.09191630780696869, 0.1174757331609726, 0.1430351585149765, 0.1685945987701416, 0.1941540241241455, 0.21971344947814941, 0.24527287483215332, 0.2708323001861572, 0.29639172554016113, 0.32195115089416504, 0.34751060605049133, 0.37307003140449524, 0.39862945675849915, 0.42418888211250305, 0.44974830746650696, 0.47530773282051086, 0.5008671879768372, 0.5264266133308411, 0.551986038684845, 0.5775454640388489, 0.6031048893928528, 0.6286643147468567]}, "gradients/prompt_learner.global_ctx": {"_type": "histogram", "values": [1.0, 0.0, 0.0, 1.0, 0.0, 0.0, 0.0, 0.0, 0.0, 0.0, 0.0, 0.0, 0.0, 0.0, 0.0, 1.0, 0.0, 1.0, 1.0, 1.0, 0.0, 0.0, 1.0, 2.0, 7.0, 10.0, 10.0, 13.0, 33.0, 38.0, 48.0, 99.0, 175.0, 203.0, 290.0, 428.0, 560.0, 773.0, 947.0, 1111.0, 967.0, 692.0, 527.0, 408.0, 266.0, 198.0, 114.0, 84.0, 60.0, 43.0, 21.0, 15.0, 12.0, 8.0, 5.0, 5.0, 3.0, 2.0, 0.0, 2.0, 4.0, 1.0, 0.0, 1.0], "bins": [-2.0142781734466553, -1.9631593227386475, -1.9120404720306396, -1.8609216213226318, -1.809802770614624, -1.7586839199066162, -1.7075650691986084, -1.6564462184906006, -1.6053273677825928, -1.5542083978652954, -1.5030895471572876, -1.4519706964492798, -1.400851845741272, -1.3497329950332642, -1.2986141443252563, -1.2474952936172485, -1.1963764429092407, -1.145257592201233, -1.094138741493225, -1.0430198907852173, -0.9919010400772095, -0.9407821297645569, -0.8896632790565491, -0.8385444283485413, -0.7874255776405334, -0.7363067269325256, -0.6851878762245178, -0.63406902551651, -0.5829501152038574, -0.5318312644958496, -0.4807124137878418, -0.429593563079834, -0.3784748315811157, -0.3273559808731079, -0.2762371301651001, -0.2251182496547699, -0.17399939894676208, -0.12288054078817368, -0.07176168262958527, -0.020642824470996857, 0.030476033687591553, 0.08159489184617996, 0.13271375000476837, 0.18383261561393738, 0.2349514663219452, 0.286070317029953, 0.3371891975402832, 0.388308048248291, 0.43942689895629883, 0.49054574966430664, 0.5416646003723145, 0.5927834510803223, 0.6439023017883301, 0.6950212121009827, 0.7461400628089905, 0.7972589135169983, 0.8483777642250061, 0.8994966149330139, 0.9506154656410217, 1.0017343759536743, 1.0528532266616821, 1.10397207736969, 1.1550909280776978, 1.2062097787857056, 1.2573286294937134]}, "gradients/prompt_learner.local_u_ctx": {"_type": "histogram", "values": [1.0, 0.0, 0.0, 0.0, 0.0, 0.0, 0.0, 0.0, 0.0, 0.0, 0.0, 0.0, 0.0, 0.0, 0.0, 0.0, 0.0, 0.0, 0.0, 0.0, 0.0, 0.0, 0.0, 0.0, 0.0, 1.0, 0.0, 0.0, 1.0, 0.0, 2.0, 0.0, 2.0, 1.0, 1.0, 1.0, 0.0, 0.0, 1.0, 0.0, 0.0, 1.0, 0.0, 0.0, 0.0, 0.0, 0.0, 1.0, 2.0, 0.0, 0.0, 0.0, 0.0, 0.0, 0.0, 0.0, 0.0, 0.0, 0.0, 0.0, 0.0, 0.0, 0.0, 1.0], "bins": [-0.46943199634552, -0.4544777274131775, -0.43952345848083496, -0.42456918954849243, -0.4096149206161499, -0.3946606516838074, -0.37970638275146484, -0.3647521138191223, -0.3497978448867798, -0.33484357595443726, -0.3198893070220947, -0.3049350380897522, -0.28998076915740967, -0.27502650022506714, -0.2600722312927246, -0.24511796236038208, -0.23016369342803955, -0.21520942449569702, -0.2002551555633545, -0.18530088663101196, -0.17034661769866943, -0.1553923487663269, -0.14043807983398438, -0.12548381090164185, -0.11052954196929932, -0.09557527303695679, -0.08062100410461426, -0.06566673517227173, -0.0507124662399292, -0.03575819730758667, -0.02080392837524414, -0.005849659442901611, 0.009104609489440918, 0.024058878421783447, 0.03901314735412598, 0.053967416286468506, 0.06892168521881104, 0.08387595415115356, 0.0988302230834961, 0.11378449201583862, 0.12873876094818115, 0.14369302988052368, 0.1586472988128662, 0.17360156774520874, 0.18855583667755127, 0.2035101056098938, 0.21846437454223633, 0.23341864347457886, 0.2483729124069214, 0.2633271813392639, 0.27828145027160645, 0.293235719203949, 0.3081899881362915, 0.32314425706863403, 0.33809852600097656, 0.3530527949333191, 0.3680070638656616, 0.38296133279800415, 0.3979156017303467, 0.4128698706626892, 0.42782413959503174, 0.44277840852737427, 0.4577326774597168, 0.4726869463920593, 0.48764121532440186]}, "gradients/prompt_learner.local_v_ctx": {"_type": "histogram", "values": [1.0, 0.0, 0.0, 2.0, 1.0, 1.0, 1.0, 2.0, 2.0, 0.0, 5.0, 3.0, 3.0, 3.0, 5.0, 4.0, 6.0, 8.0, 11.0, 8.0, 7.0, 13.0, 12.0, 7.0, 13.0, 20.0, 20.0, 23.0, 19.0, 20.0, 23.0, 16.0, 14.0, 23.0, 19.0, 27.0, 25.0, 17.0, 10.0, 10.0, 16.0, 13.0, 22.0, 9.0, 6.0, 6.0, 4.0, 5.0, 7.0, 3.0, 2.0, 7.0, 2.0, 3.0, 0.0, 0.0, 0.0, 1.0, 1.0, 0.0, 0.0, 0.0, 0.0, 1.0], "bins": [-0.5849754810333252, -0.5664622187614441, -0.5479488968849182, -0.5294356346130371, -0.510922372341156, -0.4924090802669525, -0.4738958179950714, -0.4553825259208679, -0.4368692636489868, -0.4183559715747833, -0.39984267950057983, -0.38132941722869873, -0.36281612515449524, -0.34430286288261414, -0.32578957080841064, -0.30727630853652954, -0.28876301646232605, -0.27024972438812256, -0.25173646211624146, -0.23322318494319916, -0.21470990777015686, -0.19619661569595337, -0.17768333852291107, -0.15917006134986877, -0.14065678417682648, -0.12214350700378418, -0.10363022983074188, -0.08511694520711899, -0.06660366803407669, -0.04809039086103439, -0.029577109962701797, -0.011063830927014351, 0.007449448108673096, 0.025962727144360542, 0.04447600618004799, 0.06298928707838058, 0.08150256425142288, 0.10001584142446518, 0.11852912604808807, 0.13704240322113037, 0.15555568039417267, 0.17406895756721497, 0.19258223474025726, 0.21109551191329956, 0.22960880398750305, 0.24812208116054535, 0.26663535833358765, 0.28514862060546875, 0.30366191267967224, 0.32217520475387573, 0.34068846702575684, 0.3592017590999603, 0.37771502137184143, 0.3962283134460449, 0.414741575717926, 0.4332548677921295, 0.451768159866333, 0.4702814221382141, 0.4887947142124176, 0.5073080062866211, 0.5258212685585022, 0.5443345308303833, 0.5628477931022644, 0.5813611149787903, 0.5998743772506714]}, "test/epoch": 30, "test/local_acc_avg": 88.14125418357585, "test/duration_sec": 130.3025062084198, "test/neighbor_acc_avg": 87.31529621870388, "summary/local_acc_max": 88.14125418357585, "summary/local_acc_mean": 85.04468774075397, "summary/neighbor_acc_max": 87.31529621870388, "summary/neighbor_acc_mean": 84.5571665263882, "_wandb": {"runtime": 967}}