{"train/epoch": 30, "train/avg_acc": 64.91071428571429, "train/duration_sec": 17.511723518371582, "_timestamp": 1763668017.3284895, "_runtime": 967.730628490448, "_step": 30, "gradients/prompt_learner.cluster_ctx": {"_type": "histogram", "values": [1.0, 0.0, 0.0, 0.0, 0.0, 0.0, 0.0, 0.0, 0.0, 0.0, 0.0, 0.0, 0.0, 0.0, 0.0, 0.0, 0.0, 0.0, 0.0, 0.0, 0.0, 1.0, 2.0, 2.0, 1.0, 4.0, 7.0, 9.0, 13.0, 32.0, 36.0, 55.0, 106.0, 123.0, 179.0, 244.0, 290.0, 422.0, 573.0, 706.0, 889.0, 867.0, 867.0, 716.0, 554.0, 409.0, 313.0, 239.0, 159.0, 116.0, 83.0, 57.0, 43.0, 27.0, 16.0, 8.0, 7.0, 7.0, 5.0, 2.0, 0.0, 0.0, 1.0, 1.0], "bins": [-0.7735320329666138, -0.7548758387565613, -0.7362196445465088, -0.7175635099411011, -0.6989073157310486, -0.6802511215209961, -0.6615949869155884, -0.6429387927055359, -0.6242825984954834, -0.6056264042854309, -0.5869702100753784, -0.5683140754699707, -0.5496578812599182, -0.5310016870498657, -0.512345552444458, -0.4936893582344055, -0.475033164024353, -0.45637696981430054, -0.43772080540657043, -0.41906464099884033, -0.40040844678878784, -0.38175225257873535, -0.36309608817100525, -0.34443992376327515, -0.32578372955322266, -0.30712753534317017, -0.28847137093544006, -0.26981520652770996, -0.25115901231765747, -0.23250283300876617, -0.21384665369987488, -0.19519047439098358, -0.17653435468673706, -0.15787817537784576, -0.13922199606895447, -0.12056581676006317, -0.10190963745117188, -0.08325345814228058, -0.06459727883338928, -0.045941099524497986, -0.02728492021560669, -0.008628740906715393, 0.010027438402175903, 0.0286836177110672, 0.047339797019958496, 0.06599597632884979, 0.08465215563774109, 0.10330833494663239, 0.12196451425552368, 0.14062069356441498, 0.15927687287330627, 0.17793305218219757, 0.19658923149108887, 0.21524541079998016, 0.23390159010887146, 0.25255775451660156, 0.27121394872665405, 0.28987014293670654, 0.30852630734443665, 0.32718247175216675, 0.34583866596221924, 0.36449486017227173, 0.38315102458000183, 0.40180718898773193, 0.4204633831977844]}, "gradients/prompt_learner.global_ctx": {"_type": "histogram", "values": [1.0, 0.0, 0.0, 0.0, 0.0, 0.0, 0.0, 0.0, 0.0, 0.0, 0.0, 0.0, 0.0, 0.0, 0.0, 0.0, 0.0, 0.0, 0.0, 0.0, 0.0, 1.0, 2.0, 2.0, 1.0, 4.0, 7.0, 9.0, 13.0, 32.0, 36.0, 55.0, 106.0, 123.0, 179.0, 244.0, 290.0, 422.0, 573.0, 706.0, 889.0, 867.0, 867.0, 716.0, 554.0, 409.0, 313.0, 239.0, 159.0, 116.0, 83.0, 57.0, 43.0, 27.0, 16.0, 8.0, 7.0, 7.0, 5.0, 2.0, 0.0, 0.0, 1.0, 1.0], "bins": [-1.5470640659332275, -1.5097516775131226, -1.4724392890930176, -1.4351270198822021, -1.3978146314620972, -1.3605022430419922, -1.3231899738311768, -1.2858775854110718, -1.2485651969909668, -1.2112528085708618, -1.1739404201507568, -1.1366281509399414, -1.0993157625198364, -1.0620033740997314, -1.024691104888916, -0.987378716468811, -0.950066328048706, -0.9127539396286011, -0.8754416108131409, -0.8381292819976807, -0.8008168935775757, -0.7635045051574707, -0.7261921763420105, -0.6888798475265503, -0.6515674591064453, -0.6142550706863403, -0.5769427418708801, -0.5396304130554199, -0.5023180246353149, -0.46500566601753235, -0.42769330739974976, -0.39038094878196716, -0.3530687093734741, -0.31575635075569153, -0.27844399213790894, -0.24113163352012634, -0.20381927490234375, -0.16650691628456116, -0.12919455766677856, -0.09188219904899597, -0.05456984043121338, -0.017257481813430786, 0.020054876804351807, 0.0573672354221344, 0.09467959403991699, 0.13199195265769958, 0.16930431127548218, 0.20661666989326477, 0.24392902851104736, 0.28124138712882996, 0.31855374574661255, 0.35586610436439514, 0.39317846298217773, 0.4304908215999603, 0.4678031802177429, 0.5051155090332031, 0.5424278974533081, 0.5797402858734131, 0.6170526146888733, 0.6543649435043335, 0.6916773319244385, 0.7289897203445435, 0.7663020491600037, 0.8036143779754639, 0.8409267663955688]}, "gradients/prompt_learner.local_u_ctx": {"_type": "histogram", "values": [1.0, 0.0, 0.0, 0.0, 0.0, 0.0, 0.0, 0.0, 0.0, 0.0, 0.0, 0.0, 0.0, 0.0, 1.0, 0.0, 0.0, 0.0, 0.0, 1.0, 0.0, 1.0, 0.0, 0.0, 0.0, 1.0, 0.0, 1.0, 0.0, 0.0, 1.0, 0.0, 0.0, 0.0, 0.0, 0.0, 2.0, 1.0, 0.0, 0.0, 0.0, 1.0, 0.0, 1.0, 0.0, 0.0, 0.0, 1.0, 0.0, 0.0, 1.0, 0.0, 0.0, 0.0, 0.0, 0.0, 0.0, 0.0, 0.0, 0.0, 0.0, 0.0, 1.0, 1.0], "bins": [-0.26833605766296387, -0.25984448194503784, -0.25135287642478943, -0.2428612858057022, -0.234369695186615, -0.22587810456752777, -0.21738651394844055, -0.20889492332935333, -0.2004033327102661, -0.1919117569923401, -0.18342016637325287, -0.17492857575416565, -0.16643698513507843, -0.1579453945159912, -0.149453803896904, -0.14096221327781677, -0.13247062265872955, -0.12397903203964233, -0.11548744142055511, -0.1069958508014679, -0.09850426018238068, -0.09001267701387405, -0.08152108639478683, -0.07302949577569962, -0.0645379051566124, -0.05604631453752518, -0.04755472391843796, -0.03906313702464104, -0.030571546405553818, -0.0220799557864666, -0.013588367030024529, -0.005096777342259884, 0.0033948123455047607, 0.011886402033269405, 0.02037799172103405, 0.02886958047747612, 0.03736117109656334, 0.04585276171565056, 0.05434434860944748, 0.0628359392285347, 0.07132752984762192, 0.07981912046670914, 0.08831071108579636, 0.09680230170488358, 0.1052938848733902, 0.11378547549247742, 0.12227706611156464, 0.13076865673065186, 0.13926024734973907, 0.1477518379688263, 0.1562434285879135, 0.16473501920700073, 0.17322660982608795, 0.18171820044517517, 0.1902097910642624, 0.1987013816833496, 0.20719295740127563, 0.21568454802036285, 0.22417613863945007, 0.2326677292585373, 0.2411593198776245, 0.24965091049671173, 0.25814250111579895, 0.26663410663604736, 0.2751256823539734]}, "gradients/prompt_learner.local_v_ctx": {"_type": "histogram", "values": [4.0, 0.0, 1.0, 1.0, 3.0, 2.0, 2.0, 2.0, 4.0, 4.0, 5.0, 2.0, 5.0, 8.0, 7.0, 10.0, 6.0, 9.0, 15.0, 13.0, 18.0, 17.0, 21.0, 17.0, 27.0, 20.0, 20.0, 15.0, 19.0, 16.0, 13.0, 23.0, 18.0, 24.0, 25.0, 17.0, 13.0, 9.0, 10.0, 13.0, 14.0, 7.0, 9.0, 5.0, 2.0, 5.0, 4.0, 0.0, 1.0, 2.0, 2.0, 1.0, 0.0, 0.0, 0.0, 0.0, 0.0, 0.0, 1.0, 0.0, 0.0, 0.0, 0.0, 1.0], "bins": [-0.42927059531211853, -0.413820743560791, -0.3983708918094635, -0.3829210698604584, -0.36747121810913086, -0.35202136635780334, -0.33657151460647583, -0.3211216628551483, -0.3056718111038208, -0.2902219891548157, -0.27477213740348816, -0.25932228565216064, -0.24387243390083313, -0.2284225970506668, -0.2129727452993393, -0.19752290844917297, -0.18207305669784546, -0.16662320494651794, -0.15117336809635162, -0.1357235163450241, -0.12027367204427719, -0.10482382774353027, -0.08937397599220276, -0.07392413169145584, -0.05847428739070892, -0.043024443089962006, -0.02757459506392479, -0.012124748900532722, 0.0033250972628593445, 0.01877494342625141, 0.03422478958964348, 0.049674637615680695, 0.06512451171875, 0.08057435601949692, 0.09602420032024384, 0.11147405207157135, 0.12692388892173767, 0.14237374067306519, 0.1578235924243927, 0.17327342927455902, 0.18872328102588654, 0.20417313277721405, 0.21962296962738037, 0.23507282137870789, 0.2505226731300354, 0.2659725248813629, 0.28142234683036804, 0.29687219858169556, 0.31232205033302307, 0.3277719020843506, 0.3432217538356781, 0.3586715757846832, 0.37412142753601074, 0.38957127928733826, 0.40502113103866577, 0.4204709827899933, 0.4359208345413208, 0.4513706564903259, 0.46682050824165344, 0.48227035999298096, 0.49772021174430847, 0.513170063495636, 0.5286198854446411, 0.544069766998291, 0.5595195889472961]}, "test/epoch": 30, "test/local_acc_avg": 77.1640742923659, "test/duration_sec": 132.35226249694824, "test/neighbor_acc_avg": 74.75682177636082, "summary/local_acc_max": 77.29654445976061, "summary/local_acc_mean": 76.3457567609048, "summary/neighbor_acc_max": 77.908747119619, "summary/neighbor_acc_mean": 76.11430624132221, "_wandb": {"runtime": 966}}