{"train/epoch": 30, "train/avg_acc": 66.16071428571429, "train/duration_sec": 17.760967016220093, "_timestamp": 1763661753.7653518, "_runtime": 967.8898227214813, "_step": 30, "gradients/prompt_learner.global_ctx": {"_type": "histogram", "values": [1.0, 0.0, 0.0, 1.0, 0.0, 0.0, 1.0, 0.0, 0.0, 0.0, 1.0, 3.0, 1.0, 0.0, 3.0, 3.0, 5.0, 1.0, 3.0, 7.0, 13.0, 16.0, 21.0, 33.0, 46.0, 65.0, 90.0, 120.0, 150.0, 239.0, 292.0, 339.0, 461.0, 536.0, 569.0, 633.0, 648.0, 650.0, 584.0, 510.0, 510.0, 389.0, 325.0, 247.0, 198.0, 146.0, 85.0, 78.0, 51.0, 26.0, 33.0, 17.0, 9.0, 12.0, 10.0, 4.0, 2.0, 1.0, 0.0, 1.0, 1.0, 0.0, 1.0, 1.0], "bins": [-2.549586296081543, -2.48006010055542, -2.4105336666107178, -2.3410074710845947, -2.2714810371398926, -2.2019548416137695, -2.1324286460876465, -2.0629022121429443, -1.9933760166168213, -1.9238497018814087, -1.854323387145996, -1.784797191619873, -1.7152708768844604, -1.6457445621490479, -1.5762183666229248, -1.5066920518875122, -1.4371657371520996, -1.367639422416687, -1.2981131076812744, -1.2285869121551514, -1.1590605974197388, -1.0895342826843262, -1.0200080871582031, -0.9504817724227905, -0.8809554576873779, -0.8114291429519653, -0.7419028878211975, -0.6723766326904297, -0.6028503179550171, -0.5333240032196045, -0.46379774808883667, -0.39427146315574646, -0.32474541664123535, -0.25521913170814514, -0.18569284677505493, -0.11616656184196472, -0.04664027690887451, 0.022886008024215698, 0.09241229295730591, 0.16193857789039612, 0.23146486282348633, 0.30099114775657654, 0.37051743268966675, 0.44004371762275696, 0.5095700025558472, 0.5790963172912598, 0.6486225724220276, 0.7181488275527954, 0.787675142288208, 0.8572014570236206, 0.9267277121543884, 0.9962539672851562, 1.0657802820205688, 1.1353065967559814, 1.2048327922821045, 1.274359107017517, 1.3438854217529297, 1.4134117364883423, 1.4829380512237549, 1.552464246749878, 1.6219905614852905, 1.6915168762207031, 1.7610430717468262, 1.8305693864822388, 1.9000957012176514]}, "gradients/prompt_learner.local_u_ctx": {"_type": "histogram", "values": [2.0, 0.0, 0.0, 3.0, 0.0, 0.0, 1.0, 1.0, 0.0, 2.0, 0.0, 0.0, 1.0, 3.0, 0.0, 1.0, 1.0, 1.0, 2.0, 3.0, 6.0, 1.0, 6.0, 5.0, 2.0, 5.0, 4.0, 6.0, 5.0, 3.0, 7.0, 2.0, 5.0, 5.0, 6.0, 4.0, 2.0, 8.0, 1.0, 1.0, 2.0, 2.0, 3.0, 1.0, 1.0, 0.0, 1.0, 1.0, 2.0, 1.0, 1.0, 2.0, 2.0, 0.0, 0.0, 1.0, 0.0, 1.0, 0.0, 0.0, 1.0, 0.0, 0.0, 1.0], "bins": [-0.9758175611495972, -0.9456259608268738, -0.9154343605041504, -0.885242760181427, -0.8550511598587036, -0.8248594999313354, -0.7946678996086121, -0.7644762992858887, -0.7342846989631653, -0.7040930986404419, -0.6739014983177185, -0.6437098979949951, -0.613518238067627, -0.5833266377449036, -0.5531350374221802, -0.5229434370994568, -0.4927518367767334, -0.46256023645401, -0.4323686361312866, -0.40217700600624084, -0.37198540568351746, -0.34179380536079407, -0.3116021752357483, -0.2814105749130249, -0.2512189745903015, -0.22102737426757812, -0.19083575904369354, -0.16064414381980896, -0.13045254349708557, -0.10026093572378159, -0.0700693279504776, -0.039877720177173615, -0.009686172008514404, 0.02050543576478958, 0.05069704353809357, 0.08088865131139755, 0.11108025908470154, 0.14127185940742493, 0.1714634746313095, 0.2016550898551941, 0.23184669017791748, 0.26203829050064087, 0.29222989082336426, 0.32242152094841003, 0.3526131212711334, 0.3828047215938568, 0.4129963517189026, 0.443187952041626, 0.47337955236434937, 0.5035711526870728, 0.5337627530097961, 0.5639543533325195, 0.5941460132598877, 0.6243376135826111, 0.6545292139053345, 0.6847208142280579, 0.7149124145507812, 0.7451040148735046, 0.775295615196228, 0.8054872155189514, 0.8356788158416748, 0.865870475769043, 0.8960620760917664, 0.9262536764144897, 0.9564452767372131]}, "gradients/prompt_learner.local_v_ctx": {"_type": "histogram", "values": [1.0, 0.0, 0.0, 0.0, 0.0, 0.0, 0.0, 1.0, 1.0, 0.0, 0.0, 0.0, 0.0, 1.0, 2.0, 4.0, 7.0, 9.0, 14.0, 27.0, 34.0, 56.0, 103.0, 134.0, 179.0, 213.0, 269.0, 349.0, 382.0, 373.0, 375.0, 348.0, 330.0, 239.0, 198.0, 158.0, 94.0, 74.0, 49.0, 25.0, 24.0, 10.0, 4.0, 2.0, 3.0, 1.0, 2.0, 0.0, 0.0, 0.0, 0.0, 0.0, 0.0, 0.0, 0.0, 0.0, 0.0, 0.0, 0.0, 0.0, 0.0, 0.0, 0.0, 1.0], "bins": [-2.70552659034729, -2.6144092082977295, -2.52329158782959, -2.4321742057800293, -2.3410565853118896, -2.249939203262329, -2.1588215827941895, -2.067704200744629, -1.9765866994857788, -1.8854691982269287, -1.7943516969680786, -1.7032341957092285, -1.612116813659668, -1.5209993124008179, -1.4298818111419678, -1.3387643098831177, -1.2476468086242676, -1.1565293073654175, -1.0654118061065674, -0.9742943644523621, -0.883176863193512, -0.7920593619346619, -0.7009419202804565, -0.6098244190216064, -0.5187069177627563, -0.42758941650390625, -0.33647194504737854, -0.24535445868968964, -0.15423697233200073, -0.06311948597431183, 0.027998000383377075, 0.11911548674106598, 0.21023321151733398, 0.3013507127761841, 0.3924681842327118, 0.4835856556892395, 0.5747031569480896, 0.6658206582069397, 0.756938099861145, 0.8480556011199951, 0.9391731023788452, 1.0302906036376953, 1.1214081048965454, 1.2125256061553955, 1.303642988204956, 1.3947604894638062, 1.4858779907226562, 1.5769954919815063, 1.6681129932403564, 1.7592304944992065, 1.8503479957580566, 1.9414654970169067, 2.032582998275757, 2.1237003803253174, 2.214818000793457, 2.3059353828430176, 2.397052764892578, 2.4881703853607178, 2.5792877674102783, 2.670405387878418, 2.7615227699279785, 2.852640390396118, 2.9437577724456787, 3.0348753929138184, 3.125992774963379]}, "test/epoch": 30, "test/local_acc_avg": 80.30386790561907, "test/duration_sec": 141.05949449539185, "test/neighbor_acc_avg": 77.98088876263947, "summary/local_acc_max": 80.30386790561907, "summary/local_acc_mean": 73.02750802410725, "summary/neighbor_acc_max": 77.98088876263947, "summary/neighbor_acc_mean": 72.17926930243816, "_wandb": {"runtime": 984}}