{"train/epoch": 30, "train/avg_acc": 60.3125, "train/duration_sec": 5.358762264251709, "_timestamp": 1763685363.5527842, "_runtime": 1147.9729862213135, "_step": 30, "gradients/prompt_learner.global_ctx": {"_type": "histogram", "values": [1.0, 0.0, 0.0, 0.0, 0.0, 0.0, 0.0, 0.0, 1.0, 0.0, 4.0, 4.0, 8.0, 8.0, 17.0, 15.0, 17.0, 18.0, 39.0, 66.0, 73.0, 92.0, 116.0, 166.0, 162.0, 247.0, 228.0, 354.0, 421.0, 420.0, 478.0, 480.0, 560.0, 528.0, 524.0, 471.0, 435.0, 407.0, 362.0, 287.0, 262.0, 176.0, 177.0, 126.0, 121.0, 95.0, 65.0, 42.0, 25.0, 30.0, 26.0, 7.0, 12.0, 1.0, 6.0, 2.0, 2.0, 3.0, 1.0, 1.0, 1.0, 0.0, 1.0, 1.0], "bins": [-0.6714248657226562, -0.6512287259101868, -0.6310325860977173, -0.6108364462852478, -0.5906403064727783, -0.5704441666603088, -0.5502479672431946, -0.5300518274307251, -0.5098556876182556, -0.48965954780578613, -0.46946340799331665, -0.44926726818084717, -0.4290711283683777, -0.4088749885559082, -0.38867881894111633, -0.36848267912864685, -0.34828653931617737, -0.3280903995037079, -0.3078942596912384, -0.28769809007644653, -0.26750195026397705, -0.24730581045150757, -0.22710967063903809, -0.2069135159254074, -0.18671737611293793, -0.16652123630046844, -0.14632508158683777, -0.1261289417743683, -0.1059327945113182, -0.08573664724826813, -0.06554050743579865, -0.045344360172748566, -0.025148212909698486, -0.004952067509293556, 0.015244077891111374, 0.035440221428871155, 0.055636368691921234, 0.07583251595497131, 0.0960286557674408, 0.11622480303049088, 0.13642095029354095, 0.15661709010601044, 0.1768132448196411, 0.1970093846321106, 0.21720552444458008, 0.23740167915821075, 0.25759783387184143, 0.2777939736843109, 0.2979901134967804, 0.3181862533092499, 0.33838239312171936, 0.35857856273651123, 0.3787747025489807, 0.3989708423614502, 0.4191669821739197, 0.43936312198638916, 0.45955926179885864, 0.4797554314136505, 0.49995157122612, 0.5201477408409119, 0.5403438806533813, 0.5605400204658508, 0.5807361602783203, 0.6009323000907898, 0.6211284399032593]}, "gradients/prompt_learner.local_u_ctx": {"_type": "histogram", "values": [1.0, 1.0, 0.0, 0.0, 0.0, 0.0, 0.0, 0.0, 0.0, 0.0, 0.0, 0.0, 0.0, 0.0, 4.0, 2.0, 4.0, 2.0, 8.0, 4.0, 2.0, 3.0, 4.0, 6.0, 5.0, 7.0, 8.0, 11.0, 8.0, 15.0, 6.0, 7.0, 9.0, 9.0, 7.0, 6.0, 14.0, 3.0, 5.0, 9.0, 9.0, 8.0, 5.0, 12.0, 7.0, 3.0, 9.0, 1.0, 3.0, 3.0, 4.0, 4.0, 2.0, 2.0, 0.0, 4.0, 1.0, 2.0, 1.0, 1.0, 1.0, 2.0, 1.0, 1.0], "bins": [-0.4383160471916199, -0.4258367717266083, -0.4133574962615967, -0.4008782207965851, -0.3883989453315735, -0.3759196400642395, -0.3634403645992279, -0.3509610891342163, -0.3384818136692047, -0.3260025382041931, -0.3135232627391815, -0.3010439872741699, -0.28856468200683594, -0.27608540654182434, -0.26360613107681274, -0.25112685561180115, -0.23864758014678955, -0.22616830468177795, -0.21368902921676636, -0.20120973885059357, -0.18873046338558197, -0.17625118792057037, -0.16377189755439758, -0.151292622089386, -0.1388133466243744, -0.1263340711593628, -0.1138547882437706, -0.1013755053281784, -0.08889622986316681, -0.07641695439815521, -0.06393767148256302, -0.051458392292261124, -0.03897908329963684, -0.026499804109334946, -0.01402052491903305, -0.0015412457287311554, 0.01093803346157074, 0.023417312651872635, 0.03589659184217453, 0.048375871032476425, 0.06085515022277832, 0.07333442568778992, 0.08581370860338211, 0.0982929915189743, 0.1107722669839859, 0.1232515424489975, 0.1357308328151703, 0.14821010828018188, 0.16068938374519348, 0.17316865921020508, 0.18564793467521667, 0.19812722504138947, 0.21060650050640106, 0.22308577597141266, 0.23556506633758545, 0.24804434180259705, 0.26052361726760864, 0.27300289273262024, 0.28548216819763184, 0.29796144366264343, 0.31044071912765503, 0.322920024394989, 0.3353992998600006, 0.3478785753250122, 0.3603578507900238]}, "gradients/prompt_learner.local_v_ctx": {"_type": "histogram", "values": [1.0, 0.0, 0.0, 0.0, 1.0, 0.0, 0.0, 0.0, 0.0, 0.0, 0.0, 1.0, 0.0, 2.0, 0.0, 3.0, 3.0, 5.0, 6.0, 10.0, 10.0, 19.0, 33.0, 43.0, 48.0, 72.0, 86.0, 121.0, 157.0, 182.0, 275.0, 254.0, 333.0, 359.0, 400.0, 465.0, 422.0, 487.0, 477.0, 494.0, 470.0, 456.0, 387.0, 353.0, 336.0, 315.0, 233.0, 201.0, 168.0, 129.0, 121.0, 76.0, 54.0, 32.0, 29.0, 22.0, 12.0, 10.0, 5.0, 2.0, 4.0, 4.0, 1.0, 3.0], "bins": [-0.7574653625488281, -0.7378393411636353, -0.7182133197784424, -0.6985872983932495, -0.6789612770080566, -0.6593352556228638, -0.6397092938423157, -0.6200832724571228, -0.6004572510719299, -0.5808312296867371, -0.5612052083015442, -0.5415791869163513, -0.5219531655311584, -0.5023271441459656, -0.4827011525630951, -0.4630751311779022, -0.44344910979270935, -0.4238230884075165, -0.4041970670223236, -0.3845710754394531, -0.36494505405426025, -0.3453190326690674, -0.3256930112838745, -0.30606698989868164, -0.28644096851348877, -0.2668149769306183, -0.24718895554542542, -0.22756293416023254, -0.20793691277503967, -0.188310906291008, -0.16868488490581512, -0.14905887842178345, -0.1294328272342682, -0.10980681329965591, -0.09018079936504364, -0.07055477797985077, -0.050928764045238495, -0.03130275011062622, -0.011676732450723648, 0.007949283346533775, 0.0275752991437912, 0.04720131307840347, 0.06682732701301575, 0.08645334839820862, 0.10607936233282089, 0.12570537626743317, 0.14533139765262604, 0.16495740413665771, 0.18458342552185059, 0.20420944690704346, 0.22383545339107513, 0.243461474776268, 0.2630874812602997, 0.28271350264549255, 0.3023395240306854, 0.3219655454158783, 0.3415915369987488, 0.36121755838394165, 0.3808435797691345, 0.4004696011543274, 0.42009562253952026, 0.43972164392471313, 0.4593476355075836, 0.4789736568927765, 0.49859967827796936]}, "test/epoch": 30, "test/local_acc_avg": 81.07206125645526, "test/duration_sec": 322.7745382785797, "test/neighbor_acc_avg": 77.6487204840947, "summary/local_acc_max": 81.07206125645526, "summary/local_acc_mean": 75.2418491649867, "summary/neighbor_acc_max": 77.6487204840947, "summary/neighbor_acc_mean": 72.5944572621673, "_wandb": {"runtime": 1147}}