{"train/epoch": 30, "train/avg_acc": 58.59375, "train/duration_sec": 5.21257472038269, "_timestamp": 1763687651.838347, "_runtime": 1138.259360074997, "_step": 30, "gradients/prompt_learner.cluster_ctx": {"_type": "histogram", "values": [1.0, 0.0, 0.0, 0.0, 0.0, 0.0, 0.0, 0.0, 0.0, 0.0, 0.0, 0.0, 0.0, 0.0, 0.0, 0.0, 0.0, 0.0, 0.0, 0.0, 0.0, 0.0, 0.0, 0.0, 0.0, 0.0, 0.0, 0.0, 0.0, 0.0, 0.0, 0.0, 0.0, 0.0, 0.0, 0.0, 0.0, 0.0, 0.0, 0.0, 1.0, 0.0, 0.0, 0.0, 0.0, 0.0, 0.0, 0.0, 0.0, 0.0, 0.0, 0.0, 1.0, 1.0, 6.0, 24.0, 101.0, 676.0, 6859.0, 398.0, 93.0, 24.0, 5.0, 2.0], "bins": [-5.815374851226807, -5.715822219848633, -5.616269111633301, -5.516716480255127, -5.417163848876953, -5.317611217498779, -5.218058109283447, -5.118505477905273, -5.0189528465271, -4.919400215148926, -4.819847106933594, -4.72029447555542, -4.620741844177246, -4.521189212799072, -4.42163610458374, -4.322083473205566, -4.222530841827393, -4.1229777336120605, -4.023425102233887, -3.923872470855713, -3.82431960105896, -3.724766969680786, -3.625214099884033, -3.5256614685058594, -3.4261085987091064, -3.3265559673309326, -3.2270030975341797, -3.127450466156006, -3.027897596359253, -2.928344964981079, -2.828792095184326, -2.7292394638061523, -2.6296868324279785, -2.5301339626312256, -2.4305810928344727, -2.331028461456299, -2.231475591659546, -2.131922960281372, -2.032370090484619, -1.9328174591064453, -1.8332645893096924, -1.733711838722229, -1.6341590881347656, -1.5346063375473022, -1.4350535869598389, -1.3355008363723755, -1.235948085784912, -1.1363953351974487, -1.0368425846099854, -0.937289834022522, -0.8377370834350586, -0.7381843328475952, -0.6386315822601318, -0.5390787720680237, -0.4395260214805603, -0.3399732708930969, -0.24042052030563354, -0.14086776971817017, -0.04131500422954559, 0.05823775380849838, 0.15779051184654236, 0.25734326243400574, 0.3568960428237915, 0.4564487934112549, 0.5560015439987183]}, "gradients/prompt_learner.global_ctx": {"_type": "histogram", "values": [1.0, 0.0, 0.0, 0.0, 0.0, 0.0, 0.0, 0.0, 0.0, 0.0, 0.0, 0.0, 0.0, 0.0, 0.0, 0.0, 0.0, 0.0, 0.0, 0.0, 0.0, 0.0, 0.0, 0.0, 0.0, 0.0, 0.0, 0.0, 0.0, 0.0, 0.0, 0.0, 0.0, 0.0, 0.0, 0.0, 0.0, 0.0, 0.0, 0.0, 1.0, 0.0, 0.0, 0.0, 0.0, 0.0, 0.0, 0.0, 0.0, 0.0, 0.0, 0.0, 1.0, 1.0, 6.0, 24.0, 101.0, 676.0, 6859.0, 398.0, 93.0, 24.0, 5.0, 2.0], "bins": [-11.630749702453613, -11.431644439697266, -11.232538223266602, -11.033432960510254, -10.834327697753906, -10.635222434997559, -10.436116218566895, -10.237010955810547, -10.0379056930542, -9.838800430297852, -9.639694213867188, -9.44058895111084, -9.241483688354492, -9.042378425598145, -8.84327220916748, -8.644166946411133, -8.445061683654785, -8.245955467224121, -8.046850204467773, -7.847744941711426, -7.64863920211792, -7.449533939361572, -7.250428199768066, -7.051322937011719, -6.852217197418213, -6.653111934661865, -6.454006195068359, -6.254900932312012, -6.055795192718506, -5.856689929962158, -5.657584190368652, -5.458478927612305, -5.259373664855957, -5.060267925262451, -4.861162185668945, -4.662056922912598, -4.462951183319092, -4.263845920562744, -4.064740180969238, -3.8656349182128906, -3.6665291786193848, -3.467423677444458, -3.2683181762695312, -3.0692126750946045, -2.8701071739196777, -2.671001672744751, -2.471896171569824, -2.2727906703948975, -2.0736851692199707, -1.874579668045044, -1.6754741668701172, -1.4763686656951904, -1.2772631645202637, -1.0781575441360474, -0.8790520429611206, -0.6799465417861938, -0.4808410406112671, -0.28173553943634033, -0.08263000845909119, 0.11647550761699677, 0.3155810236930847, 0.5146865248680115, 0.713792085647583, 0.9128975868225098, 1.1120030879974365]}, "gradients/prompt_learner.local_u_ctx": {"_type": "histogram", "values": [1.0, 0.0, 0.0, 0.0, 0.0, 0.0, 0.0, 1.0, 0.0, 0.0, 0.0, 1.0, 0.0, 1.0, 0.0, 0.0, 1.0, 0.0, 0.0, 0.0, 2.0, 1.0, 0.0, 1.0, 0.0, 0.0, 1.0, 1.0, 0.0, 3.0, 5.0, 8.0, 22.0, 28.0, 46.0, 45.0, 34.0, 19.0, 13.0, 7.0, 3.0, 1.0, 0.0, 1.0, 1.0, 4.0, 2.0, 0.0, 0.0, 0.0, 1.0, 0.0, 0.0, 0.0, 0.0, 1.0, 0.0, 0.0, 0.0, 0.0, 0.0, 0.0, 0.0, 1.0], "bins": [-0.9027167558670044, -0.8773239254951477, -0.8519310355186462, -0.8265382051467896, -0.8011453151702881, -0.7757524847984314, -0.7503595948219299, -0.7249667644500732, -0.6995738744735718, -0.6741810441017151, -0.6487882137298584, -0.6233953237533569, -0.5980024933815002, -0.5726096034049988, -0.5472167730331421, -0.5218238830566406, -0.49643105268478394, -0.47103819251060486, -0.4456453323364258, -0.4202524721622467, -0.3948596119880676, -0.36946678161621094, -0.34407392144203186, -0.3186810612678528, -0.2932882010936737, -0.26789534091949463, -0.24250248074531555, -0.21710963547229767, -0.1917167752981186, -0.16632391512393951, -0.14093106985092163, -0.11553820967674255, -0.0901452898979187, -0.06475242972373962, -0.039359577000141144, -0.013966720551252365, 0.011426135897636414, 0.03681899234652519, 0.06221184879541397, 0.08760470151901245, 0.11299756169319153, 0.1383904218673706, 0.16378328204154968, 0.18917612731456757, 0.21456898748874664, 0.23996184766292572, 0.2653546929359436, 0.2907475531101227, 0.31614041328430176, 0.34153327345848083, 0.3669261336326599, 0.392318993806839, 0.41771185398101807, 0.44310468435287476, 0.46849754452705383, 0.4938904047012329, 0.5192832946777344, 0.5446761250495911, 0.5700689554214478, 0.5954618453979492, 0.6208546757698059, 0.6462475657463074, 0.6716403961181641, 0.6970332860946655, 0.7224261164665222]}, "gradients/prompt_learner.local_v_ctx": {"_type": "histogram", "values": [1.0, 0.0, 0.0, 0.0, 0.0, 0.0, 0.0, 0.0, 1.0, 0.0, 0.0, 0.0, 0.0, 0.0, 0.0, 0.0, 0.0, 1.0, 0.0, 1.0, 0.0, 0.0, 1.0, 1.0, 0.0, 1.0, 0.0, 0.0, 0.0, 12.0, 75.0, 935.0, 5350.0, 1652.0, 137.0, 15.0, 1.0, 0.0, 2.0, 0.0, 1.0, 1.0, 0.0, 0.0, 1.0, 0.0, 0.0, 0.0, 1.0, 0.0, 0.0, 0.0, 0.0, 0.0, 0.0, 0.0, 0.0, 0.0, 1.0, 0.0, 0.0, 0.0, 0.0, 1.0], "bins": [-5.853705883026123, -5.674166202545166, -5.494626522064209, -5.315086841583252, -5.135547161102295, -4.956007480621338, -4.776467800140381, -4.596928119659424, -4.417388439178467, -4.23784875869751, -4.058309078216553, -3.8787691593170166, -3.6992294788360596, -3.5196897983551025, -3.3401501178741455, -3.1606104373931885, -2.9810707569122314, -2.8015310764312744, -2.6219913959503174, -2.4424517154693604, -2.2629120349884033, -2.0833723545074463, -1.9038325548171997, -1.7242928743362427, -1.5447531938552856, -1.3652135133743286, -1.1856738328933716, -1.0061341524124146, -0.8265944123268127, -0.6470547318458557, -0.4675150215625763, -0.2879753112792969, -0.10843563079833984, 0.07110406458377838, 0.2506437599658966, 0.430183470249176, 0.6097231507301331, 0.7892628312110901, 0.9688025712966919, 1.148342251777649, 1.327881932258606, 1.507421612739563, 1.68696129322052, 1.866500973701477, 2.0460407733917236, 2.2255804538726807, 2.4051201343536377, 2.5846598148345947, 2.7641994953155518, 2.943739175796509, 3.123278856277466, 3.302818536758423, 3.48235821723938, 3.661897897720337, 3.841437578201294, 4.02097749710083, 4.200517177581787, 4.380056858062744, 4.559596538543701, 4.739136219024658, 4.918675899505615, 5.098215579986572, 5.277755260467529, 5.457294940948486, 5.636834621429443]}, "test/epoch": 30, "test/local_acc_avg": 64.42907677415909, "test/duration_sec": 325.3682224750519, "test/neighbor_acc_avg": 65.51478231428406, "summary/local_acc_max": 78.47162595988056, "summary/local_acc_mean": 68.99910660238744, "summary/neighbor_acc_max": 72.15248805211726, "summary/neighbor_acc_mean": 67.41483507190776, "_wandb": {"runtime": 1137}}