{"train/epoch": 30, "train/avg_acc": 65.98214285714286, "train/duration_sec": 19.507980823516846, "_timestamp": 1763669928.129621, "_runtime": 977.1616299152374, "_step": 30, "gradients/prompt_learner.cluster_ctx": {"_type": "histogram", "values": [1.0, 0.0, 0.0, 0.0, 0.0, 0.0, 0.0, 0.0, 0.0, 0.0, 0.0, 0.0, 0.0, 0.0, 0.0, 0.0, 0.0, 0.0, 1.0, 1.0, 0.0, 1.0, 3.0, 3.0, 7.0, 13.0, 10.0, 20.0, 32.0, 39.0, 47.0, 84.0, 124.0, 174.0, 247.0, 280.0, 390.0, 477.0, 626.0, 708.0, 751.0, 765.0, 732.0, 667.0, 531.0, 387.0, 293.0, 216.0, 154.0, 111.0, 106.0, 59.0, 36.0, 36.0, 22.0, 9.0, 8.0, 10.0, 4.0, 2.0, 0.0, 3.0, 0.0, 2.0], "bins": [-0.7797417640686035, -0.7607401609420776, -0.7417386174201965, -0.7227370142936707, -0.7037354111671448, -0.6847338080406189, -0.6657322645187378, -0.6467306613922119, -0.627729058265686, -0.6087275147438049, -0.589725911617279, -0.5707243084907532, -0.5517227053642273, -0.5327211618423462, -0.5137195587158203, -0.49471795558929443, -0.47571638226509094, -0.45671480894088745, -0.4377132058143616, -0.4187116324901581, -0.3997100293636322, -0.3807084560394287, -0.36170685291290283, -0.34270527958869934, -0.32370370626449585, -0.30470210313796997, -0.2857005298137665, -0.2666989266872406, -0.2476973533630371, -0.22869576513767242, -0.20969417691230774, -0.19069258868694305, -0.17169103026390076, -0.15268944203853607, -0.1336878538131714, -0.1146862730383873, -0.09568468481302261, -0.07668309658765793, -0.05768151208758354, -0.038679927587509155, -0.01967833936214447, -0.0006767529994249344, 0.0183248333632946, 0.03732641786336899, 0.05632800608873367, 0.07532959431409836, 0.09433117508888245, 0.11333276331424713, 0.13233435153961182, 0.1513359397649765, 0.1703375279903412, 0.18933911621570587, 0.20834070444107056, 0.22734227776527405, 0.24634386599063873, 0.2653454542160034, 0.2843470573425293, 0.3033486306667328, 0.3223502039909363, 0.34135180711746216, 0.36035338044166565, 0.37935498356819153, 0.398356556892395, 0.4173581600189209, 0.4363597333431244]}, "gradients/prompt_learner.global_ctx": {"_type": "histogram", "values": [1.0, 0.0, 0.0, 0.0, 0.0, 0.0, 0.0, 0.0, 0.0, 0.0, 0.0, 0.0, 0.0, 0.0, 0.0, 0.0, 0.0, 0.0, 1.0, 1.0, 0.0, 1.0, 3.0, 3.0, 7.0, 13.0, 10.0, 20.0, 32.0, 39.0, 47.0, 84.0, 124.0, 174.0, 247.0, 280.0, 390.0, 477.0, 626.0, 708.0, 751.0, 765.0, 732.0, 667.0, 531.0, 387.0, 293.0, 216.0, 154.0, 111.0, 106.0, 59.0, 36.0, 36.0, 22.0, 9.0, 8.0, 10.0, 4.0, 2.0, 0.0, 3.0, 0.0, 2.0], "bins": [-1.559483528137207, -1.5214803218841553, -1.483477234840393, -1.4454740285873413, -1.4074708223342896, -1.3694676160812378, -1.3314645290374756, -1.2934613227844238, -1.255458116531372, -1.2174550294876099, -1.179451823234558, -1.1414486169815063, -1.1034454107284546, -1.0654423236846924, -1.0274391174316406, -0.9894359111785889, -0.9514327645301819, -0.9134296178817749, -0.8754264116287231, -0.8374232649803162, -0.7994200587272644, -0.7614169120788574, -0.7234137058258057, -0.6854105591773987, -0.6474074125289917, -0.6094042062759399, -0.571401059627533, -0.5333978533744812, -0.4953947067260742, -0.45739153027534485, -0.4193883538246155, -0.3813851773738861, -0.3433820605278015, -0.30537888407707214, -0.2673757076263428, -0.2293725460767746, -0.19136936962604523, -0.15336619317531586, -0.11536302417516708, -0.07735985517501831, -0.03935667872428894, -0.0013535059988498688, 0.0366496667265892, 0.07465283572673798, 0.11265601217746735, 0.15065918862819672, 0.1886623501777649, 0.22666552662849426, 0.26466870307922363, 0.302671879529953, 0.3406750559806824, 0.37867823243141174, 0.4166814088821411, 0.4546845555305481, 0.49268773198127747, 0.5306909084320068, 0.5686941146850586, 0.6066972613334656, 0.6447004079818726, 0.6827036142349243, 0.7207067608833313, 0.7587099671363831, 0.79671311378479, 0.8347163200378418, 0.8727194666862488]}, "gradients/prompt_learner.local_u_ctx": {"_type": "histogram", "values": [1.0, 0.0, 1.0, 1.0, 0.0, 0.0, 1.0, 0.0, 1.0, 0.0, 3.0, 0.0, 2.0, 2.0, 2.0, 3.0, 1.0, 2.0, 1.0, 0.0, 1.0, 3.0, 4.0, 2.0, 4.0, 6.0, 6.0, 4.0, 3.0, 4.0, 4.0, 2.0, 2.0, 3.0, 5.0, 5.0, 1.0, 4.0, 3.0, 3.0, 5.0, 4.0, 1.0, 4.0, 1.0, 1.0, 1.0, 2.0, 1.0, 2.0, 4.0, 4.0, 1.0, 1.0, 2.0, 0.0, 0.0, 1.0, 0.0, 0.0, 0.0, 0.0, 2.0, 1.0], "bins": [-0.41036996245384216, -0.3982679545879364, -0.386165976524353, -0.37406396865844727, -0.3619619607925415, -0.34985995292663574, -0.33775794506073, -0.3256559669971466, -0.31355395913124084, -0.3014519512653351, -0.2893499732017517, -0.27724796533584595, -0.2651459574699402, -0.2530439496040344, -0.24094195663928986, -0.2288399636745453, -0.21673795580863953, -0.20463594794273376, -0.1925339549779892, -0.18043196201324463, -0.16832995414733887, -0.1562279462814331, -0.14412595331668854, -0.13202396035194397, -0.11992195248603821, -0.10781995207071304, -0.09571795165538788, -0.08361595124006271, -0.07151395082473755, -0.059411950409412384, -0.04730994999408722, -0.035207949578762054, -0.02310594916343689, -0.011003948748111725, 0.00109805166721344, 0.013200052082538605, 0.02530205249786377, 0.037404052913188934, 0.0495060533285141, 0.061608053743839264, 0.07371005415916443, 0.0858120545744896, 0.09791405498981476, 0.11001605540513992, 0.12211805582046509, 0.13422006368637085, 0.14632205665111542, 0.15842404961585999, 0.17052605748176575, 0.1826280653476715, 0.19473005831241608, 0.20683205127716064, 0.2189340591430664, 0.23103606700897217, 0.24313805997371674, 0.2552400529384613, 0.26734206080436707, 0.2794440686702728, 0.2915460467338562, 0.30364805459976196, 0.3157500624656677, 0.3278520703315735, 0.33995407819747925, 0.3520560562610626, 0.3641580641269684]}, "gradients/prompt_learner.local_v_ctx": {"_type": "histogram", "values": [1.0, 0.0, 0.0, 0.0, 0.0, 0.0, 0.0, 1.0, 0.0, 1.0, 1.0, 1.0, 0.0, 3.0, 2.0, 2.0, 1.0, 3.0, 5.0, 7.0, 13.0, 12.0, 23.0, 24.0, 31.0, 39.0, 58.0, 72.0, 88.0, 117.0, 157.0, 168.0, 178.0, 219.0, 204.0, 224.0, 249.0, 227.0, 236.0, 221.0, 234.0, 210.0, 195.0, 159.0, 166.0, 119.0, 107.0, 83.0, 47.0, 36.0, 39.0, 32.0, 20.0, 10.0, 11.0, 8.0, 10.0, 5.0, 7.0, 2.0, 4.0, 0.0, 2.0, 2.0], "bins": [-0.9147251844406128, -0.8904256820678711, -0.8661261796951294, -0.8418266773223877, -0.817527174949646, -0.7932276725769043, -0.7689281702041626, -0.7446286678314209, -0.7203291654586792, -0.6960297226905823, -0.6717302203178406, -0.6474307179450989, -0.6231312155723572, -0.5988317131996155, -0.5745322108268738, -0.5502327084541321, -0.5259332060813904, -0.5016337037086487, -0.477334201335907, -0.4530346989631653, -0.4287351965904236, -0.4044357240200043, -0.3801362216472626, -0.3558367192745209, -0.3315372169017792, -0.3072377145290375, -0.2829382121562958, -0.2586387097835541, -0.23433922231197357, -0.21003971993923187, -0.18574023246765137, -0.16144073009490967, -0.1371411681175232, -0.1128416657447815, -0.08854217082262039, -0.06424267590045929, -0.03994317352771759, -0.01564367488026619, 0.008655823767185211, 0.03295532241463661, 0.05725482106208801, 0.08155432343482971, 0.10585381835699081, 0.13015331327915192, 0.15445281565189362, 0.17875231802463531, 0.20305180549621582, 0.22735130786895752, 0.2516508102416992, 0.2759503126144409, 0.3002498149871826, 0.3245493173599243, 0.348848819732666, 0.3731482923030853, 0.397447794675827, 0.4217472970485687, 0.4460467994213104, 0.4703463017940521, 0.4946458041667938, 0.5189452767372131, 0.5432447791099548, 0.5675442814826965, 0.5918437838554382, 0.6161432862281799, 0.6404427886009216]}, "test/epoch": 30, "test/local_acc_avg": 75.5068451931475, "test/duration_sec": 140.25473356246948, "test/neighbor_acc_avg": 73.66731522698146, "summary/local_acc_max": 77.9265449184039, "summary/local_acc_mean": 76.02062925862992, "summary/neighbor_acc_max": 77.21483451632538, "summary/neighbor_acc_mean": 75.63091309495402, "_wandb": {"runtime": 976}}