{"train/epoch": 12, "train/avg_acc": 65.9375, "train/duration_sec": 21.989336013793945, "_timestamp": 1763718416.2632651, "_runtime": 266.01993203163147, "_step": 12, "gradients/prompt_learner.cluster_ctx": {"_type": "histogram", "values": [1.0, 0.0, 0.0, 0.0, 0.0, 0.0, 0.0, 0.0, 0.0, 0.0, 0.0, 0.0, 0.0, 0.0, 0.0, 0.0, 0.0, 0.0, 0.0, 0.0, 0.0, 0.0, 0.0, 0.0, 0.0, 0.0, 0.0, 0.0, 0.0, 0.0, 0.0, 0.0, 0.0, 0.0, 0.0, 0.0, 1.0, 0.0, 3.0, 3.0, 5.0, 7.0, 15.0, 17.0, 41.0, 142.0, 518.0, 1560.0, 2584.0, 2069.0, 853.0, 225.0, 78.0, 23.0, 17.0, 15.0, 7.0, 4.0, 0.0, 1.0, 0.0, 0.0, 2.0, 1.0], "bins": [-5.96734619140625, -5.844815254211426, -5.72228479385376, -5.5997538566589355, -5.4772233963012695, -5.354692459106445, -5.232161998748779, -5.109631061553955, -4.987100601196289, -4.864569664001465, -4.742038726806641, -4.619508266448975, -4.49697732925415, -4.374446868896484, -4.25191593170166, -4.129385471343994, -4.00685453414917, -3.884323835372925, -3.7617931365966797, -3.6392624378204346, -3.5167317390441895, -3.3942008018493652, -3.27167010307312, -3.149139404296875, -3.02660870552063, -2.9040780067443848, -2.7815473079681396, -2.6590166091918945, -2.5364856719970703, -2.413954973220825, -2.29142427444458, -2.168893575668335, -2.046363115310669, -1.9238324165344238, -1.8013017177581787, -1.678770899772644, -1.556240200996399, -1.4337095022201538, -1.3111786842346191, -1.188647985458374, -1.066117286682129, -0.9435865879058838, -0.8210558295249939, -0.698525071144104, -0.5759943723678589, -0.4534636437892914, -0.3309329152107239, -0.20840218663215637, -0.08587145805358887, 0.03665927052497864, 0.15918999910354614, 0.28172072768211365, 0.40425145626068115, 0.5267821550369263, 0.6493129134178162, 0.771843671798706, 0.8943743705749512, 1.0169050693511963, 1.1394357681274414, 1.261966586112976, 1.3844972848892212, 1.5070279836654663, 1.629558801651001, 1.752089500427246, 1.8746201992034912]}, "gradients/prompt_learner.global_ctx": {"_type": "histogram", "values": [1.0, 0.0, 0.0, 0.0, 0.0, 0.0, 0.0, 0.0, 0.0, 0.0, 0.0, 0.0, 0.0, 0.0, 0.0, 0.0, 0.0, 0.0, 0.0, 0.0, 0.0, 0.0, 0.0, 0.0, 0.0, 0.0, 0.0, 0.0, 0.0, 0.0, 0.0, 0.0, 0.0, 0.0, 0.0, 0.0, 1.0, 0.0, 3.0, 3.0, 5.0, 7.0, 15.0, 17.0, 41.0, 142.0, 518.0, 1560.0, 2584.0, 2069.0, 853.0, 225.0, 78.0, 23.0, 17.0, 15.0, 7.0, 4.0, 0.0, 1.0, 0.0, 0.0, 2.0, 1.0], "bins": [-11.9346923828125, -11.689630508422852, -11.44456958770752, -11.199507713317871, -10.954446792602539, -10.70938491821289, -10.464323997497559, -10.21926212310791, -9.974201202392578, -9.72913932800293, -9.484077453613281, -9.23901653289795, -8.9939546585083, -8.748893737792969, -8.50383186340332, -8.258770942687988, -8.01370906829834, -7.76864767074585, -7.523586273193359, -7.278524875640869, -7.033463478088379, -6.7884016036987305, -6.54334020614624, -6.29827880859375, -6.05321741104126, -5.8081560134887695, -5.563094615936279, -5.318033218383789, -5.072971343994141, -4.82790994644165, -4.58284854888916, -4.33778715133667, -4.092726230621338, -3.8476648330688477, -3.6026034355163574, -3.357541799545288, -3.112480401992798, -2.8674190044403076, -2.6223573684692383, -2.377295970916748, -2.132234573364258, -1.8871731758117676, -1.6421116590499878, -1.397050142288208, -1.1519887447357178, -0.9069272875785828, -0.6618658304214478, -0.41680437326431274, -0.17174291610717773, 0.07331854104995728, 0.3183799982070923, 0.5634414553642273, 0.8085029125213623, 1.0535643100738525, 1.2986258268356323, 1.543687343597412, 1.7887487411499023, 2.0338101387023926, 2.278871536254883, 2.523933172225952, 2.7689945697784424, 3.0140559673309326, 3.259117603302002, 3.504179000854492, 3.7492403984069824]}, "gradients/prompt_learner.local_u_ctx": {"_type": "histogram", "values": [1.0, 0.0, 0.0, 0.0, 0.0, 0.0, 0.0, 0.0, 0.0, 0.0, 0.0, 1.0, 0.0, 0.0, 0.0, 0.0, 1.0, 0.0, 0.0, 0.0, 0.0, 0.0, 0.0, 0.0, 0.0, 3.0, 1.0, 0.0, 2.0, 0.0, 1.0, 2.0, 2.0, 2.0, 0.0, 0.0, 1.0, 2.0, 1.0, 1.0, 0.0, 0.0, 1.0, 0.0, 0.0, 1.0, 1.0, 0.0, 0.0, 0.0, 1.0, 0.0, 2.0, 0.0, 0.0, 1.0, 0.0, 1.0, 1.0, 0.0, 0.0, 0.0, 1.0, 1.0], "bins": [-0.911562979221344, -0.8879776000976562, -0.8643922209739685, -0.8408068418502808, -0.817221462726593, -0.7936360836029053, -0.7700507044792175, -0.7464653253555298, -0.7228800058364868, -0.6992946267127991, -0.6757092475891113, -0.6521238684654236, -0.6285384893417358, -0.6049531102180481, -0.5813677310943604, -0.5577823519706726, -0.5341969728469849, -0.5106115937232971, -0.4870262145996094, -0.46344083547592163, -0.4398554563522339, -0.41627010703086853, -0.3926847279071808, -0.36909934878349304, -0.3455139696598053, -0.32192859053611755, -0.2983432114124298, -0.27475783228874207, -0.2511724829673767, -0.22758708894252777, -0.20400172472000122, -0.18041634559631348, -0.1568310260772705, -0.13324564695358276, -0.10966027528047562, -0.08607490360736847, -0.062489524483680725, -0.03890414908528328, -0.015318773686885834, 0.008266601711511612, 0.03185197710990906, 0.0554373525083065, 0.07902272790670395, 0.1026080995798111, 0.12619347870349884, 0.14977885782718658, 0.17336422204971313, 0.19694960117340088, 0.22053498029708862, 0.24412035942077637, 0.2677057385444641, 0.29129111766815186, 0.3148764967918396, 0.33846184611320496, 0.3620472252368927, 0.38563260436058044, 0.4092179834842682, 0.43280336260795593, 0.4563887417316437, 0.4799741208553314, 0.5035594701766968, 0.5271448493003845, 0.5507302284240723, 0.57431560754776, 0.5979009866714478]}, "gradients/prompt_learner.local_v_ctx": {"_type": "histogram", "values": [1.0, 0.0, 0.0, 0.0, 0.0, 0.0, 0.0, 0.0, 0.0, 0.0, 0.0, 0.0, 0.0, 0.0, 2.0, 3.0, 11.0, 8.0, 14.0, 39.0, 63.0, 87.0, 93.0, 126.0, 137.0, 121.0, 121.0, 64.0, 46.0, 37.0, 23.0, 10.0, 7.0, 5.0, 2.0, 3.0, 0.0, 0.0, 0.0, 0.0, 0.0, 0.0, 0.0, 0.0, 0.0, 0.0, 0.0, 0.0, 0.0, 0.0, 0.0, 0.0, 0.0, 0.0, 0.0, 0.0, 0.0, 0.0, 0.0, 0.0, 0.0, 0.0, 0.0, 1.0], "bins": [-2.658285617828369, -2.5497515201568604, -2.4412174224853516, -2.3326830863952637, -2.224148988723755, -2.115614891052246, -2.007080554962158, -1.8985464572906494, -1.7900123596191406, -1.6814782619476318, -1.5729440450668335, -1.4644098281860352, -1.3558757305145264, -1.2473416328430176, -1.1388074159622192, -1.030273199081421, -0.9217391014099121, -0.8132049441337585, -0.704670786857605, -0.5961366295814514, -0.48760247230529785, -0.3790683150291443, -0.2705341577529907, -0.16200000047683716, -0.053465843200683594, 0.05506831407546997, 0.16360247135162354, 0.2721366286277771, 0.38067078590393066, 0.48920494318008423, 0.5977391004562378, 0.7062732577323914, 0.8148074150085449, 0.9233415722846985, 1.031875729560852, 1.1404099464416504, 1.2489440441131592, 1.357478141784668, 1.4660123586654663, 1.5745465755462646, 1.6830806732177734, 1.7916147708892822, 1.9001489877700806, 2.008683204650879, 2.1172173023223877, 2.2257513999938965, 2.3342857360839844, 2.442819833755493, 2.551353931427002, 2.6598880290985107, 2.7684221267700195, 2.8769564628601074, 2.985490560531616, 3.094024658203125, 3.202558994293213, 3.3110930919647217, 3.4196271896362305, 3.5281612873077393, 3.636695384979248, 3.745229721069336, 3.8537638187408447, 3.9622979164123535, 4.070832252502441, 4.179366111755371, 4.287900447845459]}, "_wandb": {"runtime": 285}}