{"gradients/prompt_learner.global_ctx": {"_type": "histogram", "values": [2.0, 2.0, 1.0, 2.0, 1.0, 3.0, 2.0, 0.0, 1.0, 5.0, 7.0, 6.0, 14.0, 15.0, 18.0, 17.0, 21.0, 28.0, 40.0, 39.0, 65.0, 82.0, 96.0, 148.0, 188.0, 275.0, 320.0, 480.0, 598.0, 801.0, 889.0, 897.0, 742.0, 609.0, 418.0, 345.0, 255.0, 180.0, 126.0, 111.0, 81.0, 52.0, 45.0, 30.0, 21.0, 24.0, 15.0, 18.0, 10.0, 10.0, 10.0, 9.0, 5.0, 3.0, 2.0, 5.0, 1.0, 1.0, 0.0, 0.0, 0.0, 0.0, 0.0, 1.0], "bins": [-0.9372735023498535, -0.9069533348083496, -0.8766332268714905, -0.8463130593299866, -0.8159928917884827, -0.7856727242469788, -0.7553526163101196, -0.7250324487686157, -0.6947122812271118, -0.6643921732902527, -0.6340720057487488, -0.6037518382072449, -0.573431670665741, -0.5431115627288818, -0.5127913951873779, -0.482471227645874, -0.4521510899066925, -0.421830952167511, -0.3915107846260071, -0.36119064688682556, -0.33087047934532166, -0.30055034160614014, -0.27023017406463623, -0.2399100363254547, -0.209589883685112, -0.1792697310447693, -0.14894957840442657, -0.11862943321466446, -0.08830928057432175, -0.057989127933979034, -0.02766897901892662, 0.0026511717587709427, 0.032971322536468506, 0.06329147517681122, 0.09361162781715393, 0.12393177300691605, 0.15425193309783936, 0.18457207083702087, 0.2148922234773636, 0.2452123761177063, 0.2755325436592102, 0.3058526813983917, 0.33617281913757324, 0.36649298667907715, 0.39681312441825867, 0.4271332919597626, 0.4574534296989441, 0.487773597240448, 0.5180937051773071, 0.548413872718811, 0.5787340402603149, 0.6090542078018188, 0.639374315738678, 0.6696944832801819, 0.7000146508216858, 0.7303348183631897, 0.7606549263000488, 0.7909750938415527, 0.8212952613830566, 0.8516153693199158, 0.8819355368614197, 0.9122557044029236, 0.9425758719444275, 0.9728959798812866, 1.0032161474227905]}, "_timestamp": 1763639486.8332505, "gradients/prompt_learner.local_u_ctx": {"_type": "histogram", "values": [1.0, 0.0, 0.0, 1.0, 2.0, 1.0, 1.0, 1.0, 0.0, 1.0, 0.0, 0.0, 1.0, 0.0, 2.0, 3.0, 3.0, 3.0, 2.0, 5.0, 2.0, 6.0, 7.0, 10.0, 5.0, 9.0, 10.0, 10.0, 4.0, 5.0, 4.0, 3.0, 5.0, 3.0, 1.0, 1.0, 2.0, 1.0, 1.0, 0.0, 3.0, 0.0, 1.0, 0.0, 0.0, 0.0, 2.0, 1.0, 1.0, 0.0, 1.0, 0.0, 0.0, 0.0, 1.0, 0.0, 1.0, 0.0, 0.0, 0.0, 0.0, 0.0, 0.0, 1.0], "bins": [-0.19253994524478912, -0.1849684715270996, -0.1773969978094101, -0.16982552409172058, -0.16225405037403107, -0.15468257665634155, -0.14711110293865204, -0.13953962922096252, -0.1319681704044342, -0.12439668923616409, -0.11682521551847458, -0.10925374180078506, -0.10168227553367615, -0.09411080181598663, -0.08653932809829712, -0.0789678543806076, -0.07139638066291809, -0.06382490694522858, -0.05625343322753906, -0.04868196323513985, -0.04111048951745033, -0.03353901579976082, -0.025967543944716454, -0.01839607208967209, -0.010824598371982574, -0.003253125585615635, 0.004318347200751305, 0.011889819987118244, 0.019461292773485184, 0.027032766491174698, 0.034604236483573914, 0.04217571020126343, 0.04974716901779175, 0.05731864273548126, 0.06489011645317078, 0.07246159017086029, 0.0800330638885498, 0.08760453015565872, 0.09517600387334824, 0.10274747759103775, 0.11031895130872726, 0.11789042502641678, 0.1254618912935257, 0.1330333650112152, 0.14060483872890472, 0.14817631244659424, 0.15574778616428375, 0.16331925988197327, 0.17089073359966278, 0.1784622073173523, 0.1860336810350418, 0.19360515475273132, 0.20117662847042084, 0.20874810218811035, 0.21631957590579987, 0.22389104962348938, 0.2314625084400177, 0.23903398215770721, 0.24660545587539673, 0.25417694449424744, 0.26174840331077576, 0.26931989192962646, 0.2768913507461548, 0.2844628393650055, 0.2920342981815338]}, "gradients/prompt_learner.local_v_ctx": {"_type": "histogram", "values": [1.0, 0.0, 0.0, 0.0, 2.0, 0.0, 1.0, 1.0, 3.0, 3.0, 4.0, 5.0, 5.0, 5.0, 7.0, 8.0, 17.0, 16.0, 21.0, 30.0, 42.0, 48.0, 56.0, 62.0, 89.0, 86.0, 111.0, 118.0, 139.0, 151.0, 148.0, 183.0, 182.0, 189.0, 189.0, 199.0, 211.0, 203.0, 165.0, 184.0, 168.0, 139.0, 137.0, 112.0, 105.0, 95.0, 71.0, 64.0, 57.0, 59.0, 43.0, 39.0, 28.0, 23.0, 18.0, 12.0, 13.0, 8.0, 6.0, 5.0, 3.0, 2.0, 2.0, 3.0], "bins": [-0.051403116434812546, -0.04996071383357048, -0.04851831495761871, -0.04707591235637665, -0.04563350975513458, -0.044191110879182816, -0.04274870827794075, -0.041306305676698685, -0.03986390680074692, -0.03842150419950485, -0.03697910159826279, -0.03553669899702072, -0.034094300121068954, -0.03265189751982689, -0.031209496781229973, -0.029767094179987907, -0.02832469344139099, -0.026882292702794075, -0.02543989010155201, -0.023997489362955093, -0.022555086761713028, -0.021112686023116112, -0.019670285284519196, -0.01822788268327713, -0.016785481944680214, -0.015343080274760723, -0.013900678604841232, -0.012458277866244316, -0.011015876196324825, -0.009573474526405334, -0.008131073787808418, -0.0066886721178889275, -0.005246266722679138, -0.003803865285590291, -0.002361463848501444, -0.0009190624114125967, 0.0005233390256762505, 0.0019657404627650976, 0.0034081418998539448, 0.004850543104112148, 0.006292944774031639, 0.00773534644395113, 0.00917774811387062, 0.010620148852467537, 0.012062550522387028, 0.013504952192306519, 0.014947352930903435, 0.0163897555321455, 0.017832156270742416, 0.019274557009339333, 0.020716959610581398, 0.022159360349178314, 0.02360176295042038, 0.025044163689017296, 0.026486564427614212, 0.027928967028856277, 0.029371367767453194, 0.03081376850605011, 0.032256171107292175, 0.03369857370853424, 0.03514097258448601, 0.03658337518572807, 0.03802577778697014, 0.039468176662921906, 0.04091057926416397]}, "_runtime": 2270.45592546463, "_step": 30, "train/epoch": 30, "train/avg_acc": 60.6375, "train/duration_sec": 57.313080072402954, "test/epoch": 30, "test/local_acc_avg": 64.11715799562377, "test/duration_sec": 181.87606549263, "test/neighbor_acc_avg": 64.06204433578391, "summary/local_acc_max": 64.11715799562377, "summary/local_acc_mean": 61.395800563903094, "summary/neighbor_acc_max": 64.06204433578391, "summary/neighbor_acc_mean": 61.31625471384734, "_wandb": {"runtime": 2269}}