{"train/epoch": 30, "train/avg_acc": 57.1875, "train/duration_sec": 5.146407604217529, "_timestamp": 1763686494.5092008, "_runtime": 1130.0414607524872, "_step": 30, "gradients/prompt_learner.cluster_ctx": {"_type": "histogram", "values": [1.0, 0.0, 0.0, 0.0, 0.0, 0.0, 0.0, 0.0, 0.0, 0.0, 0.0, 0.0, 0.0, 0.0, 0.0, 0.0, 0.0, 0.0, 0.0, 0.0, 0.0, 0.0, 0.0, 0.0, 0.0, 0.0, 0.0, 0.0, 0.0, 0.0, 0.0, 0.0, 0.0, 1.0, 0.0, 0.0, 0.0, 0.0, 0.0, 0.0, 0.0, 0.0, 1.0, 3.0, 12.0, 41.0, 94.0, 198.0, 439.0, 920.0, 1577.0, 1969.0, 1514.0, 791.0, 369.0, 162.0, 57.0, 25.0, 11.0, 5.0, 1.0, 0.0, 0.0, 1.0], "bins": [-4.750981330871582, -4.658512115478516, -4.566042423248291, -4.473573207855225, -4.381103992462158, -4.288634300231934, -4.196165084838867, -4.103695392608643, -4.011226177215576, -3.9187569618225098, -3.8262875080108643, -3.7338180541992188, -3.6413486003875732, -3.548879384994507, -3.4564099311828613, -3.363940477371216, -3.2714710235595703, -3.179001808166504, -3.0865323543548584, -2.994062900543213, -2.9015936851501465, -2.809124231338501, -2.7166547775268555, -2.62418532371521, -2.5317161083221436, -2.439246654510498, -2.3467772006988525, -2.254307985305786, -2.1618385314941406, -2.069369077682495, -1.9768997430801392, -1.8844302892684937, -1.7919608354568481, -1.6994915008544922, -1.6070220470428467, -1.5145527124404907, -1.4220832586288452, -1.3296139240264893, -1.2371444702148438, -1.1446751356124878, -1.0522058010101318, -0.9597363471984863, -0.8672669529914856, -0.7747975587844849, -0.6823282241821289, -0.5898588299751282, -0.49738943576812744, -0.4049200415611267, -0.312450647354126, -0.21998125314712524, -0.1275118738412857, -0.03504248708486557, 0.057426899671554565, 0.1498962938785553, 0.24236567318439484, 0.3348350524902344, 0.4273044466972351, 0.5197738409042358, 0.6122432351112366, 0.7047126293182373, 0.7971819639205933, 0.889651358127594, 0.9821207523345947, 1.0745902061462402, 1.1670595407485962]}, "gradients/prompt_learner.global_ctx": {"_type": "histogram", "values": [1.0, 0.0, 0.0, 0.0, 0.0, 0.0, 0.0, 0.0, 0.0, 0.0, 0.0, 0.0, 0.0, 0.0, 0.0, 0.0, 0.0, 0.0, 0.0, 0.0, 0.0, 0.0, 0.0, 0.0, 0.0, 0.0, 0.0, 0.0, 0.0, 0.0, 0.0, 0.0, 0.0, 1.0, 0.0, 0.0, 0.0, 0.0, 0.0, 0.0, 0.0, 0.0, 1.0, 3.0, 12.0, 41.0, 94.0, 198.0, 439.0, 920.0, 1577.0, 1969.0, 1514.0, 791.0, 369.0, 162.0, 57.0, 25.0, 11.0, 5.0, 1.0, 0.0, 0.0, 1.0], "bins": [-9.501962661743164, -9.317024230957031, -9.132084846496582, -8.94714641571045, -8.762207984924316, -8.577268600463867, -8.392330169677734, -8.207390785217285, -8.022452354431152, -7.8375139236450195, -7.6525750160217285, -7.4676361083984375, -7.2826972007751465, -7.097758769989014, -6.912819862365723, -6.727880954742432, -6.542942047119141, -6.358003616333008, -6.173064708709717, -5.988125801086426, -5.803187370300293, -5.618248462677002, -5.433309555053711, -5.24837064743042, -5.063432216644287, -4.878493309020996, -4.693554401397705, -4.508615970611572, -4.323677062988281, -4.13873815536499, -3.9537994861602783, -3.7688605785369873, -3.5839216709136963, -3.3989830017089844, -3.2140440940856934, -3.0291054248809814, -2.8441665172576904, -2.6592278480529785, -2.4742889404296875, -2.2893502712249756, -2.1044116020202637, -1.9194726943969727, -1.7345339059829712, -1.5495951175689697, -1.3646564483642578, -1.1797176599502563, -0.9947788715362549, -0.8098400831222534, -0.624901294708252, -0.4399625062942505, -0.2550237476825714, -0.07008497416973114, 0.11485379934310913, 0.2997925877571106, 0.4847313463687897, 0.6696701049804688, 0.8546088933944702, 1.0395476818084717, 1.2244864702224731, 1.4094252586364746, 1.5943639278411865, 1.779302716255188, 1.9642415046691895, 2.1491804122924805, 2.3341190814971924]}, "gradients/prompt_learner.local_u_ctx": {"_type": "histogram", "values": [2.0, 0.0, 2.0, 2.0, 1.0, 0.0, 1.0, 0.0, 2.0, 2.0, 1.0, 0.0, 0.0, 4.0, 1.0, 2.0, 0.0, 3.0, 4.0, 0.0, 1.0, 3.0, 2.0, 1.0, 5.0, 2.0, 1.0, 3.0, 1.0, 0.0, 1.0, 1.0, 2.0, 1.0, 2.0, 2.0, 0.0, 0.0, 1.0, 0.0, 0.0, 2.0, 1.0, 0.0, 0.0, 1.0, 0.0, 0.0, 0.0, 0.0, 0.0, 0.0, 1.0, 0.0, 0.0, 1.0, 0.0, 0.0, 1.0, 0.0, 0.0, 0.0, 0.0, 1.0], "bins": [-0.5705088376998901, -0.5461893081665039, -0.5218697190284729, -0.49755018949508667, -0.47323065996170044, -0.4489111006259918, -0.4245915710926056, -0.400272011756897, -0.37595248222351074, -0.3516329228878021, -0.3273133635520935, -0.3029938340187073, -0.27867427468299866, -0.2543547451496124, -0.2300351858139038, -0.20571564137935638, -0.18139609694480896, -0.15707655251026154, -0.1327570080757141, -0.10843745619058609, -0.08411791175603867, -0.05979836732149124, -0.03547881916165352, -0.011159272864460945, 0.013160273432731628, 0.03747981786727905, 0.061799366027116776, 0.0861189141869545, 0.11043845862150192, 0.13475801050662994, 0.15907755494117737, 0.1833970993757248, 0.20771664381027222, 0.23203618824481964, 0.25635573267936707, 0.2806752920150757, 0.3049948215484619, 0.32931438088417053, 0.35363391041755676, 0.3779534697532654, 0.4022729992866516, 0.42659255862236023, 0.45091211795806885, 0.4752316474914551, 0.4995512068271637, 0.5238707661628723, 0.5481902956962585, 0.5725098252296448, 0.5968294143676758, 0.621148943901062, 0.6454684734344482, 0.6697880029678345, 0.6941075921058655, 0.7184271216392517, 0.7427466511726379, 0.7670661807060242, 0.7913857698440552, 0.8157052993774414, 0.8400248289108276, 0.8643444180488586, 0.8886639475822449, 0.9129834771156311, 0.9373030066490173, 0.9616225957870483, 0.9859421253204346]}, "gradients/prompt_learner.local_v_ctx": {"_type": "histogram", "values": [1.0, 0.0, 0.0, 0.0, 0.0, 0.0, 0.0, 0.0, 0.0, 0.0, 0.0, 0.0, 0.0, 1.0, 3.0, 6.0, 9.0, 19.0, 33.0, 49.0, 94.0, 139.0, 202.0, 233.0, 237.0, 256.0, 227.0, 196.0, 143.0, 91.0, 53.0, 28.0, 9.0, 9.0, 1.0, 2.0, 3.0, 1.0, 0.0, 0.0, 1.0, 0.0, 0.0, 0.0, 0.0, 0.0, 0.0, 0.0, 0.0, 0.0, 0.0, 0.0, 0.0, 0.0, 0.0, 0.0, 0.0, 1.0, 0.0, 0.0, 0.0, 0.0, 0.0, 1.0], "bins": [-2.929361581802368, -2.8120200634002686, -2.694678544998169, -2.5773370265960693, -2.4599955081939697, -2.34265398979187, -2.2253124713897705, -2.107970952987671, -1.9906293153762817, -1.8732877969741821, -1.7559462785720825, -1.638604760169983, -1.5212631225585938, -1.4039216041564941, -1.2865800857543945, -1.169238567352295, -1.0518970489501953, -0.9345555305480957, -0.8172140121459961, -0.6998724341392517, -0.5825309157371521, -0.4651893973350525, -0.3478478491306305, -0.2305063158273697, -0.11316478252410889, 0.0041767507791519165, 0.12151828408241272, 0.23885981738567352, 0.3562013506889343, 0.47354286909103394, 0.5908844470977783, 0.7082259654998779, 0.8255672454833984, 0.942908763885498, 1.0602502822875977, 1.1775918006896973, 1.2949333190917969, 1.412274956703186, 1.5296164751052856, 1.6469579935073853, 1.7642995119094849, 1.8816410303115845, 1.998982548713684, 2.1163241863250732, 2.233665704727173, 2.3510072231292725, 2.468348741531372, 2.5856902599334717, 2.7030317783355713, 2.820373296737671, 2.9377148151397705, 3.05505633354187, 3.1723978519439697, 3.2897393703460693, 3.407080888748169, 3.5244224071502686, 3.6417641639709473, 3.759105682373047, 3.8764472007751465, 3.993788719177246, 4.111130237579346, 4.228471755981445, 4.345813274383545, 4.4631547927856445, 4.580496311187744]}, "test/epoch": 30, "test/local_acc_avg": 77.81830583717367, "test/duration_sec": 325.4637234210968, "test/neighbor_acc_avg": 72.69651793828602, "summary/local_acc_max": 77.81830583717367, "summary/local_acc_mean": 75.64750233980043, "summary/neighbor_acc_max": 72.69651793828602, "summary/neighbor_acc_mean": 71.24763935526569, "_wandb": {"runtime": 1128}}