{"train/epoch": 30, "train/avg_acc": 75.9375, "train/duration_sec": 5.252000570297241, "_timestamp": 1763673456.7682238, "_runtime": 1154.940626859665, "_step": 30, "gradients/prompt_learner.global_ctx": {"_type": "histogram", "values": [1.0, 1.0, 0.0, 2.0, 1.0, 2.0, 3.0, 1.0, 8.0, 10.0, 19.0, 43.0, 49.0, 90.0, 117.0, 222.0, 297.0, 427.0, 641.0, 738.0, 906.0, 934.0, 912.0, 800.0, 625.0, 456.0, 295.0, 180.0, 153.0, 101.0, 45.0, 38.0, 21.0, 13.0, 6.0, 10.0, 5.0, 4.0, 2.0, 2.0, 2.0, 4.0, 0.0, 1.0, 1.0, 0.0, 1.0, 0.0, 1.0, 0.0, 0.0, 0.0, 0.0, 0.0, 1.0, 0.0, 0.0, 0.0, 0.0, 0.0, 0.0, 0.0, 0.0, 1.0], "bins": [-0.5688369274139404, -0.542477548122406, -0.5161181092262268, -0.4897587299346924, -0.46339932084083557, -0.43703991174697876, -0.41068053245544434, -0.3843211233615875, -0.3579617142677307, -0.3316023051738739, -0.3052428960800171, -0.27888351678848267, -0.25252410769462585, -0.22616469860076904, -0.19980530440807343, -0.1734459102153778, -0.147086501121521, -0.12072709947824478, -0.09436769783496857, -0.06800829619169235, -0.04164889454841614, -0.015289492905139923, 0.011069908738136292, 0.037429310381412506, 0.06378871202468872, 0.09014811366796494, 0.11650751531124115, 0.14286690950393677, 0.16922631859779358, 0.1955857276916504, 0.221945121884346, 0.24830451607704163, 0.27466392517089844, 0.30102333426475525, 0.32738274335861206, 0.3537421226501465, 0.3801015317440033, 0.4064609408378601, 0.43282032012939453, 0.45917972922325134, 0.48553913831710815, 0.5118985176086426, 0.5382579565048218, 0.5646173357963562, 0.5909767150878906, 0.6173361539840698, 0.6436955332756042, 0.6700549721717834, 0.6964143514633179, 0.7227737307548523, 0.7491331696510315, 0.7754925489425659, 0.8018519878387451, 0.8282113671302795, 0.854570746421814, 0.8809301853179932, 0.9072895646095276, 0.933648943901062, 0.9600083827972412, 0.9863677620887756, 1.01272714138031, 1.0390865802764893, 1.0654460191726685, 1.091805338859558, 1.1181647777557373]}, "gradients/prompt_learner.local_u_ctx": {"_type": "histogram", "values": [2.0, 1.0, 0.0, 0.0, 1.0, 0.0, 1.0, 0.0, 0.0, 2.0, 0.0, 0.0, 2.0, 2.0, 2.0, 3.0, 2.0, 3.0, 6.0, 5.0, 3.0, 6.0, 4.0, 2.0, 12.0, 4.0, 11.0, 9.0, 16.0, 9.0, 14.0, 10.0, 7.0, 10.0, 12.0, 12.0, 11.0, 6.0, 10.0, 7.0, 6.0, 8.0, 6.0, 4.0, 3.0, 5.0, 5.0, 3.0, 3.0, 0.0, 1.0, 0.0, 2.0, 0.0, 0.0, 1.0, 0.0, 0.0, 0.0, 1.0, 0.0, 0.0, 0.0, 1.0], "bins": [-0.36536216735839844, -0.35390418767929077, -0.3424462080001831, -0.33098819851875305, -0.3195302188396454, -0.3080722391605377, -0.29661425948143005, -0.2851562798023224, -0.27369827032089233, -0.26224029064178467, -0.250782310962677, -0.23932433128356934, -0.22786635160446167, -0.2164083570241928, -0.20495037734508514, -0.19349238276481628, -0.18203440308570862, -0.17057642340660095, -0.1591184288263321, -0.14766044914722443, -0.13620245456695557, -0.1247444748878479, -0.11328649520874023, -0.10182850807905197, -0.09037052094936371, -0.07891253381967545, -0.06745454668998718, -0.05599656701087952, -0.044538579881191254, -0.03308059275150299, -0.021622609347105026, -0.010164624080061913, 0.0012933909893035889, 0.012751376256346703, 0.024209361523389816, 0.03566734492778778, 0.047125332057476044, 0.05858331918716431, 0.07004129886627197, 0.08149928599596024, 0.0929572731256485, 0.10441526025533676, 0.11587324738502502, 0.1273312270641327, 0.13878920674324036, 0.15024720132350922, 0.16170518100261688, 0.17316317558288574, 0.1846211552619934, 0.19607913494110107, 0.20753712952136993, 0.2189951092004776, 0.23045310378074646, 0.24191108345985413, 0.2533690631389618, 0.26482704281806946, 0.2762850522994995, 0.2877430319786072, 0.29920101165771484, 0.3106589913368225, 0.3221169710159302, 0.33357495069503784, 0.3450329601764679, 0.35649093985557556, 0.3679489195346832]}, "gradients/prompt_learner.local_v_ctx": {"_type": "histogram", "values": [1.0, 0.0, 0.0, 0.0, 0.0, 0.0, 0.0, 0.0, 0.0, 0.0, 0.0, 0.0, 0.0, 0.0, 1.0, 1.0, 2.0, 0.0, 0.0, 0.0, 0.0, 2.0, 3.0, 1.0, 3.0, 4.0, 17.0, 42.0, 99.0, 163.0, 304.0, 474.0, 797.0, 1037.0, 1146.0, 1179.0, 1056.0, 745.0, 505.0, 314.0, 154.0, 68.0, 45.0, 12.0, 4.0, 6.0, 2.0, 2.0, 0.0, 0.0, 1.0, 0.0, 0.0, 1.0, 0.0, 0.0, 0.0, 0.0, 0.0, 0.0, 0.0, 0.0, 0.0, 1.0], "bins": [-1.2570981979370117, -1.2211554050445557, -1.1852126121520996, -1.149269700050354, -1.113326907157898, -1.077384114265442, -1.0414412021636963, -1.0054984092712402, -0.9695556163787842, -0.9336128234863281, -0.8976699709892273, -0.8617271184921265, -0.8257843255996704, -0.7898415327072144, -0.7538986802101135, -0.7179558277130127, -0.6820130348205566, -0.6460702419281006, -0.6101273894309998, -0.5741845369338989, -0.5382417440414429, -0.5022989511489868, -0.466356098651886, -0.43041327595710754, -0.3944704532623291, -0.35852763056755066, -0.3225848078727722, -0.2866419851779938, -0.25069916248321533, -0.2147563397884369, -0.17881351709365845, -0.14287069439888, -0.10692799091339111, -0.07098516821861267, -0.03504234552383423, 0.0009004771709442139, 0.036843299865722656, 0.0727861225605011, 0.10872894525527954, 0.14467176795005798, 0.18061459064483643, 0.21655741333961487, 0.2525002360343933, 0.28844305872917175, 0.3243858814239502, 0.36032870411872864, 0.3962715268135071, 0.4322143495082855, 0.46815717220306396, 0.50409996509552, 0.5400428175926208, 0.5759856700897217, 0.6119284629821777, 0.6478712558746338, 0.6838141083717346, 0.7197569608688354, 0.7556997537612915, 0.7916425466537476, 0.8275853991508484, 0.8635282516479492, 0.8994710445404053, 0.9354138374328613, 0.9713566899299622, 1.007299542427063, 1.043242335319519]}, "test/epoch": 30, "test/local_acc_avg": 83.30270403429311, "test/duration_sec": 333.87221932411194, "test/neighbor_acc_avg": 81.63432625797283, "summary/local_acc_max": 83.30270403429311, "summary/local_acc_mean": 81.63331806105606, "summary/neighbor_acc_max": 81.63432625797283, "summary/neighbor_acc_mean": 80.04850408431868, "_wandb": {"runtime": 1154}}