{"train/epoch": 30, "train/avg_acc": 75.78125, "train/duration_sec": 5.265323162078857, "_timestamp": 1763679457.2558858, "_runtime": 1163.9278857707977, "_step": 30, "gradients/prompt_learner.global_ctx": {"_type": "histogram", "values": [1.0, 0.0, 0.0, 0.0, 1.0, 1.0, 0.0, 0.0, 2.0, 8.0, 3.0, 8.0, 17.0, 21.0, 39.0, 51.0, 86.0, 144.0, 195.0, 283.0, 382.0, 550.0, 716.0, 796.0, 831.0, 870.0, 761.0, 656.0, 516.0, 422.0, 249.0, 213.0, 131.0, 74.0, 58.0, 38.0, 19.0, 16.0, 7.0, 8.0, 5.0, 2.0, 3.0, 4.0, 0.0, 1.0, 2.0, 0.0, 1.0, 0.0, 0.0, 0.0, 0.0, 0.0, 0.0, 0.0, 0.0, 0.0, 0.0, 0.0, 0.0, 0.0, 0.0, 1.0], "bins": [-0.7742664217948914, -0.7432777881622314, -0.7122891545295715, -0.6813005208969116, -0.6503118872642517, -0.6193232536315918, -0.5883346199989319, -0.557345986366272, -0.5263573527336121, -0.49536871910095215, -0.46438008546829224, -0.4333914518356323, -0.4024028182029724, -0.3714141845703125, -0.3404255509376526, -0.3094369173049927, -0.27844828367233276, -0.24745965003967285, -0.21647101640701294, -0.18548238277435303, -0.15449374914169312, -0.1235051155090332, -0.09251648187637329, -0.06152784824371338, -0.030539214611053467, 0.0004494190216064453, 0.03143805265426636, 0.06242668628692627, 0.09341531991958618, 0.1244039535522461, 0.155392587184906, 0.18638122081756592, 0.2173699140548706, 0.24835854768753052, 0.27934718132019043, 0.31033581495285034, 0.34132444858551025, 0.37231308221817017, 0.4033017158508301, 0.43429034948349, 0.4652789831161499, 0.4962676167488098, 0.5272562503814697, 0.5582448840141296, 0.5892335176467896, 0.6202221512794495, 0.6512107849121094, 0.6821994185447693, 0.7131880521774292, 0.7441766858100891, 0.775165319442749, 0.8061539530754089, 0.8371425867080688, 0.8681312203407288, 0.8991198539733887, 0.9301084876060486, 0.9610971212387085, 0.9920857548713684, 1.0230743885040283, 1.054063081741333, 1.0850516557693481, 1.1160402297973633, 1.147028923034668, 1.1780176162719727, 1.2090061902999878]}, "gradients/prompt_learner.local_u_ctx": {"_type": "histogram", "values": [1.0, 0.0, 1.0, 0.0, 1.0, 2.0, 0.0, 1.0, 1.0, 1.0, 4.0, 1.0, 3.0, 1.0, 5.0, 3.0, 6.0, 3.0, 4.0, 6.0, 6.0, 9.0, 16.0, 12.0, 12.0, 13.0, 10.0, 8.0, 11.0, 15.0, 9.0, 13.0, 11.0, 9.0, 11.0, 6.0, 9.0, 6.0, 6.0, 3.0, 1.0, 4.0, 4.0, 1.0, 1.0, 2.0, 1.0, 1.0, 0.0, 0.0, 1.0, 0.0, 0.0, 0.0, 0.0, 0.0, 0.0, 0.0, 0.0, 0.0, 0.0, 0.0, 0.0, 1.0], "bins": [-0.4144868552684784, -0.399472177028656, -0.38445746898651123, -0.36944279074668884, -0.35442811250686646, -0.3394134044647217, -0.3243987262248993, -0.3093840181827545, -0.29436933994293213, -0.27935466170310974, -0.26433995366096497, -0.24932527542114258, -0.234310582280159, -0.21929588913917542, -0.20428121089935303, -0.18926651775836945, -0.17425182461738586, -0.15923713147640228, -0.1442224383354187, -0.1292077600955963, -0.11419306695461273, -0.09917837381362915, -0.08416368812322617, -0.06914900243282318, -0.0541343092918396, -0.039119619876146317, -0.024104930460453033, -0.00909024104475975, 0.005924448370933533, 0.020939137786626816, 0.0359538272023201, 0.05096851661801338, 0.06598323583602905, 0.08099792897701263, 0.09601261466741562, 0.1110273003578186, 0.12604199349880219, 0.14105668663978577, 0.15607136487960815, 0.17108605802059174, 0.18610075116157532, 0.2011154443025589, 0.21613013744354248, 0.23114481568336487, 0.24615950882434845, 0.26117420196533203, 0.2761888802051544, 0.2912035882472992, 0.3062182664871216, 0.32123294472694397, 0.33624765276908875, 0.35126233100891113, 0.3662770390510559, 0.3812917172908783, 0.3963063955307007, 0.41132110357284546, 0.42633578181266785, 0.44135046005249023, 0.456365168094635, 0.4713798463344574, 0.4863945245742798, 0.5014092326164246, 0.5164239406585693, 0.5314385890960693, 0.5464532971382141]}, "gradients/prompt_learner.local_v_ctx": {"_type": "histogram", "values": [1.0, 2.0, 0.0, 1.0, 1.0, 0.0, 4.0, 2.0, 7.0, 4.0, 8.0, 12.0, 17.0, 29.0, 33.0, 58.0, 72.0, 118.0, 148.0, 208.0, 230.0, 309.0, 368.0, 437.0, 493.0, 500.0, 584.0, 581.0, 532.0, 539.0, 460.0, 478.0, 433.0, 334.0, 291.0, 245.0, 192.0, 143.0, 113.0, 71.0, 41.0, 29.0, 18.0, 14.0, 12.0, 5.0, 6.0, 1.0, 2.0, 1.0, 1.0, 0.0, 0.0, 0.0, 1.0, 0.0, 1.0, 0.0, 1.0, 0.0, 0.0, 0.0, 0.0, 1.0], "bins": [-0.6219006776809692, -0.5995561480522156, -0.5772116184234619, -0.5548670291900635, -0.5325224995613098, -0.5101779699325562, -0.4878334403038025, -0.46548888087272644, -0.4431443512439728, -0.4207998216152191, -0.39845526218414307, -0.3761107325553894, -0.35376620292663574, -0.3314216434955597, -0.30907711386680603, -0.28673255443573, -0.2643880248069763, -0.24204348027706146, -0.2196989357471466, -0.19735440611839294, -0.1750098615884781, -0.15266531705856323, -0.13032078742980957, -0.10797624289989471, -0.08563169836997986, -0.063287153840065, -0.04094261676073074, -0.018598075956106186, 0.0037464648485183716, 0.02609100565314293, 0.04843554645776749, 0.07078008353710175, 0.0931246280670166, 0.11546917259693146, 0.1378137171268463, 0.16015824675559998, 0.18250279128551483, 0.2048473358154297, 0.22719186544418335, 0.2495364099740982, 0.27188095450401306, 0.2942254841327667, 0.3165700435638428, 0.33891457319259644, 0.3612591028213501, 0.38360366225242615, 0.4059481918811798, 0.42829275131225586, 0.4506372809410095, 0.4729818105697632, 0.49532637000083923, 0.5176709294319153, 0.540015459060669, 0.5623599886894226, 0.5847045183181763, 0.6070490479469299, 0.6293935775756836, 0.651738166809082, 0.6740826964378357, 0.6964272260665894, 0.718771755695343, 0.7411162853240967, 0.7634608745574951, 0.7858054041862488, 0.8081499338150024]}, "test/epoch": 30, "test/local_acc_avg": 81.7389761644383, "test/duration_sec": 333.87181425094604, "test/neighbor_acc_avg": 79.17029925638539, "summary/local_acc_max": 81.7389761644383, "summary/local_acc_mean": 81.01931210114037, "summary/neighbor_acc_max": 79.41789317657683, "summary/neighbor_acc_mean": 79.02132670194895, "_wandb": {"runtime": 1162}}