{"train/epoch": 30, "train/avg_acc": 78.125, "train/duration_sec": 5.32051157951355, "_timestamp": 1763678273.3430529, "_runtime": 1142.9714379310608, "_step": 30, "gradients/prompt_learner.global_ctx": {"_type": "histogram", "values": [1.0, 0.0, 0.0, 0.0, 0.0, 0.0, 0.0, 0.0, 0.0, 0.0, 0.0, 0.0, 0.0, 0.0, 0.0, 0.0, 0.0, 0.0, 0.0, 0.0, 1.0, 2.0, 1.0, 3.0, 6.0, 11.0, 8.0, 9.0, 19.0, 12.0, 31.0, 37.0, 53.0, 93.0, 143.0, 185.0, 302.0, 457.0, 695.0, 997.0, 1079.0, 1076.0, 924.0, 686.0, 447.0, 296.0, 207.0, 134.0, 72.0, 57.0, 47.0, 21.0, 24.0, 12.0, 12.0, 8.0, 9.0, 4.0, 2.0, 4.0, 1.0, 2.0, 0.0, 2.0], "bins": [-1.1708775758743286, -1.1423062086105347, -1.1137348413467407, -1.0851635932922363, -1.0565922260284424, -1.0280208587646484, -0.9994494915008545, -0.9708781242370605, -0.9423068165779114, -0.9137354493141174, -0.8851640820503235, -0.8565927743911743, -0.8280214071273804, -0.7994500398635864, -0.7708787322044373, -0.7423073649406433, -0.7137360572814941, -0.6851646900177002, -0.6565933227539062, -0.6280220150947571, -0.5994506478309631, -0.5708792805671692, -0.54230797290802, -0.5137366056442261, -0.48516523838043213, -0.45659390091896057, -0.428022563457489, -0.39945122599601746, -0.3708798587322235, -0.34230852127075195, -0.3137371838092804, -0.28516581654548645, -0.2565944790840149, -0.22802312672138214, -0.19945178925991058, -0.17088043689727783, -0.14230909943580627, -0.11373774707317352, -0.08516639471054077, -0.05659504979848862, -0.028023704886436462, 0.0005476418882608414, 0.029118988662958145, 0.0576903373003006, 0.08626168221235275, 0.11483302712440491, 0.14340437948703766, 0.17197571694850922, 0.20054706931114197, 0.22911842167377472, 0.25768977403640747, 0.28626111149787903, 0.3148324489593506, 0.34340381622314453, 0.3719751536846161, 0.40054649114608765, 0.4291178584098816, 0.45768919587135315, 0.4862605333328247, 0.5148319005966187, 0.5434032082557678, 0.5719745755195618, 0.6005459427833557, 0.6291172504425049, 0.6576886177062988]}, "gradients/prompt_learner.local_u_ctx": {"_type": "histogram", "values": [2.0, 0.0, 1.0, 1.0, 1.0, 0.0, 0.0, 1.0, 1.0, 1.0, 2.0, 0.0, 0.0, 1.0, 0.0, 0.0, 3.0, 1.0, 2.0, 2.0, 0.0, 3.0, 4.0, 3.0, 0.0, 0.0, 5.0, 8.0, 1.0, 0.0, 2.0, 3.0, 3.0, 1.0, 0.0, 1.0, 2.0, 1.0, 0.0, 2.0, 0.0, 2.0, 0.0, 1.0, 0.0, 1.0, 0.0, 0.0, 1.0, 0.0, 0.0, 0.0, 0.0, 0.0, 0.0, 0.0, 0.0, 0.0, 0.0, 0.0, 0.0, 0.0, 0.0, 1.0], "bins": [-0.20926009118556976, -0.20142057538032532, -0.19358107447624207, -0.18574155867099762, -0.17790204286575317, -0.17006254196166992, -0.16222302615642548, -0.15438352525234222, -0.14654400944709778, -0.13870449364185333, -0.13086499273777008, -0.12302547693252563, -0.11518596857786179, -0.10734646022319794, -0.09950694441795349, -0.09166743606328964, -0.0838279277086258, -0.07598841935396194, -0.0681489109992981, -0.06030939519405365, -0.0524698868393898, -0.04463037848472595, -0.036790866404771805, -0.028951356187462807, -0.02111184597015381, -0.01327233575284481, -0.005432825535535812, 0.0024066846817731857, 0.010246194899082184, 0.018085705116391182, 0.02592521533370018, 0.03376472741365433, 0.04160425066947937, 0.04944375902414322, 0.057283271104097366, 0.06512278318405151, 0.07296229153871536, 0.08080179989337921, 0.08864131569862366, 0.0964808240532875, 0.10432033240795135, 0.1121598407626152, 0.11999934911727905, 0.1278388649225235, 0.13567838072776794, 0.1435178816318512, 0.15135739743709564, 0.1591968983411789, 0.16703641414642334, 0.17487592995166779, 0.18271543085575104, 0.19055494666099548, 0.19839444756507874, 0.20623396337032318, 0.21407347917556763, 0.22191298007965088, 0.22975249588489532, 0.23759201169013977, 0.24543151259422302, 0.2532710134983063, 0.2611105442047119, 0.26895004510879517, 0.2767895460128784, 0.28462907671928406, 0.2924685776233673]}, "gradients/prompt_learner.local_v_ctx": {"_type": "histogram", "values": [1.0, 0.0, 0.0, 0.0, 0.0, 0.0, 0.0, 0.0, 0.0, 0.0, 0.0, 0.0, 0.0, 0.0, 0.0, 0.0, 0.0, 0.0, 0.0, 0.0, 0.0, 0.0, 1.0, 1.0, 2.0, 1.0, 1.0, 4.0, 2.0, 5.0, 17.0, 18.0, 31.0, 33.0, 44.0, 39.0, 65.0, 64.0, 84.0, 112.0, 103.0, 152.0, 142.0, 143.0, 134.0, 136.0, 121.0, 103.0, 108.0, 92.0, 68.0, 54.0, 48.0, 39.0, 29.0, 13.0, 11.0, 4.0, 7.0, 8.0, 3.0, 2.0, 2.0, 1.0], "bins": [-0.825796365737915, -0.8069096207618713, -0.7880228161811829, -0.7691360712051392, -0.7502493262290955, -0.731362521648407, -0.7124757766723633, -0.6935890316963196, -0.6747022271156311, -0.6558154821395874, -0.6369287371635437, -0.6180419325828552, -0.5991551876068115, -0.5802684426307678, -0.5613816380500793, -0.5424948930740356, -0.5236080884933472, -0.5047213435173035, -0.48583459854125977, -0.4669478237628937, -0.4480610489845276, -0.4291743040084839, -0.4102875292301178, -0.3914007544517517, -0.372514009475708, -0.3536272346973419, -0.33474045991897583, -0.31585368514060974, -0.29696694016456604, -0.27808016538619995, -0.25919339060783386, -0.24030663073062897, -0.22141984105110168, -0.2025330811738968, -0.1836463063955307, -0.1647595465183258, -0.14587277173995972, -0.12698601186275482, -0.10809925198554993, -0.08921248465776443, -0.07032571732997894, -0.05143895000219345, -0.03255218639969826, -0.013665420934557915, 0.005221344530582428, 0.02410810999572277, 0.04299487546086311, 0.06188163906335831, 0.0807684063911438, 0.09965517371892929, 0.11854194104671478, 0.13742870092391968, 0.15631547570228577, 0.17520223557949066, 0.19408899545669556, 0.21297577023506165, 0.23186253011226654, 0.25074928998947144, 0.2696360647678375, 0.2885228395462036, 0.3074095845222473, 0.3262963593006134, 0.3451831340789795, 0.3640698790550232, 0.3829566538333893]}, "test/epoch": 30, "test/local_acc_avg": 82.96962786439899, "test/duration_sec": 314.117919921875, "test/neighbor_acc_avg": 81.29199842352786, "summary/local_acc_max": 85.00349754488123, "summary/local_acc_mean": 82.54858210045178, "summary/neighbor_acc_max": 82.96440524406415, "summary/neighbor_acc_mean": 80.8123784147091, "_wandb": {"runtime": 1142}}