{"train/epoch": 30, "train/avg_acc": 59.0625, "train/duration_sec": 5.178711652755737, "_timestamp": 1763685344.9493282, "_runtime": 1141.117876291275, "_step": 30, "gradients/prompt_learner.cluster_ctx": {"_type": "histogram", "values": [1.0, 0.0, 0.0, 0.0, 0.0, 0.0, 0.0, 0.0, 0.0, 0.0, 0.0, 0.0, 0.0, 0.0, 0.0, 0.0, 0.0, 0.0, 0.0, 0.0, 0.0, 0.0, 0.0, 0.0, 0.0, 0.0, 0.0, 0.0, 0.0, 0.0, 0.0, 0.0, 0.0, 0.0, 0.0, 0.0, 0.0, 0.0, 0.0, 0.0, 0.0, 0.0, 1.0, 0.0, 0.0, 0.0, 0.0, 0.0, 0.0, 0.0, 1.0, 0.0, 2.0, 11.0, 29.0, 86.0, 638.0, 3757.0, 3149.0, 384.0, 95.0, 28.0, 6.0, 4.0], "bins": [-4.5416364669799805, -4.463218688964844, -4.384800910949707, -4.30638313293457, -4.227965354919434, -4.149548053741455, -4.071130275726318, -3.9927124977111816, -3.914294719696045, -3.835876941680908, -3.7574591636657715, -3.679041624069214, -3.600623846054077, -3.5222060680389404, -3.443788528442383, -3.365370750427246, -3.2869529724121094, -3.2085351943969727, -3.130117416381836, -3.0516998767852783, -2.9732820987701416, -2.894864320755005, -2.8164467811584473, -2.7380290031433105, -2.659611225128174, -2.581193447113037, -2.5027756690979004, -2.4243581295013428, -2.345940351486206, -2.2675225734710693, -2.1891050338745117, -2.110687255859375, -2.0322697162628174, -1.9538519382476807, -1.875434160232544, -1.7970165014266968, -1.71859872341156, -1.640181064605713, -1.5617632865905762, -1.483345627784729, -1.4049278497695923, -1.3265101909637451, -1.2480924129486084, -1.1696747541427612, -1.0912569761276245, -1.0128393173217773, -0.9344215393066406, -0.8560038805007935, -0.7775861024856567, -0.6991684436798096, -0.6207506656646729, -0.5423330068588257, -0.46391525864601135, -0.3854975402355194, -0.30707982182502747, -0.22866210341453552, -0.15024438500404358, -0.07182666659355164, 0.006591051816940308, 0.08500877022743225, 0.1634264886379242, 0.24184420704841614, 0.3202619254589081, 0.3986796438694, 0.47709736227989197]}, "gradients/prompt_learner.global_ctx": {"_type": "histogram", "values": [1.0, 0.0, 0.0, 0.0, 0.0, 0.0, 0.0, 0.0, 0.0, 0.0, 0.0, 0.0, 0.0, 0.0, 0.0, 0.0, 0.0, 0.0, 0.0, 0.0, 0.0, 0.0, 0.0, 0.0, 0.0, 0.0, 0.0, 0.0, 0.0, 0.0, 0.0, 0.0, 0.0, 0.0, 0.0, 0.0, 0.0, 0.0, 0.0, 0.0, 0.0, 0.0, 1.0, 0.0, 0.0, 0.0, 0.0, 0.0, 0.0, 0.0, 1.0, 0.0, 2.0, 11.0, 29.0, 86.0, 638.0, 3757.0, 3149.0, 384.0, 95.0, 28.0, 6.0, 4.0], "bins": [-9.083272933959961, -8.926437377929688, -8.769601821899414, -8.61276626586914, -8.455930709838867, -8.29909610748291, -8.142260551452637, -7.985424995422363, -7.82858943939209, -7.671753883361816, -7.514918327331543, -7.358083248138428, -7.201247692108154, -7.044412136077881, -6.887577056884766, -6.730741500854492, -6.573905944824219, -6.417070388793945, -6.260234832763672, -6.103399753570557, -5.946564197540283, -5.78972864151001, -5.6328935623168945, -5.476058006286621, -5.319222450256348, -5.162386894226074, -5.005551338195801, -4.8487162590026855, -4.691880702972412, -4.535045146942139, -4.378210067749023, -4.22137451171875, -4.064539432525635, -3.9077038764953613, -3.750868320465088, -3.5940330028533936, -3.43719744682312, -3.280362129211426, -3.1235265731811523, -2.966691255569458, -2.8098556995391846, -2.6530203819274902, -2.496184825897217, -2.3393495082855225, -2.182513952255249, -2.0256786346435547, -1.8688430786132812, -1.712007761001587, -1.5551722049713135, -1.3983368873596191, -1.2415013313293457, -1.0846660137176514, -0.9278305172920227, -0.7709950804710388, -0.6141596436500549, -0.45732420682907104, -0.30048877000808716, -0.14365333318710327, 0.013182103633880615, 0.1700175404548645, 0.3268529772758484, 0.4836884140968323, 0.6405238509178162, 0.7973592877388, 0.9541947245597839]}, "gradients/prompt_learner.local_u_ctx": {"_type": "histogram", "values": [1.0, 0.0, 0.0, 0.0, 0.0, 2.0, 0.0, 0.0, 0.0, 0.0, 0.0, 0.0, 0.0, 0.0, 0.0, 0.0, 0.0, 0.0, 0.0, 0.0, 0.0, 0.0, 0.0, 0.0, 0.0, 0.0, 1.0, 1.0, 0.0, 1.0, 1.0, 0.0, 0.0, 1.0, 0.0, 0.0, 0.0, 2.0, 1.0, 0.0, 0.0, 0.0, 1.0, 0.0, 0.0, 0.0, 0.0, 1.0, 0.0, 0.0, 0.0, 0.0, 0.0, 0.0, 1.0, 0.0, 0.0, 0.0, 0.0, 0.0, 1.0, 0.0, 0.0, 1.0], "bins": [-0.1629069447517395, -0.15710724890232086, -0.15130756795406342, -0.14550787210464478, -0.13970819115638733, -0.1339084953069687, -0.12810879945755005, -0.122309111058712, -0.11650942265987396, -0.11070973426103592, -0.10491004586219788, -0.09911035001277924, -0.09331066161394119, -0.08751097321510315, -0.08171127736568451, -0.07591158896684647, -0.07011190056800842, -0.06431221216917038, -0.05851252004504204, -0.052712827920913696, -0.04691313952207565, -0.04111345112323761, -0.03531375899910927, -0.029514068737626076, -0.023714378476142883, -0.01791468821465969, -0.012114997953176498, -0.006315307691693306, -0.0005156174302101135, 0.005284072831273079, 0.011083763092756271, 0.016883453354239464, 0.022683143615722656, 0.02848283387720585, 0.03428252413868904, 0.04008221626281738, 0.045881904661655426, 0.05168159306049347, 0.05748128518462181, 0.06328097730875015, 0.0690806657075882, 0.07488035410642624, 0.08068004250526428, 0.08647973835468292, 0.09227942675352097, 0.09807911515235901, 0.10387881100177765, 0.10967849940061569, 0.11547818779945374, 0.12127787619829178, 0.12707756459712982, 0.13287726044654846, 0.1386769413948059, 0.14447663724422455, 0.1502763330936432, 0.15607601404190063, 0.16187570989131927, 0.16767540574073792, 0.17347508668899536, 0.179274782538414, 0.18507447838783264, 0.1908741593360901, 0.19667385518550873, 0.20247353613376617, 0.20827323198318481]}, "gradients/prompt_learner.local_v_ctx": {"_type": "histogram", "values": [2.0, 6.0, 1.0, 21.0, 28.0, 61.0, 67.0, 72.0, 65.0, 63.0, 59.0, 27.0, 27.0, 6.0, 1.0, 4.0, 1.0, 0.0, 0.0, 0.0, 0.0, 0.0, 0.0, 0.0, 0.0, 0.0, 0.0, 0.0, 0.0, 0.0, 0.0, 0.0, 0.0, 0.0, 0.0, 0.0, 0.0, 0.0, 0.0, 0.0, 0.0, 0.0, 0.0, 0.0, 0.0, 0.0, 0.0, 0.0, 0.0, 0.0, 0.0, 0.0, 0.0, 0.0, 0.0, 0.0, 0.0, 0.0, 0.0, 0.0, 0.0, 0.0, 0.0, 1.0], "bins": [-0.45308947563171387, -0.3975394368171692, -0.3419893682003021, -0.28643929958343506, -0.23088926076889038, -0.1753392070531845, -0.11978915333747864, -0.06423909962177277, -0.008689045906066895, 0.04686100780963898, 0.10241106152534485, 0.15796111524105072, 0.2135111689567566, 0.26906120777130127, 0.32461127638816833, 0.3801613450050354, 0.4357113838195801, 0.49126142263412476, 0.5468114614486694, 0.6023615598678589, 0.6579115986824036, 0.7134616374969482, 0.7690117359161377, 0.8245617747306824, 0.880111813545227, 0.9356618523597717, 0.9912118911743164, 1.0467619895935059, 1.1023120880126953, 1.1578620672225952, 1.2134121656417847, 1.2689621448516846, 1.324512243270874, 1.3800623416900635, 1.4356123208999634, 1.4911624193191528, 1.5467123985290527, 1.6022624969482422, 1.6578125953674316, 1.7133625745773315, 1.768912672996521, 1.8244627714157104, 1.8800127506256104, 1.9355628490447998, 1.9911129474639893, 2.0466630458831787, 2.102212905883789, 2.1577630043029785, 2.213313102722168, 2.2688632011413574, 2.324413299560547, 2.3799631595611572, 2.4355132579803467, 2.491063356399536, 2.5466134548187256, 2.602163553237915, 2.6577134132385254, 2.713263511657715, 2.7688136100769043, 2.8243637084960938, 2.879913806915283, 2.9354639053344727, 2.991013765335083, 3.0465638637542725, 3.102113962173462]}, "test/epoch": 30, "test/local_acc_avg": 73.5431748040947, "test/duration_sec": 324.4580821990967, "test/neighbor_acc_avg": 71.71286524904653, "summary/local_acc_max": 79.49119677528874, "summary/local_acc_mean": 75.06561745471674, "summary/neighbor_acc_max": 76.44855136467919, "summary/neighbor_acc_mean": 71.91278269775448, "_wandb": {"runtime": 1140}}