{"gradients/prompt_learner.global_ctx": {"_type": "histogram", "values": [1.0, 0.0, 0.0, 0.0, 1.0, 0.0, 1.0, 2.0, 3.0, 0.0, 2.0, 2.0, 5.0, 6.0, 13.0, 8.0, 13.0, 15.0, 29.0, 33.0, 52.0, 56.0, 84.0, 102.0, 145.0, 182.0, 273.0, 351.0, 413.0, 448.0, 575.0, 630.0, 634.0, 705.0, 601.0, 591.0, 484.0, 371.0, 308.0, 246.0, 191.0, 155.0, 122.0, 96.0, 63.0, 45.0, 23.0, 32.0, 21.0, 11.0, 12.0, 17.0, 4.0, 4.0, 4.0, 1.0, 0.0, 1.0, 1.0, 1.0, 2.0, 0.0, 0.0, 1.0], "bins": [-2.2272887229919434, -2.1598141193389893, -2.0923397541046143, -2.02486515045166, -1.9573906660079956, -1.8899160623550415, -1.822441577911377, -1.7549670934677124, -1.6874926090240479, -1.6200180053710938, -1.5525435209274292, -1.4850690364837646, -1.4175944328308105, -1.350119948387146, -1.2826454639434814, -1.2151708602905273, -1.1476963758468628, -1.0802218914031982, -1.0127472877502441, -0.9452728033065796, -0.877798318862915, -0.8103237748146057, -0.7428492307662964, -0.6753747463226318, -0.6079002022743225, -0.5404256582260132, -0.47295117378234863, -0.4054766297340393, -0.33800211548805237, -0.27052760124206543, -0.2030530720949173, -0.13557854294776917, -0.06810402870178223, -0.0006295070052146912, 0.06684501469135284, 0.13431954383850098, 0.20179405808448792, 0.26926857233047485, 0.3367431163787842, 0.4042176306247711, 0.47169214487075806, 0.5391666889190674, 0.6066411733627319, 0.6741157174110413, 0.7415902614593506, 0.8090647459030151, 0.8765392899513245, 0.944013774394989, 1.0114883184432983, 1.078962802886963, 1.146437406539917, 1.2139118909835815, 1.281386375427246, 1.3488609790802002, 1.4163354635238647, 1.4838099479675293, 1.5512845516204834, 1.618759036064148, 1.6862335205078125, 1.753708004951477, 1.8211826086044312, 1.8886570930480957, 1.9561315774917603, 2.023606061935425, 2.091080665588379]}, "_timestamp": 1763653505.8249393, "gradients/prompt_learner.local_ctx": {"_type": "histogram", "values": [1.0, 0.0, 0.0, 0.0, 1.0, 0.0, 1.0, 2.0, 3.0, 0.0, 2.0, 2.0, 5.0, 6.0, 13.0, 8.0, 13.0, 15.0, 29.0, 33.0, 52.0, 56.0, 84.0, 102.0, 145.0, 182.0, 273.0, 351.0, 413.0, 448.0, 575.0, 630.0, 634.0, 705.0, 601.0, 591.0, 484.0, 371.0, 308.0, 246.0, 191.0, 155.0, 122.0, 96.0, 63.0, 45.0, 23.0, 32.0, 21.0, 11.0, 12.0, 17.0, 4.0, 4.0, 4.0, 1.0, 0.0, 1.0, 1.0, 1.0, 2.0, 0.0, 0.0, 1.0], "bins": [-2.2272887229919434, -2.1598141193389893, -2.0923397541046143, -2.02486515045166, -1.9573906660079956, -1.8899160623550415, -1.822441577911377, -1.7549670934677124, -1.6874926090240479, -1.6200180053710938, -1.5525435209274292, -1.4850690364837646, -1.4175944328308105, -1.350119948387146, -1.2826454639434814, -1.2151708602905273, -1.1476963758468628, -1.0802218914031982, -1.0127472877502441, -0.9452728033065796, -0.877798318862915, -0.8103237748146057, -0.7428492307662964, -0.6753747463226318, -0.6079002022743225, -0.5404256582260132, -0.47295117378234863, -0.4054766297340393, -0.33800211548805237, -0.27052760124206543, -0.2030530720949173, -0.13557854294776917, -0.06810402870178223, -0.0006295070052146912, 0.06684501469135284, 0.13431954383850098, 0.20179405808448792, 0.26926857233047485, 0.3367431163787842, 0.4042176306247711, 0.47169214487075806, 0.5391666889190674, 0.6066411733627319, 0.6741157174110413, 0.7415902614593506, 0.8090647459030151, 0.8765392899513245, 0.944013774394989, 1.0114883184432983, 1.078962802886963, 1.146437406539917, 1.2139118909835815, 1.281386375427246, 1.3488609790802002, 1.4163354635238647, 1.4838099479675293, 1.5512845516204834, 1.618759036064148, 1.6862335205078125, 1.753708004951477, 1.8211826086044312, 1.8886570930480957, 1.9561315774917603, 2.023606061935425, 2.091080665588379]}, "_runtime": 1637.2678263187408, "_step": 27, "train/epoch": 27, "train/avg_acc": 35.3, "train/duration_sec": 57.791274547576904}