{"gradients/prompt_learner.global_ctx": {"_type": "histogram", "values": [1.0, 0.0, 0.0, 0.0, 0.0, 1.0, 1.0, 0.0, 1.0, 3.0, 3.0, 4.0, 6.0, 6.0, 12.0, 18.0, 16.0, 26.0, 45.0, 53.0, 70.0, 121.0, 169.0, 245.0, 326.0, 405.0, 503.0, 586.0, 697.0, 723.0, 781.0, 685.0, 598.0, 526.0, 400.0, 300.0, 242.0, 166.0, 136.0, 100.0, 61.0, 48.0, 33.0, 23.0, 13.0, 11.0, 9.0, 4.0, 7.0, 3.0, 1.0, 1.0, 0.0, 0.0, 0.0, 0.0, 0.0, 0.0, 0.0, 0.0, 0.0, 1.0, 0.0, 2.0], "bins": [-1.8889843225479126, -1.8261758089065552, -1.7633671760559082, -1.7005586624145508, -1.6377500295639038, -1.5749415159225464, -1.5121328830718994, -1.449324369430542, -1.3865158557891846, -1.3237072229385376, -1.2608987092971802, -1.1980900764465332, -1.1352815628051758, -1.0724729299545288, -1.0096644163131714, -0.9468558430671692, -0.884047269821167, -0.8212386965751648, -0.7584301233291626, -0.6956215500831604, -0.6328129768371582, -0.5700044631958008, -0.5071958899497986, -0.4443873167037964, -0.3815787434577942, -0.318770170211792, -0.2559615969657898, -0.19315305352210999, -0.1303444802761078, -0.06753591448068619, -0.004727348685264587, 0.05808121711015701, 0.12088990211486816, 0.18369847536087036, 0.24650703370571136, 0.30931559205055237, 0.37212416529655457, 0.43493273854255676, 0.4977412819862366, 0.5605498552322388, 0.623358428478241, 0.6861670017242432, 0.7489755749702454, 0.8117841482162476, 0.874592661857605, 0.9374012351036072, 1.0002098083496094, 1.0630184412002563, 1.1258269548416138, 1.1886354684829712, 1.2514441013336182, 1.3142526149749756, 1.3770612478256226, 1.43986976146698, 1.502678394317627, 1.5654869079589844, 1.6282954216003418, 1.6911040544509888, 1.7539125680923462, 1.8167212009429932, 1.8795297145843506, 1.9423383474349976, 2.0051469802856445, 2.067955493927002, 2.1307640075683594]}, "_timestamp": 1763653366.9536583, "gradients/prompt_learner.local_ctx": {"_type": "histogram", "values": [1.0, 0.0, 0.0, 0.0, 0.0, 1.0, 1.0, 0.0, 1.0, 3.0, 3.0, 4.0, 6.0, 6.0, 12.0, 18.0, 16.0, 26.0, 45.0, 53.0, 70.0, 121.0, 169.0, 245.0, 326.0, 405.0, 503.0, 586.0, 697.0, 723.0, 781.0, 685.0, 598.0, 526.0, 400.0, 300.0, 242.0, 166.0, 136.0, 100.0, 61.0, 48.0, 33.0, 23.0, 13.0, 11.0, 9.0, 4.0, 7.0, 3.0, 1.0, 1.0, 0.0, 0.0, 0.0, 0.0, 0.0, 0.0, 0.0, 0.0, 0.0, 1.0, 0.0, 2.0], "bins": [-1.8889843225479126, -1.8261758089065552, -1.7633671760559082, -1.7005586624145508, -1.6377500295639038, -1.5749415159225464, -1.5121328830718994, -1.449324369430542, -1.3865158557891846, -1.3237072229385376, -1.2608987092971802, -1.1980900764465332, -1.1352815628051758, -1.0724729299545288, -1.0096644163131714, -0.9468558430671692, -0.884047269821167, -0.8212386965751648, -0.7584301233291626, -0.6956215500831604, -0.6328129768371582, -0.5700044631958008, -0.5071958899497986, -0.4443873167037964, -0.3815787434577942, -0.318770170211792, -0.2559615969657898, -0.19315305352210999, -0.1303444802761078, -0.06753591448068619, -0.004727348685264587, 0.05808121711015701, 0.12088990211486816, 0.18369847536087036, 0.24650703370571136, 0.30931559205055237, 0.37212416529655457, 0.43493273854255676, 0.4977412819862366, 0.5605498552322388, 0.623358428478241, 0.6861670017242432, 0.7489755749702454, 0.8117841482162476, 0.874592661857605, 0.9374012351036072, 1.0002098083496094, 1.0630184412002563, 1.1258269548416138, 1.1886354684829712, 1.2514441013336182, 1.3142526149749756, 1.3770612478256226, 1.43986976146698, 1.502678394317627, 1.5654869079589844, 1.6282954216003418, 1.6911040544509888, 1.7539125680923462, 1.8167212009429932, 1.8795297145843506, 1.9423383474349976, 2.0051469802856445, 2.067955493927002, 2.1307640075683594]}, "_runtime": 1498.3965454101562, "_step": 25, "train/epoch": 25, "train/avg_acc": 35.375, "train/duration_sec": 57.80944085121155}