{"train/epoch": 30, "train/avg_acc": 79.21875, "train/duration_sec": 5.226266145706177, "_timestamp": 1763674701.6398196, "_runtime": 1131.3643026351929, "_step": 30, "gradients/prompt_learner.cluster_ctx": {"_type": "histogram", "values": [1.0, 0.0, 0.0, 0.0, 0.0, 0.0, 0.0, 0.0, 0.0, 0.0, 0.0, 0.0, 0.0, 0.0, 0.0, 0.0, 0.0, 0.0, 1.0, 0.0, 0.0, 1.0, 0.0, 0.0, 0.0, 0.0, 1.0, 0.0, 2.0, 3.0, 2.0, 3.0, 9.0, 9.0, 12.0, 24.0, 26.0, 53.0, 87.0, 165.0, 250.0, 409.0, 642.0, 955.0, 1220.0, 1234.0, 1045.0, 777.0, 492.0, 286.0, 174.0, 110.0, 69.0, 52.0, 24.0, 15.0, 12.0, 9.0, 7.0, 2.0, 3.0, 3.0, 2.0, 1.0], "bins": [-0.8314408659934998, -0.8130422234535217, -0.7946435809135437, -0.7762449383735657, -0.7578462958335876, -0.7394476532936096, -0.7210490107536316, -0.7026503682136536, -0.6842517256736755, -0.6658530831336975, -0.6474544405937195, -0.6290557980537415, -0.6106571555137634, -0.5922585129737854, -0.5738598704338074, -0.5554612278938293, -0.5370625257492065, -0.5186638832092285, -0.5002652406692505, -0.48186662793159485, -0.4634679853916168, -0.4450693428516388, -0.42667070031166077, -0.40827205777168274, -0.3898733854293823, -0.3714747428894043, -0.35307610034942627, -0.33467745780944824, -0.3162788152694702, -0.2978801727294922, -0.27948153018951416, -0.26108288764953613, -0.2426842451095581, -0.22428560256958008, -0.20588696002960205, -0.18748831748962402, -0.169089674949646, -0.15069101750850677, -0.13229237496852875, -0.11389373242855072, -0.09549508988857269, -0.07709644734859467, -0.05869780108332634, -0.040299154818058014, -0.021900512278079987, -0.00350186787545681, 0.014896776527166367, 0.03329542279243469, 0.05169406533241272, 0.07009270787239075, 0.08849135041236877, 0.1068900004029274, 0.12528863549232483, 0.14368729293346405, 0.16208593547344208, 0.1804845780134201, 0.19888322055339813, 0.21728186309337616, 0.2356805056333542, 0.2540791630744934, 0.27247780561447144, 0.29087644815444946, 0.3092750906944275, 0.3276737332344055, 0.34607237577438354]}, "gradients/prompt_learner.global_ctx": {"_type": "histogram", "values": [1.0, 0.0, 0.0, 0.0, 0.0, 0.0, 0.0, 0.0, 0.0, 0.0, 0.0, 0.0, 0.0, 0.0, 0.0, 0.0, 0.0, 0.0, 1.0, 0.0, 0.0, 1.0, 0.0, 0.0, 0.0, 0.0, 1.0, 0.0, 2.0, 3.0, 2.0, 3.0, 9.0, 9.0, 12.0, 24.0, 26.0, 53.0, 87.0, 165.0, 250.0, 409.0, 642.0, 955.0, 1220.0, 1234.0, 1045.0, 777.0, 492.0, 286.0, 174.0, 110.0, 69.0, 52.0, 24.0, 15.0, 12.0, 9.0, 7.0, 2.0, 3.0, 3.0, 2.0, 1.0], "bins": [-1.6628817319869995, -1.6260844469070435, -1.5892871618270874, -1.5524898767471313, -1.5156925916671753, -1.4788953065872192, -1.4420980215072632, -1.4053007364273071, -1.368503451347351, -1.331706166267395, -1.294908881187439, -1.258111596107483, -1.2213143110275269, -1.1845170259475708, -1.1477197408676147, -1.1109224557876587, -1.074125051498413, -1.037327766418457, -1.000530481338501, -0.9637332558631897, -0.9269359707832336, -0.8901386857032776, -0.8533414006233215, -0.8165441155433655, -0.7797467708587646, -0.7429494857788086, -0.7061522006988525, -0.6693549156188965, -0.6325576305389404, -0.5957603454589844, -0.5589630603790283, -0.5221657752990723, -0.4853684902191162, -0.44857120513916016, -0.4117739200592041, -0.37497663497924805, -0.338179349899292, -0.30138203501701355, -0.2645847499370575, -0.22778746485710144, -0.19099017977714539, -0.15419289469718933, -0.11739560216665268, -0.08059830963611603, -0.04380102455615997, -0.00700373575091362, 0.029793553054332733, 0.06659084558486938, 0.10338813066482544, 0.1401854157447815, 0.17698270082473755, 0.2137800008058548, 0.25057727098464966, 0.2873745858669281, 0.32417187094688416, 0.3609691560268402, 0.39776644110679626, 0.4345637261867523, 0.4713610112667084, 0.5081583261489868, 0.5449556112289429, 0.5817528963088989, 0.618550181388855, 0.655347466468811, 0.6921447515487671]}, "gradients/prompt_learner.local_u_ctx": {"_type": "histogram", "values": [1.0, 0.0, 0.0, 0.0, 0.0, 0.0, 0.0, 0.0, 0.0, 0.0, 0.0, 0.0, 0.0, 0.0, 1.0, 3.0, 1.0, 0.0, 0.0, 3.0, 0.0, 2.0, 2.0, 0.0, 4.0, 1.0, 3.0, 2.0, 2.0, 2.0, 2.0, 3.0, 3.0, 1.0, 3.0, 5.0, 3.0, 1.0, 2.0, 1.0, 2.0, 0.0, 0.0, 1.0, 3.0, 0.0, 2.0, 1.0, 0.0, 1.0, 0.0, 0.0, 0.0, 0.0, 1.0, 0.0, 0.0, 1.0, 0.0, 0.0, 0.0, 0.0, 0.0, 1.0], "bins": [-0.26795291900634766, -0.2588384449481964, -0.24972397089004517, -0.24060949683189392, -0.23149502277374268, -0.22238056361675262, -0.21326608955860138, -0.20415161550045013, -0.1950371414422989, -0.18592266738414764, -0.1768081933259964, -0.16769371926784515, -0.1585792601108551, -0.14946478605270386, -0.1403503119945526, -0.13123583793640137, -0.12212136387825012, -0.11300688982009888, -0.10389241576194763, -0.09477794915437698, -0.08566347509622574, -0.0765490010380745, -0.06743453443050385, -0.0583200603723526, -0.049205586314201355, -0.04009111225605011, -0.030976641923189163, -0.021862169727683067, -0.012747697532176971, -0.0036332253366708755, 0.00548124685883522, 0.014595719054341316, 0.0237102210521698, 0.032824695110321045, 0.04193916544318199, 0.05105363577604294, 0.06016810983419418, 0.06928258389234543, 0.07839705049991608, 0.08751152455806732, 0.09662599861621857, 0.10574047267436981, 0.11485494673252106, 0.1239694133400917, 0.13308387994766235, 0.1421983540058136, 0.15131282806396484, 0.1604273021221161, 0.16954177618026733, 0.17865625023841858, 0.18777072429656982, 0.19688519835472107, 0.20599967241287231, 0.21511413156986237, 0.2242286056280136, 0.23334307968616486, 0.2424575537443161, 0.25157201290130615, 0.2606864869594574, 0.26980096101760864, 0.2789154350757599, 0.28802990913391113, 0.2971443831920624, 0.3062588572502136, 0.31537333130836487]}, "gradients/prompt_learner.local_v_ctx": {"_type": "histogram", "values": [1.0, 0.0, 0.0, 0.0, 0.0, 0.0, 0.0, 0.0, 0.0, 0.0, 1.0, 0.0, 1.0, 0.0, 0.0, 1.0, 1.0, 1.0, 0.0, 2.0, 4.0, 3.0, 2.0, 5.0, 11.0, 15.0, 16.0, 24.0, 28.0, 33.0, 55.0, 76.0, 69.0, 98.0, 118.0, 132.0, 140.0, 149.0, 145.0, 119.0, 141.0, 111.0, 111.0, 90.0, 70.0, 53.0, 52.0, 45.0, 43.0, 23.0, 13.0, 11.0, 10.0, 5.0, 4.0, 5.0, 4.0, 3.0, 1.0, 1.0, 0.0, 0.0, 0.0, 2.0], "bins": [-0.7821058630943298, -0.7617405652999878, -0.741375207901001, -0.7210099101066589, -0.7006446123123169, -0.6802792549133301, -0.659913957118988, -0.6395485997200012, -0.6191833019256592, -0.5988180041313171, -0.5784526467323303, -0.5580873489379883, -0.5377219915390015, -0.5173566937446594, -0.4969913959503174, -0.47662606835365295, -0.4562607407569885, -0.4358954131603241, -0.41553008556365967, -0.3951647877693176, -0.3747994601726532, -0.35443413257598877, -0.33406883478164673, -0.3137035071849823, -0.29333817958831787, -0.27297285199165344, -0.252607524394989, -0.23224222660064697, -0.21187689900398254, -0.19151157140731812, -0.17114625871181488, -0.15078094601631165, -0.130415678024292, -0.11005035787820816, -0.08968503773212433, -0.0693197175860405, -0.048954397439956665, -0.028589077293872833, -0.008223757147789001, 0.01214156299829483, 0.03250688314437866, 0.052872203290462494, 0.07323752343654633, 0.09360284358263016, 0.11396816372871399, 0.13433349132537842, 0.15469880402088165, 0.1750641167163849, 0.19542944431304932, 0.21579477190971375, 0.23616008460521698, 0.2565253973007202, 0.27689072489738464, 0.2972560524940491, 0.3176213502883911, 0.33798667788505554, 0.35835200548171997, 0.3787173330783844, 0.39908266067504883, 0.41944795846939087, 0.4398132860660553, 0.4601786136627197, 0.48054391145706177, 0.5009092688560486, 0.5212745666503906]}, "test/epoch": 30, "test/local_acc_avg": 74.01338111199387, "test/duration_sec": 326.0950584411621, "test/neighbor_acc_avg": 72.54297748675094, "summary/local_acc_max": 83.51517687809341, "summary/local_acc_mean": 76.21756766978841, "summary/neighbor_acc_max": 82.13401160856405, "summary/neighbor_acc_mean": 76.13782194605528, "_wandb": {"runtime": 1130}}