{"train/epoch": 30, "train/avg_acc": 70.08928571428571, "train/duration_sec": 18.50728487968445, "_timestamp": 1763657615.6594112, "_runtime": 984.7918291091919, "_step": 30, "gradients/prompt_learner.global_ctx": {"_type": "histogram", "values": [1.0, 0.0, 0.0, 0.0, 0.0, 0.0, 0.0, 2.0, 0.0, 0.0, 0.0, 0.0, 0.0, 1.0, 2.0, 2.0, 6.0, 1.0, 4.0, 12.0, 5.0, 15.0, 14.0, 29.0, 51.0, 49.0, 65.0, 88.0, 116.0, 177.0, 233.0, 301.0, 347.0, 410.0, 495.0, 562.0, 613.0, 636.0, 700.0, 597.0, 555.0, 475.0, 362.0, 320.0, 245.0, 188.0, 127.0, 93.0, 100.0, 56.0, 40.0, 28.0, 26.0, 13.0, 9.0, 7.0, 2.0, 4.0, 2.0, 2.0, 0.0, 2.0, 0.0, 2.0], "bins": [-2.93302059173584, -2.8551690578460693, -2.777317523956299, -2.6994659900665283, -2.621614456176758, -2.5437629222869873, -2.465911388397217, -2.3880598545074463, -2.310208320617676, -2.232356548309326, -2.1545050144195557, -2.076653480529785, -1.9988019466400146, -1.9209504127502441, -1.8430988788604736, -1.7652473449707031, -1.6873958110809326, -1.609544277191162, -1.5316927433013916, -1.453841209411621, -1.3759896755218506, -1.2981380224227905, -1.22028648853302, -1.1424349546432495, -1.064583420753479, -0.9867318868637085, -0.908880352973938, -0.8310287594795227, -0.7531772255897522, -0.6753256916999817, -0.5974740982055664, -0.5196225643157959, -0.4417710304260254, -0.3639194965362549, -0.286067932844162, -0.20821638405323029, -0.13036483526229858, -0.05251328647136688, 0.02533826231956482, 0.10318981111049652, 0.18104135990142822, 0.25889289379119873, 0.3367444574832916, 0.4145960211753845, 0.49244755506515503, 0.5702990889549255, 0.6481506824493408, 0.7260022163391113, 0.8038537502288818, 0.8817052841186523, 0.9595568180084229, 1.0374083518981934, 1.1152598857879639, 1.193111538887024, 1.2709630727767944, 1.348814606666565, 1.4266661405563354, 1.504517674446106, 1.5823692083358765, 1.660220742225647, 1.738072395324707, 1.8159239292144775, 1.893775463104248, 1.9716269969940186, 2.049478530883789]}, "gradients/prompt_learner.local_u_ctx": {"_type": "histogram", "values": [1.0, 0.0, 0.0, 0.0, 0.0, 0.0, 2.0, 0.0, 1.0, 0.0, 1.0, 1.0, 2.0, 0.0, 2.0, 2.0, 2.0, 3.0, 2.0, 3.0, 1.0, 2.0, 8.0, 4.0, 6.0, 2.0, 8.0, 12.0, 10.0, 8.0, 15.0, 11.0, 20.0, 10.0, 7.0, 11.0, 11.0, 10.0, 9.0, 9.0, 7.0, 8.0, 2.0, 2.0, 6.0, 7.0, 2.0, 2.0, 8.0, 2.0, 2.0, 2.0, 1.0, 1.0, 1.0, 0.0, 1.0, 1.0, 0.0, 1.0, 1.0, 0.0, 1.0, 2.0], "bins": [-1.496885895729065, -1.4561116695404053, -1.4153374433517456, -1.374563217163086, -1.3337891101837158, -1.2930148839950562, -1.2522406578063965, -1.2114664316177368, -1.1706922054290771, -1.1299179792404175, -1.0891437530517578, -1.0483695268630981, -1.0075953006744385, -0.9668211340904236, -0.9260469675064087, -0.885272741317749, -0.8444985151290894, -0.8037242889404297, -0.76295006275177, -0.7221758961677551, -0.6814016699790955, -0.6406274437904358, -0.5998532772064209, -0.5590790510177612, -0.5183048248291016, -0.4775305986404419, -0.4367564022541046, -0.39598220586776733, -0.35520797967910767, -0.314433753490448, -0.2736595571041107, -0.23288534581661224, -0.19211113452911377, -0.1513369232416153, -0.11056271195411682, -0.06978850066661835, -0.029014289379119873, 0.011759921908378601, 0.052534133195877075, 0.09330834448337555, 0.13408255577087402, 0.1748567670583725, 0.21563097834587097, 0.25640517473220825, 0.2971794009208679, 0.3379536271095276, 0.37872782349586487, 0.41950201988220215, 0.4602762460708618, 0.5010504722595215, 0.5418246984481812, 0.582598865032196, 0.6233730912208557, 0.6641473174095154, 0.7049214839935303, 0.7456957101821899, 0.7864699363708496, 0.8272441625595093, 0.868018388748169, 0.9087925553321838, 0.9495667815208435, 0.9903410077095032, 1.031115174293518, 1.0718894004821777, 1.1126636266708374]}, "gradients/prompt_learner.local_v_ctx": {"_type": "histogram", "values": [1.0, 0.0, 0.0, 0.0, 0.0, 0.0, 0.0, 0.0, 0.0, 0.0, 0.0, 1.0, 0.0, 0.0, 0.0, 1.0, 0.0, 0.0, 0.0, 0.0, 1.0, 1.0, 4.0, 1.0, 1.0, 5.0, 11.0, 6.0, 20.0, 40.0, 53.0, 109.0, 131.0, 174.0, 281.0, 336.0, 457.0, 576.0, 664.0, 685.0, 776.0, 716.0, 641.0, 601.0, 503.0, 418.0, 307.0, 203.0, 163.0, 120.0, 72.0, 49.0, 34.0, 13.0, 5.0, 6.0, 3.0, 1.0, 0.0, 1.0, 0.0, 0.0, 0.0, 1.0], "bins": [-3.85382080078125, -3.759161949157715, -3.6645030975341797, -3.5698442459106445, -3.4751853942871094, -3.380526542663574, -3.285867691040039, -3.191208839416504, -3.0965499877929688, -3.0018911361694336, -2.9072322845458984, -2.8125734329223633, -2.717914581298828, -2.623255729675293, -2.528596878051758, -2.4339380264282227, -2.3392791748046875, -2.2446203231811523, -2.149961471557617, -2.055302619934082, -1.9606437683105469, -1.8659849166870117, -1.7713260650634766, -1.6766672134399414, -1.5820083618164062, -1.487349510192871, -1.392690658569336, -1.2980318069458008, -1.2033729553222656, -1.1087141036987305, -1.0140552520751953, -0.9193964004516602, -0.8247373104095459, -0.7300784587860107, -0.6354196071624756, -0.5407607555389404, -0.4461019039154053, -0.3514430522918701, -0.25678420066833496, -0.1621253490447998, -0.06746649742126465, 0.027192354202270508, 0.12185120582580566, 0.21651005744934082, 0.311168909072876, 0.40582776069641113, 0.5004866123199463, 0.5951454639434814, 0.6898043155670166, 0.7844631671905518, 0.8791220188140869, 0.9737808704376221, 1.0684397220611572, 1.1630985736846924, 1.2577574253082275, 1.3524162769317627, 1.4470751285552979, 1.541733980178833, 1.6363928318023682, 1.7310516834259033, 1.8257105350494385, 1.9203693866729736, 2.015028238296509, 2.109687089920044, 2.204345941543579]}, "test/epoch": 30, "test/local_acc_avg": 85.65813166250396, "test/duration_sec": 143.4799747467041, "test/neighbor_acc_avg": 83.59562078304275, "summary/local_acc_max": 85.65813166250396, "summary/local_acc_mean": 78.57971745599818, "summary/neighbor_acc_max": 83.59562078304275, "summary/neighbor_acc_mean": 77.13746753547123, "_wandb": {"runtime": 980}}