{"gradients/prompt_learner.global_ctx": {"_type": "histogram", "values": [2.0, 0.0, 1.0, 0.0, 2.0, 1.0, 3.0, 4.0, 4.0, 5.0, 8.0, 10.0, 17.0, 36.0, 43.0, 76.0, 106.0, 146.0, 219.0, 367.0, 556.0, 785.0, 1059.0, 1192.0, 966.0, 784.0, 641.0, 415.0, 234.0, 168.0, 102.0, 74.0, 40.0, 27.0, 27.0, 18.0, 9.0, 16.0, 7.0, 5.0, 5.0, 4.0, 1.0, 0.0, 3.0, 0.0, 0.0, 0.0, 1.0, 0.0, 0.0, 1.0, 0.0, 0.0, 0.0, 0.0, 0.0, 0.0, 0.0, 0.0, 1.0, 0.0, 0.0, 1.0], "bins": [-0.9197090864181519, -0.8807840943336487, -0.8418591022491455, -0.8029341101646423, -0.7640091180801392, -0.7250840663909912, -0.686159074306488, -0.6472340822219849, -0.6083090901374817, -0.5693840980529785, -0.5304591059684753, -0.4915340840816498, -0.4526090919971466, -0.41368409991264343, -0.37475907802581787, -0.3358340859413147, -0.2969090938568115, -0.25798410177230835, -0.21905909478664398, -0.18013408780097961, -0.14120909571647644, -0.10228409618139267, -0.0633590966463089, -0.024434097111225128, 0.014490902423858643, 0.05341590195894241, 0.09234090149402618, 0.13126590847969055, 0.17019090056419373, 0.2091158926486969, 0.24804089963436127, 0.28696590662002563, 0.32589077949523926, 0.36481577157974243, 0.4037407636642456, 0.44266578555107117, 0.48159077763557434, 0.5205157995223999, 0.5594407916069031, 0.5983657836914062, 0.6372907757759094, 0.6762157678604126, 0.7151407599449158, 0.754065752029419, 0.7929908037185669, 0.8319157958030701, 0.8708407878875732, 0.9097657799720764, 0.9486907720565796, 0.9876157641410828, 1.026540756225586, 1.0654658079147339, 1.1043907403945923, 1.1433157920837402, 1.1822407245635986, 1.2211657762527466, 1.2600908279418945, 1.299015760421753, 1.3379408121109009, 1.3768657445907593, 1.4157907962799072, 1.4547157287597656, 1.4936407804489136, 1.532565712928772, 1.57149076461792]}, "_timestamp": 1763637191.668011, "gradients/prompt_learner.local_ctx": {"_type": "histogram", "values": [2.0, 0.0, 1.0, 0.0, 2.0, 1.0, 3.0, 4.0, 4.0, 5.0, 8.0, 10.0, 17.0, 36.0, 43.0, 76.0, 106.0, 146.0, 219.0, 367.0, 556.0, 785.0, 1059.0, 1192.0, 966.0, 784.0, 641.0, 415.0, 234.0, 168.0, 102.0, 74.0, 40.0, 27.0, 27.0, 18.0, 9.0, 16.0, 7.0, 5.0, 5.0, 4.0, 1.0, 0.0, 3.0, 0.0, 0.0, 0.0, 1.0, 0.0, 0.0, 1.0, 0.0, 0.0, 0.0, 0.0, 0.0, 0.0, 0.0, 0.0, 1.0, 0.0, 0.0, 1.0], "bins": [-0.9197090864181519, -0.8807840943336487, -0.8418591022491455, -0.8029341101646423, -0.7640091180801392, -0.7250840663909912, -0.686159074306488, -0.6472340822219849, -0.6083090901374817, -0.5693840980529785, -0.5304591059684753, -0.4915340840816498, -0.4526090919971466, -0.41368409991264343, -0.37475907802581787, -0.3358340859413147, -0.2969090938568115, -0.25798410177230835, -0.21905909478664398, -0.18013408780097961, -0.14120909571647644, -0.10228409618139267, -0.0633590966463089, -0.024434097111225128, 0.014490902423858643, 0.05341590195894241, 0.09234090149402618, 0.13126590847969055, 0.17019090056419373, 0.2091158926486969, 0.24804089963436127, 0.28696590662002563, 0.32589077949523926, 0.36481577157974243, 0.4037407636642456, 0.44266578555107117, 0.48159077763557434, 0.5205157995223999, 0.5594407916069031, 0.5983657836914062, 0.6372907757759094, 0.6762157678604126, 0.7151407599449158, 0.754065752029419, 0.7929908037185669, 0.8319157958030701, 0.8708407878875732, 0.9097657799720764, 0.9486907720565796, 0.9876157641410828, 1.026540756225586, 1.0654658079147339, 1.1043907403945923, 1.1433157920837402, 1.1822407245635986, 1.2211657762527466, 1.2600908279418945, 1.299015760421753, 1.3379408121109009, 1.3768657445907593, 1.4157907962799072, 1.4547157287597656, 1.4936407804489136, 1.532565712928772, 1.57149076461792]}, "_runtime": 2268.3048980236053, "_step": 30, "train/epoch": 30, "train/avg_acc": 59.625, "train/duration_sec": 57.299582958221436, "test/epoch": 30, "test/local_acc_avg": 61.18415089840834, "test/duration_sec": 181.25979685783386, "test/neighbor_acc_avg": 61.4202497930161, "summary/local_acc_max": 61.18415089840834, "summary/local_acc_mean": 57.39945030175281, "summary/neighbor_acc_max": 61.4202497930161, "summary/neighbor_acc_mean": 57.68081814610472, "_wandb": {"runtime": 2266}}