{"train/epoch": 30, "train/avg_acc": 71.875, "train/duration_sec": 18.65871548652649, "_timestamp": 1763664948.9794238, "_runtime": 973.1760637760162, "_step": 30, "gradients/prompt_learner.cluster_ctx": {"_type": "histogram", "values": [1.0, 0.0, 0.0, 0.0, 0.0, 0.0, 0.0, 0.0, 0.0, 0.0, 0.0, 0.0, 1.0, 0.0, 0.0, 1.0, 1.0, 0.0, 0.0, 5.0, 6.0, 8.0, 12.0, 15.0, 20.0, 33.0, 44.0, 56.0, 97.0, 126.0, 171.0, 224.0, 321.0, 490.0, 685.0, 892.0, 1085.0, 1049.0, 829.0, 586.0, 421.0, 294.0, 206.0, 144.0, 88.0, 79.0, 45.0, 49.0, 25.0, 27.0, 15.0, 16.0, 3.0, 8.0, 4.0, 1.0, 2.0, 1.0, 1.0, 2.0, 2.0, 0.0, 0.0, 1.0], "bins": [-1.6443021297454834, -1.5996606349945068, -1.5550191402435303, -1.5103775262832642, -1.4657360315322876, -1.421094536781311, -1.3764530420303345, -1.3318114280700684, -1.2871699333190918, -1.2425284385681152, -1.1978869438171387, -1.153245449066162, -1.108603835105896, -1.0639623403549194, -1.0193208456039429, -0.9746792912483215, -0.930037796497345, -0.8853963017463684, -0.8407547473907471, -0.7961132526397705, -0.7514716982841492, -0.7068302035331726, -0.6621886491775513, -0.6175471544265747, -0.5729056596755981, -0.5282641053199768, -0.48362258076667786, -0.4389810562133789, -0.39433956146240234, -0.3496980369091034, -0.30505651235580444, -0.2604149878025055, -0.21577346324920654, -0.1711319386959076, -0.12649041414260864, -0.08184890449047089, -0.037207379937171936, 0.007434140890836716, 0.05207566171884537, 0.09671717882156372, 0.14135870337486267, 0.18600022792816162, 0.23064175248146057, 0.2752832770347595, 0.3199247717857361, 0.36456629633903503, 0.409207820892334, 0.45384934544563293, 0.4984908699989319, 0.5431323647499084, 0.5877739191055298, 0.6324154138565063, 0.6770569682121277, 0.7216984629631042, 0.7663400173187256, 0.8109815120697021, 0.8556230068206787, 0.9002645611763, 0.9449060559272766, 0.989547610282898, 1.0341891050338745, 1.078830599784851, 1.1234722137451172, 1.1681137084960938, 1.2127552032470703]}, "gradients/prompt_learner.global_ctx": {"_type": "histogram", "values": [1.0, 0.0, 0.0, 0.0, 0.0, 0.0, 0.0, 0.0, 0.0, 0.0, 0.0, 0.0, 1.0, 0.0, 0.0, 1.0, 1.0, 0.0, 0.0, 5.0, 6.0, 8.0, 12.0, 15.0, 20.0, 33.0, 44.0, 56.0, 97.0, 126.0, 171.0, 224.0, 321.0, 490.0, 685.0, 892.0, 1085.0, 1049.0, 829.0, 586.0, 421.0, 294.0, 206.0, 144.0, 88.0, 79.0, 45.0, 49.0, 25.0, 27.0, 15.0, 16.0, 3.0, 8.0, 4.0, 1.0, 2.0, 1.0, 1.0, 2.0, 2.0, 0.0, 0.0, 1.0], "bins": [-3.288604259490967, -3.1993212699890137, -3.1100382804870605, -3.0207550525665283, -2.931472063064575, -2.842189073562622, -2.752906084060669, -2.6636228561401367, -2.5743398666381836, -2.4850568771362305, -2.3957738876342773, -2.306490898132324, -2.217207670211792, -2.127924680709839, -2.0386416912078857, -1.949358582496643, -1.86007559299469, -1.7707926034927368, -1.6815094947814941, -1.592226505279541, -1.5029433965682983, -1.4136604070663452, -1.3243772983551025, -1.2350943088531494, -1.1458113193511963, -1.0565282106399536, -0.9672451615333557, -0.8779621124267578, -0.7886791229248047, -0.6993960738182068, -0.6101130247116089, -0.520829975605011, -0.4315469264984131, -0.3422638773918152, -0.2529808282852173, -0.16369780898094177, -0.07441475987434387, 0.014868281781673431, 0.10415132343769073, 0.19343435764312744, 0.28271740674972534, 0.37200045585632324, 0.46128350496292114, 0.550566554069519, 0.6398495435714722, 0.7291325926780701, 0.818415641784668, 0.9076986908912659, 0.9969817399978638, 1.086264729499817, 1.1755478382110596, 1.2648308277130127, 1.3541139364242554, 1.4433969259262085, 1.5326800346374512, 1.6219630241394043, 1.7112460136413574, 1.8005291223526, 1.8898121118545532, 1.979095220565796, 2.068378210067749, 2.157661199569702, 2.2469444274902344, 2.3362274169921875, 2.4255104064941406]}, "gradients/prompt_learner.local_u_ctx": {"_type": "histogram", "values": [1.0, 2.0, 0.0, 0.0, 0.0, 0.0, 0.0, 2.0, 1.0, 0.0, 4.0, 2.0, 2.0, 3.0, 3.0, 2.0, 4.0, 2.0, 9.0, 8.0, 6.0, 7.0, 10.0, 8.0, 13.0, 13.0, 12.0, 16.0, 14.0, 17.0, 14.0, 16.0, 11.0, 11.0, 12.0, 7.0, 3.0, 5.0, 4.0, 2.0, 0.0, 0.0, 2.0, 0.0, 0.0, 0.0, 1.0, 0.0, 3.0, 0.0, 1.0, 0.0, 2.0, 0.0, 0.0, 0.0, 0.0, 0.0, 0.0, 0.0, 0.0, 0.0, 0.0, 1.0], "bins": [-1.1385419368743896, -1.0974620580673218, -1.056382179260254, -1.0153024196624756, -0.9742225408554077, -0.9331426620483398, -0.892062783241272, -0.8509829640388489, -0.809903085231781, -0.7688232064247131, -0.72774338722229, -0.6866635084152222, -0.6455836296081543, -0.6045038104057312, -0.5634239315986633, -0.5223441123962402, -0.48126423358917236, -0.4401843845844269, -0.3991045355796814, -0.3580246567726135, -0.31694480776786804, -0.27586495876312256, -0.23478509485721588, -0.1937052309513092, -0.15262538194656372, -0.11154552549123764, -0.07046566903591156, -0.02938581258058548, 0.0116940438747406, 0.05277390033006668, 0.09385375678539276, 0.13493362069129944, 0.17601358890533447, 0.21709343791007996, 0.25817328691482544, 0.2992531657218933, 0.3403330147266388, 0.3814128637313843, 0.42249274253845215, 0.46357259154319763, 0.5046524405479431, 0.545732319355011, 0.5868121385574341, 0.627892017364502, 0.6689718961715698, 0.7100517153739929, 0.7511315941810608, 0.7922114133834839, 0.8332912921905518, 0.8743711709976196, 0.9154509902000427, 0.9565308690071106, 0.9976106882095337, 1.0386905670166016, 1.0797704458236694, 1.1208503246307373, 1.1619300842285156, 1.2030099630355835, 1.2440898418426514, 1.2851697206497192, 1.326249599456787, 1.367329478263855, 1.4084092378616333, 1.4494891166687012, 1.490568995475769]}, "gradients/prompt_learner.local_v_ctx": {"_type": "histogram", "values": [2.0, 0.0, 0.0, 0.0, 0.0, 0.0, 0.0, 0.0, 3.0, 0.0, 0.0, 2.0, 2.0, 8.0, 6.0, 13.0, 11.0, 26.0, 34.0, 43.0, 61.0, 82.0, 114.0, 126.0, 205.0, 221.0, 328.0, 343.0, 435.0, 490.0, 517.0, 572.0, 556.0, 609.0, 532.0, 496.0, 456.0, 410.0, 338.0, 254.0, 228.0, 168.0, 147.0, 105.0, 50.0, 59.0, 57.0, 17.0, 26.0, 14.0, 1.0, 4.0, 9.0, 0.0, 2.0, 4.0, 0.0, 2.0, 0.0, 0.0, 2.0, 1.0, 0.0, 1.0], "bins": [-2.078132152557373, -2.0147948265075684, -1.9514572620391846, -1.8881199359893799, -1.8247824907302856, -1.7614450454711914, -1.6981076002120972, -1.634770154953003, -1.5714328289031982, -1.508095383644104, -1.4447579383850098, -1.3814204931259155, -1.3180830478668213, -1.254745602607727, -1.1914082765579224, -1.1280708312988281, -1.0647333860397339, -1.0013959407806396, -0.9380585551261902, -0.874721109867096, -0.8113837242126465, -0.7480462789535522, -0.684708833694458, -0.6213714480400085, -0.5580340027809143, -0.49469658732414246, -0.4313591718673706, -0.36802172660827637, -0.3046843111515045, -0.24134689569473267, -0.17800946533679962, -0.11467204242944717, -0.051334500312805176, 0.012002922594547272, 0.07534034550189972, 0.13867777585983276, 0.20201519131660461, 0.26535260677337646, 0.3286900520324707, 0.39202746748924255, 0.4553648829460144, 0.5187023282051086, 0.5820397138595581, 0.6453771591186523, 0.7087146043777466, 0.772051990032196, 0.8353894352912903, 0.8987268209457397, 0.962064266204834, 1.0254017114639282, 1.0887391567230225, 1.1520764827728271, 1.2154139280319214, 1.2787513732910156, 1.3420888185501099, 1.405426263809204, 1.4687635898590088, 1.532101035118103, 1.5954384803771973, 1.6587759256362915, 1.7221133708953857, 1.78545081615448, 1.8487881422042847, 1.912125587463379, 1.9754630327224731]}, "test/epoch": 30, "test/local_acc_avg": 83.59733600012358, "test/duration_sec": 137.8991162776947, "test/neighbor_acc_avg": 82.03511691769147, "summary/local_acc_max": 83.59733600012358, "summary/local_acc_mean": 81.70900582873418, "summary/neighbor_acc_max": 82.03511691769147, "summary/neighbor_acc_mean": 80.67609546767768, "_wandb": {"runtime": 972}}