{"train/epoch": 30, "train/avg_acc": 67.58928571428571, "train/duration_sec": 17.850159406661987, "_timestamp": 1763655311.27619, "_runtime": 977.0075919628143, "_step": 30, "gradients/prompt_learner.global_ctx": {"_type": "histogram", "values": [1.0, 0.0, 0.0, 0.0, 0.0, 0.0, 0.0, 0.0, 0.0, 0.0, 0.0, 0.0, 0.0, 0.0, 0.0, 1.0, 0.0, 0.0, 0.0, 0.0, 0.0, 2.0, 0.0, 1.0, 0.0, 1.0, 3.0, 5.0, 11.0, 13.0, 14.0, 27.0, 38.0, 57.0, 85.0, 130.0, 150.0, 224.0, 299.0, 382.0, 523.0, 578.0, 613.0, 758.0, 735.0, 726.0, 654.0, 573.0, 435.0, 325.0, 244.0, 179.0, 131.0, 80.0, 67.0, 43.0, 24.0, 24.0, 15.0, 6.0, 6.0, 5.0, 1.0, 3.0], "bins": [-3.3816447257995605, -3.305079460144043, -3.2285139560699463, -3.1519486904144287, -3.075383186340332, -2.9988179206848145, -2.9222524166107178, -2.8456871509552, -2.7691216468811035, -2.692556381225586, -2.6159911155700684, -2.5394256114959717, -2.462860345840454, -2.3862948417663574, -2.30972957611084, -2.233164072036743, -2.1565988063812256, -2.080033540725708, -2.0034680366516113, -1.9269026517868042, -1.850337266921997, -1.7737720012664795, -1.6972066164016724, -1.6206412315368652, -1.544075846672058, -1.467510461807251, -1.3909450769424438, -1.3143796920776367, -1.2378144264221191, -1.161249041557312, -1.0846836566925049, -1.0081182718276978, -0.9315526485443115, -0.8549872636795044, -0.7784218788146973, -0.7018565535545349, -0.6252911686897278, -0.5487257838249207, -0.4721604287624359, -0.39559507369995117, -0.31902968883514404, -0.2424643188714981, -0.16589894890785217, -0.08933357894420624, -0.012768208980560303, 0.06379716098308563, 0.14036253094673157, 0.2169279009103775, 0.29349327087402344, 0.37005865573883057, 0.4466240108013153, 0.5231893658638, 0.5997547507286072, 0.6763201355934143, 0.7528854608535767, 0.8294508457183838, 0.9060162305831909, 0.982581615447998, 1.0591470003128052, 1.1357123851776123, 1.2122776508331299, 1.288843035697937, 1.3654084205627441, 1.4419738054275513, 1.5185391902923584]}, "gradients/prompt_learner.local_u_ctx": {"_type": "histogram", "values": [1.0, 0.0, 0.0, 0.0, 0.0, 0.0, 0.0, 0.0, 0.0, 0.0, 0.0, 0.0, 0.0, 0.0, 0.0, 0.0, 0.0, 1.0, 0.0, 0.0, 0.0, 0.0, 0.0, 0.0, 0.0, 0.0, 0.0, 0.0, 0.0, 1.0, 0.0, 0.0, 0.0, 0.0, 1.0, 0.0, 0.0, 0.0, 0.0, 0.0, 0.0, 3.0, 0.0, 0.0, 1.0, 0.0, 1.0, 0.0, 0.0, 0.0, 1.0, 1.0, 0.0, 0.0, 0.0, 0.0, 0.0, 0.0, 0.0, 0.0, 3.0, 1.0, 0.0, 1.0], "bins": [-1.1301535367965698, -1.1087353229522705, -1.0873172283172607, -1.0658990144729614, -1.044480800628662, -1.0230625867843628, -1.001644492149353, -0.9802262783050537, -0.9588080644607544, -0.9373899102210999, -0.9159717559814453, -0.894553542137146, -0.8731353878974915, -0.8517171740531921, -0.8302990198135376, -0.8088808059692383, -0.7874626517295837, -0.7660444974899292, -0.7446262836456299, -0.7232081294059753, -0.701789915561676, -0.6803717613220215, -0.6589535474777222, -0.6375353932380676, -0.6161172389984131, -0.5946990251541138, -0.5732808709144592, -0.5518626570701599, -0.5304445028305054, -0.509026288986206, -0.4876081347465515, -0.4661899507045746, -0.44477182626724243, -0.4233536422252655, -0.4019354581832886, -0.38051727414131165, -0.3590990900993347, -0.3376809358596802, -0.31626275181770325, -0.2948445677757263, -0.2734263837337494, -0.25200819969177246, -0.23059001564979553, -0.2091718465089798, -0.18775366246700287, -0.16633547842502594, -0.1449173092842102, -0.12349912524223328, -0.10208094120025635, -0.08066275715827942, -0.05924458056688309, -0.03782640025019646, -0.016408219933509827, 0.005009960383176804, 0.026428140699863434, 0.047846321016550064, 0.0692645013332367, 0.09068268537521362, 0.11210086196660995, 0.1335190385580063, 0.15493722259998322, 0.17635540664196014, 0.19777357578277588, 0.2191917598247528, 0.24060994386672974]}, "gradients/prompt_learner.local_v_ctx": {"_type": "histogram", "values": [1.0, 1.0, 4.0, 2.0, 1.0, 6.0, 0.0, 1.0, 4.0, 8.0, 8.0, 4.0, 11.0, 13.0, 18.0, 11.0, 11.0, 13.0, 17.0, 10.0, 14.0, 20.0, 10.0, 14.0, 17.0, 13.0, 16.0, 23.0, 18.0, 13.0, 21.0, 16.0, 15.0, 23.0, 9.0, 15.0, 10.0, 14.0, 11.0, 16.0, 12.0, 12.0, 6.0, 3.0, 5.0, 2.0, 7.0, 4.0, 1.0, 2.0, 0.0, 2.0, 0.0, 0.0, 0.0, 0.0, 1.0, 0.0, 1.0, 0.0, 0.0, 1.0, 0.0, 1.0], "bins": [-1.0143465995788574, -0.9768131971359253, -0.9392797350883484, -0.9017463326454163, -0.8642128705978394, -0.8266794681549072, -0.7891460061073303, -0.7516126036643982, -0.7140791416168213, -0.6765457391738892, -0.639012336730957, -0.6014788746833801, -0.563945472240448, -0.5264120101928711, -0.48887860774993896, -0.45134517550468445, -0.41381174325942993, -0.3762783110141754, -0.3387448787689209, -0.3012114465236664, -0.26367801427841187, -0.22614459693431854, -0.18861117959022522, -0.1510777473449707, -0.11354431509971619, -0.07601088285446167, -0.03847745805978775, -0.0009440295398235321, 0.036589398980140686, 0.0741228312253952, 0.11165625602006912, 0.14918968081474304, 0.18672311305999756, 0.22425654530525208, 0.2617899775505066, 0.2993234097957611, 0.3368568420410156, 0.37439024448394775, 0.41192367672920227, 0.4494571089744568, 0.4869905412197113, 0.5245239734649658, 0.562057375907898, 0.5995908379554749, 0.637124240398407, 0.6746577024459839, 0.712191104888916, 0.7497245669364929, 0.787257969379425, 0.8247913718223572, 0.8623248338699341, 0.8998582363128662, 0.9373916983604431, 0.9749251008033752, 1.0124585628509521, 1.0499919652938843, 1.0875253677368164, 1.1250587701797485, 1.1625922918319702, 1.2001256942749023, 1.2376590967178345, 1.2751924991607666, 1.3127260208129883, 1.3502594232559204, 1.3877928256988525]}, "test/epoch": 30, "test/local_acc_avg": 85.10887467445696, "test/duration_sec": 138.85115814208984, "test/neighbor_acc_avg": 84.18626781503075, "summary/local_acc_max": 85.10887467445696, "summary/local_acc_mean": 77.49941000928344, "summary/neighbor_acc_max": 84.18626781503075, "summary/neighbor_acc_mean": 76.79599669657311, "_wandb": {"runtime": 971}}