{"train/epoch": 30, "train/avg_acc": 68.57142857142857, "train/duration_sec": 18.968011379241943, "_timestamp": 1763662762.5634737, "_runtime": 978.7594847679138, "_step": 30, "gradients/prompt_learner.global_ctx": {"_type": "histogram", "values": [1.0, 0.0, 0.0, 0.0, 0.0, 0.0, 0.0, 1.0, 0.0, 0.0, 0.0, 1.0, 0.0, 2.0, 0.0, 2.0, 0.0, 4.0, 2.0, 2.0, 6.0, 4.0, 12.0, 13.0, 26.0, 18.0, 41.0, 68.0, 106.0, 125.0, 156.0, 197.0, 273.0, 339.0, 425.0, 539.0, 585.0, 626.0, 679.0, 679.0, 641.0, 579.0, 441.0, 378.0, 328.0, 250.0, 173.0, 126.0, 108.0, 70.0, 50.0, 42.0, 26.0, 16.0, 8.0, 5.0, 8.0, 5.0, 1.0, 2.0, 2.0, 0.0, 0.0, 1.0], "bins": [-3.1163477897644043, -3.035848617553711, -2.9553492069244385, -2.874849796295166, -2.7943506240844727, -2.7138514518737793, -2.633352041244507, -2.5528526306152344, -2.472353458404541, -2.3918542861938477, -2.311354875564575, -2.2308554649353027, -2.1503562927246094, -2.069857120513916, -1.9893577098846436, -1.9088584184646606, -1.8283591270446777, -1.7478598356246948, -1.667360544204712, -1.586861252784729, -1.506361961364746, -1.4258626699447632, -1.3453633785247803, -1.2648640871047974, -1.1843647956848145, -1.1038655042648315, -1.0233662128448486, -0.9428669214248657, -0.8623676300048828, -0.7818683385848999, -0.701369047164917, -0.6208697557449341, -0.5403704643249512, -0.45987117290496826, -0.37937188148498535, -0.29887259006500244, -0.21837329864501953, -0.13787400722503662, -0.05737471580505371, 0.0231245756149292, 0.10362386703491211, 0.18412315845489502, 0.26462244987487793, 0.34512174129486084, 0.42562103271484375, 0.5061203241348267, 0.5866196155548096, 0.6671189069747925, 0.7476181983947754, 0.8281174898147583, 0.9086167812347412, 0.9891160726547241, 1.069615364074707, 1.15011465549469, 1.2306139469146729, 1.3111132383346558, 1.3916125297546387, 1.4721118211746216, 1.5526111125946045, 1.6331104040145874, 1.7136096954345703, 1.7941089868545532, 1.8746082782745361, 1.955107569694519, 2.035606861114502]}, "gradients/prompt_learner.local_u_ctx": {"_type": "histogram", "values": [1.0, 0.0, 1.0, 0.0, 0.0, 0.0, 0.0, 0.0, 1.0, 2.0, 0.0, 1.0, 1.0, 0.0, 2.0, 1.0, 2.0, 3.0, 2.0, 2.0, 9.0, 4.0, 5.0, 12.0, 8.0, 7.0, 15.0, 15.0, 14.0, 12.0, 6.0, 12.0, 8.0, 15.0, 8.0, 9.0, 9.0, 11.0, 11.0, 3.0, 9.0, 6.0, 6.0, 4.0, 6.0, 3.0, 0.0, 3.0, 0.0, 1.0, 3.0, 0.0, 0.0, 0.0, 0.0, 0.0, 1.0, 0.0, 1.0, 0.0, 0.0, 0.0, 0.0, 1.0], "bins": [-1.5784856081008911, -1.5321460962295532, -1.4858067035675049, -1.439467191696167, -1.3931277990341187, -1.3467882871627808, -1.3004488945007324, -1.2541093826293945, -1.2077699899673462, -1.1614304780960083, -1.11509108543396, -1.068751573562622, -1.0224121809005737, -0.9760726690292358, -0.9297332167625427, -0.8833937644958496, -0.8370543122291565, -0.7907148599624634, -0.7443754076957703, -0.6980359554290771, -0.651696503162384, -0.6053570508956909, -0.5590175986289978, -0.5126781463623047, -0.4663386642932892, -0.41999921202659607, -0.37365975975990295, -0.32732030749320984, -0.28098082542419434, -0.23464138805866241, -0.1883019208908081, -0.141962468624115, -0.09562301635742188, -0.04928356036543846, -0.0029441043734550476, 0.043395351618528366, 0.08973480761051178, 0.1360742598772049, 0.1824137270450592, 0.22875317931175232, 0.27509263157844543, 0.32143208384513855, 0.36777153611183167, 0.4141109883785248, 0.4604504704475403, 0.5067899227142334, 0.5531293749809265, 0.5994688272476196, 0.6458082795143127, 0.6921477317810059, 0.738487184047699, 0.7848266363143921, 0.8311660885810852, 0.8775055408477783, 0.9238449931144714, 0.9701844453811646, 1.0165239572525024, 1.0628633499145508, 1.1092028617858887, 1.155542254447937, 1.201881766319275, 1.2482211589813232, 1.2945606708526611, 1.3409000635147095, 1.3872395753860474]}, "gradients/prompt_learner.local_v_ctx": {"_type": "histogram", "values": [1.0, 1.0, 0.0, 0.0, 0.0, 0.0, 0.0, 1.0, 0.0, 0.0, 0.0, 0.0, 1.0, 0.0, 0.0, 0.0, 0.0, 0.0, 1.0, 0.0, 2.0, 0.0, 3.0, 4.0, 12.0, 11.0, 17.0, 37.0, 43.0, 80.0, 101.0, 158.0, 209.0, 265.0, 325.0, 405.0, 492.0, 606.0, 579.0, 657.0, 658.0, 663.0, 579.0, 512.0, 452.0, 349.0, 286.0, 210.0, 140.0, 112.0, 83.0, 51.0, 30.0, 26.0, 15.0, 4.0, 4.0, 1.0, 3.0, 1.0, 1.0, 0.0, 0.0, 1.0], "bins": [-3.3584039211273193, -3.2745845317840576, -3.190765142440796, -3.106945753097534, -3.0231261253356934, -2.9393067359924316, -2.85548734664917, -2.771667957305908, -2.6878485679626465, -2.6040291786193848, -2.520209789276123, -2.4363903999328613, -2.3525710105895996, -2.268751382827759, -2.184931993484497, -2.1011126041412354, -2.0172932147979736, -1.933473825454712, -1.8496544361114502, -1.765834927558899, -1.6820155382156372, -1.5981961488723755, -1.5143766403198242, -1.4305572509765625, -1.3467378616333008, -1.262918472290039, -1.1790990829467773, -1.095279574394226, -1.0114601850509644, -0.9276407957077026, -0.8438213467597961, -0.7600018978118896, -0.676182746887207, -0.5923633575439453, -0.5085439085960388, -0.4247244894504547, -0.3409050703048706, -0.2570856511592865, -0.1732662320137024, -0.08944681286811829, -0.00562739372253418, 0.07819202542304993, 0.16201144456863403, 0.24583086371421814, 0.32965028285980225, 0.41346970200538635, 0.49728912115097046, 0.581108570098877, 0.6649279594421387, 0.7487473487854004, 0.8325667977333069, 0.9163862466812134, 1.000205636024475, 1.0840250253677368, 1.167844533920288, 1.2516639232635498, 1.3354833126068115, 1.4193027019500732, 1.503122091293335, 1.5869415998458862, 1.670760989189148, 1.7545803785324097, 1.838399887084961, 1.9222192764282227, 2.0060386657714844]}, "test/epoch": 30, "test/local_acc_avg": 83.89895797649834, "test/duration_sec": 143.30607724189758, "test/neighbor_acc_avg": 82.68296344680803, "summary/local_acc_max": 83.89895797649834, "summary/local_acc_mean": 77.68295961070352, "summary/neighbor_acc_max": 82.68296344680803, "summary/neighbor_acc_mean": 76.52448798641356, "_wandb": {"runtime": 977}}