{"train/epoch": 30, "train/avg_acc": 65.58035714285714, "train/duration_sec": 18.714513063430786, "_timestamp": 1763668931.6467686, "_runtime": 966.7702674865723, "_step": 30, "gradients/prompt_learner.cluster_ctx": {"_type": "histogram", "values": [1.0, 0.0, 0.0, 0.0, 0.0, 0.0, 0.0, 0.0, 0.0, 0.0, 0.0, 0.0, 0.0, 0.0, 1.0, 0.0, 0.0, 0.0, 1.0, 0.0, 0.0, 2.0, 2.0, 5.0, 10.0, 9.0, 20.0, 21.0, 37.0, 42.0, 92.0, 120.0, 148.0, 187.0, 323.0, 369.0, 479.0, 619.0, 695.0, 767.0, 799.0, 758.0, 639.0, 574.0, 389.0, 309.0, 226.0, 167.0, 119.0, 69.0, 53.0, 45.0, 34.0, 17.0, 15.0, 11.0, 8.0, 4.0, 4.0, 0.0, 1.0, 0.0, 0.0, 1.0], "bins": [-0.6481276154518127, -0.6319822072982788, -0.6158368587493896, -0.5996915102005005, -0.5835461020469666, -0.5674006938934326, -0.5512553453445435, -0.5351099967956543, -0.5189645886421204, -0.5028191804885864, -0.48667383193969727, -0.4705284535884857, -0.45438307523727417, -0.4382376968860626, -0.4220923185348511, -0.4059469401836395, -0.389801561832428, -0.37365618348121643, -0.3575108051300049, -0.34136542677879333, -0.3252200484275818, -0.30907467007637024, -0.2929292917251587, -0.27678391337394714, -0.2606385350227356, -0.24449315667152405, -0.2283477783203125, -0.21220239996910095, -0.1960570216178894, -0.17991164326667786, -0.1637662649154663, -0.14762088656425476, -0.13147547841072083, -0.11533010005950928, -0.09918472170829773, -0.08303934335708618, -0.06689396500587463, -0.050748586654663086, -0.03460320830345154, -0.01845782995223999, -0.0023124516010284424, 0.013832926750183105, 0.029978305101394653, 0.0461236834526062, 0.06226906180381775, 0.0784144401550293, 0.09455981850624084, 0.11070519685745239, 0.12685057520866394, 0.1429959535598755, 0.15914133191108704, 0.17528671026229858, 0.19143208861351013, 0.20757746696472168, 0.22372284531593323, 0.23986822366714478, 0.2560136020183563, 0.27215898036956787, 0.2883043587207794, 0.30444973707199097, 0.3205951154232025, 0.33674049377441406, 0.3528858721256256, 0.36903125047683716, 0.3851766288280487]}, "gradients/prompt_learner.global_ctx": {"_type": "histogram", "values": [1.0, 0.0, 0.0, 0.0, 0.0, 0.0, 0.0, 0.0, 0.0, 0.0, 0.0, 0.0, 0.0, 0.0, 1.0, 0.0, 0.0, 0.0, 1.0, 0.0, 0.0, 2.0, 2.0, 5.0, 10.0, 9.0, 20.0, 21.0, 37.0, 42.0, 92.0, 120.0, 148.0, 187.0, 323.0, 369.0, 479.0, 619.0, 695.0, 767.0, 799.0, 758.0, 639.0, 574.0, 389.0, 309.0, 226.0, 167.0, 119.0, 69.0, 53.0, 45.0, 34.0, 17.0, 15.0, 11.0, 8.0, 4.0, 4.0, 0.0, 1.0, 0.0, 0.0, 1.0], "bins": [-1.2962552309036255, -1.2639644145965576, -1.2316737174987793, -1.199383020401001, -1.167092204093933, -1.1348013877868652, -1.102510690689087, -1.0702199935913086, -1.0379291772842407, -1.0056383609771729, -0.9733476638793945, -0.9410569071769714, -0.9087661504745483, -0.8764753937721252, -0.8441846370697021, -0.811893880367279, -0.779603123664856, -0.7473123669624329, -0.7150216102600098, -0.6827308535575867, -0.6504400968551636, -0.6181493401527405, -0.5858585834503174, -0.5535678267478943, -0.5212770700454712, -0.4889863133430481, -0.456695556640625, -0.4244047999382019, -0.3921140432357788, -0.3598232865333557, -0.3275325298309326, -0.2952417731285095, -0.26295095682144165, -0.23066020011901855, -0.19836944341659546, -0.16607868671417236, -0.13378793001174927, -0.10149717330932617, -0.06920641660690308, -0.03691565990447998, -0.004624903202056885, 0.02766585350036621, 0.05995661020278931, 0.0922473669052124, 0.1245381236076355, 0.1568288803100586, 0.1891196370124817, 0.22141039371490479, 0.2537011504173279, 0.285991907119751, 0.3182826638221741, 0.35057342052459717, 0.38286417722702026, 0.41515493392944336, 0.44744569063186646, 0.47973644733428955, 0.5120272040367126, 0.5443179607391357, 0.5766087174415588, 0.6088994741439819, 0.641190230846405, 0.6734809875488281, 0.7057717442512512, 0.7380625009536743, 0.7703532576560974]}, "gradients/prompt_learner.local_u_ctx": {"_type": "histogram", "values": [1.0, 0.0, 0.0, 0.0, 0.0, 1.0, 0.0, 0.0, 0.0, 0.0, 0.0, 0.0, 0.0, 0.0, 0.0, 0.0, 0.0, 1.0, 2.0, 1.0, 0.0, 0.0, 0.0, 0.0, 0.0, 0.0, 1.0, 0.0, 2.0, 3.0, 0.0, 1.0, 0.0, 1.0, 2.0, 1.0, 0.0, 2.0, 2.0, 1.0, 1.0, 2.0, 1.0, 1.0, 0.0, 0.0, 0.0, 0.0, 1.0, 0.0, 0.0, 0.0, 1.0, 0.0, 0.0, 1.0, 0.0, 0.0, 1.0, 0.0, 0.0, 0.0, 0.0, 1.0], "bins": [-0.29753416776657104, -0.2879871129989624, -0.27844008803367615, -0.2688930630683899, -0.25934600830078125, -0.2497989684343338, -0.24025192856788635, -0.2307048887014389, -0.22115784883499146, -0.211610808968544, -0.20206376910209656, -0.1925167292356491, -0.18296968936920166, -0.1734226495027542, -0.16387560963630676, -0.15432856976985931, -0.14478152990341187, -0.13523449003696442, -0.12568745017051697, -0.11614041030406952, -0.10659337043762207, -0.09704633057117462, -0.08749929070472717, -0.07795225083827972, -0.06840521097183228, -0.05885817110538483, -0.04931113123893738, -0.03976409137248993, -0.03021705150604248, -0.020670011639595032, -0.011122971773147583, -0.0015759319067001343, 0.007971137762069702, 0.01751817762851715, 0.0270652174949646, 0.03661225736141205, 0.0461592972278595, 0.055706337094306946, 0.0652533769607544, 0.07480041682720184, 0.08434745669364929, 0.09389449656009674, 0.10344153642654419, 0.11298857629299164, 0.12253561615943909, 0.13208265602588654, 0.14162969589233398, 0.15117673575878143, 0.16072377562522888, 0.17027081549167633, 0.17981785535812378, 0.18936489522457123, 0.19891193509101868, 0.20845897495746613, 0.21800601482391357, 0.22755305469036102, 0.23710009455680847, 0.24664713442325592, 0.25619417428970337, 0.265741229057312, 0.27528825402259827, 0.2848352789878845, 0.29438233375549316, 0.3039293885231018, 0.31347641348838806]}, "gradients/prompt_learner.local_v_ctx": {"_type": "histogram", "values": [1.0, 1.0, 0.0, 0.0, 0.0, 2.0, 1.0, 2.0, 0.0, 3.0, 4.0, 2.0, 6.0, 4.0, 7.0, 11.0, 13.0, 14.0, 14.0, 22.0, 24.0, 32.0, 28.0, 32.0, 40.0, 32.0, 49.0, 48.0, 50.0, 55.0, 45.0, 41.0, 48.0, 51.0, 44.0, 36.0, 40.0, 39.0, 29.0, 26.0, 26.0, 21.0, 15.0, 19.0, 13.0, 5.0, 8.0, 6.0, 1.0, 2.0, 3.0, 3.0, 2.0, 1.0, 1.0, 0.0, 0.0, 0.0, 0.0, 0.0, 0.0, 0.0, 1.0, 1.0], "bins": [-0.5408823490142822, -0.5230964422225952, -0.5053105354309082, -0.4875246584415436, -0.46973875164985657, -0.45195284485816956, -0.43416696786880493, -0.4163810610771179, -0.3985951542854309, -0.3808092474937439, -0.3630233407020569, -0.34523746371269226, -0.32745155692100525, -0.30966565012931824, -0.2918797731399536, -0.2740938663482666, -0.2563079595565796, -0.23852205276489258, -0.22073616087436676, -0.20295026898384094, -0.18516436219215393, -0.16737845540046692, -0.1495925635099411, -0.13180667161941528, -0.11402076482772827, -0.09623486548662186, -0.07844896614551544, -0.06066306680440903, -0.04287716746330261, -0.025091268122196198, -0.007305368781089783, 0.010480530560016632, 0.028266489505767822, 0.04605238884687424, 0.06383828818798065, 0.08162418752908707, 0.09941008687019348, 0.1171959862112999, 0.1349818855524063, 0.15276777744293213, 0.17055368423461914, 0.18833959102630615, 0.20612548291683197, 0.2239113748073578, 0.2416972815990448, 0.2594831883907318, 0.27726906538009644, 0.29505497217178345, 0.31284087896347046, 0.33062678575515747, 0.3484126925468445, 0.3661985695362091, 0.3839844763278961, 0.40177038311958313, 0.41955626010894775, 0.43734216690063477, 0.4551280736923218, 0.4729139804840088, 0.4906998872756958, 0.5084857940673828, 0.5262717008590698, 0.5440575480461121, 0.5618434548377991, 0.5796293616294861, 0.5974152684211731]}, "test/epoch": 30, "test/local_acc_avg": 78.10916627272164, "test/duration_sec": 141.0099799633026, "test/neighbor_acc_avg": 76.69948662148593, "summary/local_acc_max": 78.10916627272164, "summary/local_acc_mean": 76.35518137614356, "summary/neighbor_acc_max": 77.34100411350985, "summary/neighbor_acc_mean": 76.76129576566878, "_wandb": {"runtime": 965}}