{"train/epoch": 30, "train/avg_acc": 75.78125, "train/duration_sec": 5.259467124938965, "_timestamp": 1763677109.8313484, "_runtime": 1142.0453794002533, "_step": 30, "gradients/prompt_learner.global_ctx": {"_type": "histogram", "values": [1.0, 0.0, 0.0, 0.0, 0.0, 0.0, 0.0, 0.0, 0.0, 0.0, 0.0, 0.0, 0.0, 0.0, 0.0, 0.0, 0.0, 0.0, 0.0, 0.0, 1.0, 0.0, 0.0, 1.0, 1.0, 0.0, 4.0, 6.0, 18.0, 26.0, 78.0, 106.0, 157.0, 257.0, 427.0, 614.0, 813.0, 936.0, 1040.0, 949.0, 867.0, 662.0, 446.0, 273.0, 213.0, 114.0, 81.0, 48.0, 29.0, 10.0, 9.0, 1.0, 2.0, 0.0, 0.0, 0.0, 1.0, 0.0, 0.0, 0.0, 0.0, 0.0, 0.0, 1.0], "bins": [-0.7136855721473694, -0.6952225565910339, -0.6767594814300537, -0.6582964658737183, -0.639833390712738, -0.6213703751564026, -0.6029073596000671, -0.5844442844390869, -0.5659812688827515, -0.5475181937217712, -0.5290551781654358, -0.5105921626091003, -0.4921290874481201, -0.4736660420894623, -0.45520302653312683, -0.436739981174469, -0.41827693581581116, -0.3998138904571533, -0.3813508450984955, -0.36288782954216003, -0.3444247841835022, -0.32596173882484436, -0.3074986934661865, -0.2890356481075287, -0.27057260274887085, -0.2521095871925354, -0.23364654183387756, -0.21518349647521973, -0.1967204511165619, -0.17825742065906525, -0.1597943753004074, -0.14133134484291077, -0.12286832928657532, -0.10440529137849808, -0.08594225347042084, -0.067479208111763, -0.04901617020368576, -0.03055313043296337, -0.012090090662240982, 0.006372949108481407, 0.024835988879203796, 0.043299026787281036, 0.061762068420648575, 0.08022511005401611, 0.09868814796209335, 0.1171511858701706, 0.13561423122882843, 0.15407726168632507, 0.1725403070449829, 0.19100335240364075, 0.2094663828611374, 0.22792942821979523, 0.24639245867729187, 0.2648555040359497, 0.28331854939460754, 0.3017815947532654, 0.32024461030960083, 0.33870765566825867, 0.3571707010269165, 0.37563374638557434, 0.3940967917442322, 0.41255983710289, 0.43102285265922546, 0.4494858980178833, 0.46794894337654114]}, "gradients/prompt_learner.local_u_ctx": {"_type": "histogram", "values": [1.0, 0.0, 0.0, 0.0, 0.0, 0.0, 0.0, 0.0, 0.0, 0.0, 0.0, 0.0, 0.0, 0.0, 1.0, 0.0, 0.0, 0.0, 0.0, 0.0, 0.0, 0.0, 0.0, 0.0, 0.0, 1.0, 0.0, 0.0, 0.0, 0.0, 0.0, 0.0, 0.0, 0.0, 0.0, 0.0, 2.0, 0.0, 0.0, 0.0, 2.0, 0.0, 1.0, 1.0, 0.0, 2.0, 0.0, 0.0, 0.0, 0.0, 1.0, 0.0, 0.0, 0.0, 1.0, 1.0, 1.0, 0.0, 0.0, 0.0, 0.0, 0.0, 0.0, 1.0], "bins": [-0.14898547530174255, -0.1451968103647232, -0.14140814542770386, -0.1376194953918457, -0.13383083045482635, -0.130042165517807, -0.12625350058078766, -0.12246484309434891, -0.11867617815732956, -0.11488751322031021, -0.11109885573387146, -0.10731019079685211, -0.10352152585983276, -0.09973286837339401, -0.09594420343637466, -0.09215554594993591, -0.08836688101291656, -0.08457821607589722, -0.08078955858945847, -0.07700089365243912, -0.07321223616600037, -0.06942357122898102, -0.06563490629196167, -0.06184624508023262, -0.05805758386850357, -0.05426892265677452, -0.05048026144504547, -0.04669159650802612, -0.04290293529629707, -0.039114274084568024, -0.035325609147548676, -0.031536947935819626, -0.027748286724090576, -0.023959625512361526, -0.020170962437987328, -0.01638229936361313, -0.012593638151884079, -0.008804976008832455, -0.00501631386578083, -0.001227651722729206, 0.002561010420322418, 0.0063496725633740425, 0.010138334706425667, 0.013926996849477291, 0.017715658992528915, 0.021504320204257965, 0.025292983278632164, 0.029081646353006363, 0.03287030756473541, 0.03665896877646446, 0.04044762998819351, 0.04423629492521286, 0.04802495613694191, 0.05181361734867096, 0.05560228228569031, 0.05939094349741936, 0.06317960470914841, 0.06696826964616776, 0.0707569271326065, 0.07454559206962585, 0.0783342570066452, 0.08212291449308395, 0.0859115794301033, 0.08970023691654205, 0.0934889018535614]}, "gradients/prompt_learner.local_v_ctx": {"_type": "histogram", "values": [1.0, 1.0, 0.0, 3.0, 0.0, 0.0, 0.0, 3.0, 1.0, 2.0, 2.0, 2.0, 2.0, 1.0, 4.0, 4.0, 9.0, 7.0, 6.0, 13.0, 14.0, 10.0, 12.0, 19.0, 15.0, 10.0, 12.0, 19.0, 19.0, 19.0, 19.0, 16.0, 23.0, 13.0, 20.0, 17.0, 18.0, 16.0, 25.0, 20.0, 15.0, 11.0, 6.0, 15.0, 7.0, 14.0, 0.0, 5.0, 7.0, 5.0, 4.0, 2.0, 6.0, 2.0, 4.0, 3.0, 2.0, 3.0, 0.0, 0.0, 1.0, 1.0, 0.0, 2.0], "bins": [-0.2126958966255188, -0.20615528523921967, -0.19961468875408173, -0.1930740773677826, -0.18653346598148346, -0.17999285459518433, -0.1734522581100464, -0.16691164672374725, -0.16037103533744812, -0.15383043885231018, -0.14728982746601105, -0.14074921607971191, -0.13420860469341278, -0.12766800820827484, -0.12112739682197571, -0.11458678543567657, -0.10804618149995804, -0.1015055775642395, -0.09496496617794037, -0.08842436224222183, -0.0818837508559227, -0.07534314692020416, -0.06880253553390503, -0.06226193159818649, -0.05572132393717766, -0.04918071627616882, -0.04264010861515999, -0.036099500954151154, -0.029558895155787468, -0.023018287494778633, -0.016477681696414948, -0.009937074035406113, -0.003396466374397278, 0.0031441408209502697, 0.009684748016297817, 0.016225354745984077, 0.022765962406992912, 0.029306570068001747, 0.03584717586636543, 0.04238778352737427, 0.0489283911883831, 0.05546899884939194, 0.06200960651040077, 0.0685502141714096, 0.07509081810712814, 0.08163142949342728, 0.08817203342914581, 0.09471264481544495, 0.10125324875116348, 0.10779385268688202, 0.11433446407318115, 0.12087506800889969, 0.12741567194461823, 0.13395628333091736, 0.1404968947172165, 0.14703750610351562, 0.15357810258865356, 0.1601187139749527, 0.16665932536125183, 0.17319992184638977, 0.1797405332326889, 0.18628114461898804, 0.19282175600528717, 0.1993623524904251, 0.20590296387672424]}, "test/epoch": 30, "test/local_acc_avg": 81.6440110178785, "test/duration_sec": 326.78216648101807, "test/neighbor_acc_avg": 79.91595316029877, "summary/local_acc_max": 81.6440110178785, "summary/local_acc_mean": 81.13705472710559, "summary/neighbor_acc_max": 79.91595316029877, "summary/neighbor_acc_mean": 79.55748726448438, "_wandb": {"runtime": 1141}}