{"train/epoch": 30, "train/avg_acc": 72.63392857142857, "train/duration_sec": 18.34527564048767, "_timestamp": 1763663859.4312136, "_runtime": 968.1396925449371, "_step": 30, "gradients/prompt_learner.cluster_ctx": {"_type": "histogram", "values": [1.0, 0.0, 0.0, 0.0, 0.0, 0.0, 0.0, 0.0, 0.0, 0.0, 0.0, 0.0, 0.0, 1.0, 3.0, 2.0, 3.0, 6.0, 17.0, 18.0, 28.0, 46.0, 50.0, 74.0, 111.0, 137.0, 184.0, 257.0, 345.0, 437.0, 555.0, 691.0, 814.0, 818.0, 747.0, 661.0, 558.0, 404.0, 296.0, 254.0, 179.0, 121.0, 107.0, 85.0, 52.0, 38.0, 28.0, 18.0, 19.0, 9.0, 3.0, 2.0, 4.0, 2.0, 3.0, 1.0, 0.0, 0.0, 1.0, 0.0, 0.0, 0.0, 1.0, 1.0], "bins": [-0.8357206583023071, -0.8107336759567261, -0.7857467532157898, -0.7607597708702087, -0.7357727885246277, -0.7107858657836914, -0.6857988834381104, -0.6608119010925293, -0.6358249187469482, -0.610837996006012, -0.5858510136604309, -0.5608640313148499, -0.5358771085739136, -0.5108901262283325, -0.48590317368507385, -0.4609161913394928, -0.43592923879623413, -0.41094228625297546, -0.3859553039073944, -0.36096835136413574, -0.3359813690185547, -0.310994416475296, -0.28600746393203735, -0.2610204815864563, -0.23603352904319763, -0.21104656159877777, -0.1860595941543579, -0.16107264161109924, -0.13608567416667938, -0.11109870672225952, -0.08611174672842026, -0.061124783009290695, -0.03613781929016113, -0.01115085557103157, 0.013836108148097992, 0.038823071867227554, 0.06381003558635712, 0.08879700303077698, 0.11378396302461624, 0.1387709230184555, 0.16375789046287537, 0.18874485790729523, 0.2137318253517151, 0.23871877789497375, 0.2637057304382324, 0.2886927127838135, 0.31367966532707214, 0.3386666476726532, 0.36365360021591187, 0.38864055275917053, 0.4136275351047516, 0.43861448764801025, 0.4636014699935913, 0.48858842253685, 0.5135753750801086, 0.5385623574256897, 0.563549280166626, 0.588536262512207, 0.6135232448577881, 0.6385102272033691, 0.6634971499443054, 0.6884841322898865, 0.7134711146354675, 0.7384580373764038, 0.7634450197219849]}, "gradients/prompt_learner.global_ctx": {"_type": "histogram", "values": [1.0, 0.0, 0.0, 0.0, 0.0, 0.0, 0.0, 0.0, 0.0, 0.0, 0.0, 0.0, 0.0, 1.0, 3.0, 2.0, 3.0, 6.0, 17.0, 18.0, 28.0, 46.0, 50.0, 74.0, 111.0, 137.0, 184.0, 257.0, 345.0, 437.0, 555.0, 691.0, 814.0, 818.0, 747.0, 661.0, 558.0, 404.0, 296.0, 254.0, 179.0, 121.0, 107.0, 85.0, 52.0, 38.0, 28.0, 18.0, 19.0, 9.0, 3.0, 2.0, 4.0, 2.0, 3.0, 1.0, 0.0, 0.0, 1.0, 0.0, 0.0, 0.0, 1.0, 1.0], "bins": [-1.6714413166046143, -1.6214673519134521, -1.5714935064315796, -1.5215195417404175, -1.4715455770492554, -1.4215717315673828, -1.3715977668762207, -1.3216238021850586, -1.2716498374938965, -1.221675992012024, -1.1717020273208618, -1.1217280626296997, -1.0717542171478271, -1.021780252456665, -0.9718063473701477, -0.9218323826789856, -0.8718584775924683, -0.8218845725059509, -0.7719106078147888, -0.7219367027282715, -0.6719627380371094, -0.621988832950592, -0.5720149278640747, -0.5220409631729126, -0.47206705808639526, -0.42209312319755554, -0.3721191883087158, -0.3221452832221985, -0.27217134833335876, -0.22219741344451904, -0.17222349345684052, -0.12224956601858139, -0.07227563858032227, -0.02230171114206314, 0.027672216296195984, 0.07764614373445511, 0.12762007117271423, 0.17759400606155396, 0.22756792604923248, 0.277541846036911, 0.32751578092575073, 0.37748971581459045, 0.4274636507034302, 0.4774375557899475, 0.5274114608764648, 0.577385425567627, 0.6273593306541443, 0.6773332953453064, 0.7273072004318237, 0.7772811055183411, 0.8272550702095032, 0.8772289752960205, 0.9272029399871826, 0.9771768450737, 1.0271507501602173, 1.0771247148513794, 1.127098560333252, 1.177072525024414, 1.2270464897155762, 1.2770204544067383, 1.3269942998886108, 1.376968264579773, 1.426942229270935, 1.4769160747528076, 1.5268900394439697]}, "gradients/prompt_learner.local_u_ctx": {"_type": "histogram", "values": [1.0, 0.0, 0.0, 0.0, 1.0, 0.0, 0.0, 0.0, 0.0, 1.0, 0.0, 1.0, 1.0, 0.0, 1.0, 0.0, 2.0, 0.0, 1.0, 1.0, 0.0, 0.0, 0.0, 2.0, 1.0, 4.0, 2.0, 0.0, 3.0, 1.0, 1.0, 1.0, 0.0, 1.0, 0.0, 2.0, 0.0, 0.0, 0.0, 0.0, 0.0, 1.0, 0.0, 2.0, 0.0, 0.0, 0.0, 0.0, 0.0, 0.0, 0.0, 0.0, 0.0, 0.0, 0.0, 0.0, 0.0, 0.0, 0.0, 0.0, 0.0, 0.0, 0.0, 1.0], "bins": [-0.48918503522872925, -0.47237125039100647, -0.4555574655532837, -0.4387436807155609, -0.42192989587783813, -0.40511608123779297, -0.3883022964000702, -0.3714885115623474, -0.35467472672462463, -0.33786094188690186, -0.3210471570491791, -0.3042333722114563, -0.28741955757141113, -0.27060577273368835, -0.2537919878959656, -0.2369782030582428, -0.22016441822052002, -0.20335063338279724, -0.18653684854507446, -0.1697230488061905, -0.1529092639684677, -0.13609547913074493, -0.11928168684244156, -0.10246789455413818, -0.0856541097164154, -0.06884032487869263, -0.05202653259038925, -0.035212744027376175, -0.018398955464363098, -0.0015851669013500214, 0.015228621661663055, 0.03204241022467613, 0.048856258392333984, 0.06567004323005676, 0.08248383551836014, 0.09929762780666351, 0.11611141264438629, 0.13292519748210907, 0.14973899722099304, 0.16655278205871582, 0.1833665668964386, 0.20018035173416138, 0.21699413657188416, 0.23380793631076813, 0.2506217360496521, 0.2674355208873749, 0.28424930572509766, 0.30106309056282043, 0.3178768754005432, 0.334690660238266, 0.35150444507598877, 0.36831822991371155, 0.3851320147514343, 0.4019458293914795, 0.41875961422920227, 0.43557339906692505, 0.4523871839046478, 0.4692009687423706, 0.4860147535800934, 0.5028285384178162, 0.5196423530578613, 0.5364561080932617, 0.5532699227333069, 0.5700836777687073, 0.5868974924087524]}, "gradients/prompt_learner.local_v_ctx": {"_type": "histogram", "values": [1.0, 1.0, 0.0, 0.0, 0.0, 3.0, 0.0, 2.0, 3.0, 0.0, 3.0, 2.0, 7.0, 12.0, 15.0, 16.0, 12.0, 14.0, 21.0, 24.0, 17.0, 16.0, 33.0, 27.0, 43.0, 34.0, 39.0, 38.0, 42.0, 35.0, 42.0, 48.0, 57.0, 36.0, 31.0, 44.0, 49.0, 41.0, 22.0, 24.0, 22.0, 26.0, 20.0, 14.0, 14.0, 22.0, 8.0, 7.0, 8.0, 7.0, 8.0, 4.0, 2.0, 2.0, 1.0, 0.0, 1.0, 2.0, 1.0, 0.0, 0.0, 0.0, 0.0, 1.0], "bins": [-0.760142982006073, -0.7355745434761047, -0.7110061049461365, -0.6864376664161682, -0.6618692278862, -0.6373007893562317, -0.6127323508262634, -0.5881639122962952, -0.5635954141616821, -0.5390269756317139, -0.5144585371017456, -0.48989012837409973, -0.4653216600418091, -0.4407532215118408, -0.41618478298187256, -0.3916163444519043, -0.36704790592193604, -0.3424794673919678, -0.3179110288619995, -0.29334259033203125, -0.268774151802063, -0.24420569837093353, -0.21963724493980408, -0.19506880640983582, -0.17050036787986755, -0.1459319293498993, -0.12136348336935043, -0.09679503738880157, -0.07222659885883331, -0.04765815660357475, -0.023089714348316193, 0.0014787279069423676, 0.026047229766845703, 0.05061567202210426, 0.07518411427736282, 0.09975256025791168, 0.12432099878787994, 0.1488894373178482, 0.17345789074897766, 0.19802632927894592, 0.22259476780891418, 0.24716320633888245, 0.2717316448688507, 0.29630008339881897, 0.3208685517311096, 0.3454369902610779, 0.37000542879104614, 0.3945738673210144, 0.41914230585098267, 0.4437107443809509, 0.4682791829109192, 0.49284762144088745, 0.5174160599708557, 0.541984498500824, 0.5665529370307922, 0.5911213755607605, 0.6156898736953735, 0.6402583122253418, 0.6648267507553101, 0.6893951892852783, 0.7139636278152466, 0.7385320663452148, 0.7631005048751831, 0.7876689434051514, 0.8122373819351196]}, "test/epoch": 30, "test/local_acc_avg": 83.40590035034357, "test/duration_sec": 138.08907103538513, "test/neighbor_acc_avg": 82.24856573736756, "summary/local_acc_max": 83.40590035034357, "summary/local_acc_mean": 81.87326886773775, "summary/neighbor_acc_max": 82.24856573736756, "summary/neighbor_acc_mean": 81.01037053465397, "_wandb": {"runtime": 967}}