{"gradients/prompt_learner.global_ctx": {"_type": "histogram", "values": [1.0, 0.0, 0.0, 0.0, 0.0, 1.0, 0.0, 0.0, 0.0, 0.0, 0.0, 0.0, 1.0, 0.0, 2.0, 3.0, 4.0, 1.0, 7.0, 13.0, 13.0, 6.0, 16.0, 17.0, 31.0, 38.0, 50.0, 55.0, 74.0, 130.0, 167.0, 291.0, 532.0, 934.0, 1631.0, 1727.0, 941.0, 513.0, 348.0, 179.0, 107.0, 89.0, 69.0, 41.0, 23.0, 30.0, 29.0, 17.0, 12.0, 12.0, 13.0, 12.0, 3.0, 4.0, 1.0, 1.0, 1.0, 0.0, 0.0, 0.0, 0.0, 1.0, 0.0, 1.0], "bins": [-1.873337745666504, -1.8198893070220947, -1.766440749168396, -1.7129921913146973, -1.659543752670288, -1.606095314025879, -1.5526467561721802, -1.4991981983184814, -1.4457497596740723, -1.392301321029663, -1.3388527631759644, -1.2854042053222656, -1.2319557666778564, -1.1785073280334473, -1.1250587701797485, -1.0716102123260498, -1.0181617736816406, -0.9647132754325867, -0.9112647771835327, -0.8578162789344788, -0.8043677806854248, -0.7509192824363708, -0.6974707841873169, -0.6440222859382629, -0.590573787689209, -0.537125289440155, -0.4836767911911011, -0.4302282929420471, -0.37677979469299316, -0.3233312964439392, -0.26988279819488525, -0.2164342999458313, -0.1629859209060669, -0.10953742265701294, -0.056088924407958984, -0.0026404261589050293, 0.050808072090148926, 0.10425657033920288, 0.15770506858825684, 0.2111535668373108, 0.26460206508636475, 0.3180505633354187, 0.37149906158447266, 0.4249475598335266, 0.47839605808258057, 0.5318445563316345, 0.5852930545806885, 0.6387415528297424, 0.6921900510787964, 0.7456385493278503, 0.7990870475769043, 0.8525355458259583, 0.9059840440750122, 0.9594325423240662, 1.0128810405731201, 1.0663294792175293, 1.119778037071228, 1.1732265949249268, 1.226675033569336, 1.2801234722137451, 1.3335720300674438, 1.3870205879211426, 1.4404690265655518, 1.493917465209961, 1.5473660230636597]}, "_timestamp": 1763634899.0671785, "_runtime": 2263.990758419037, "_step": 30, "train/epoch": 30, "train/avg_acc": 58.2, "train/duration_sec": 57.01310873031616, "test/epoch": 30, "test/local_acc_avg": 65.2044658852776, "test/duration_sec": 180.99726128578186, "test/neighbor_acc_avg": 64.96442398660827, "summary/local_acc_max": 65.2044658852776, "summary/local_acc_mean": 60.27451656738227, "summary/neighbor_acc_max": 64.96442398660827, "summary/neighbor_acc_mean": 60.24079008965315, "_wandb": {"runtime": 2263}}