{"train/epoch": 30, "train/avg_acc": 59.0625, "train/duration_sec": 5.23856258392334, "_timestamp": 1763682921.0551403, "_runtime": 1151.0410242080688, "_step": 30, "gradients/prompt_learner.global_ctx": {"_type": "histogram", "values": [1.0, 0.0, 0.0, 0.0, 0.0, 0.0, 0.0, 0.0, 0.0, 0.0, 0.0, 0.0, 1.0, 0.0, 0.0, 1.0, 1.0, 3.0, 2.0, 1.0, 3.0, 3.0, 11.0, 7.0, 13.0, 11.0, 24.0, 26.0, 47.0, 56.0, 86.0, 132.0, 168.0, 258.0, 387.0, 557.0, 740.0, 895.0, 1009.0, 971.0, 812.0, 597.0, 434.0, 262.0, 207.0, 141.0, 71.0, 80.0, 46.0, 38.0, 22.0, 9.0, 12.0, 15.0, 7.0, 8.0, 3.0, 5.0, 4.0, 1.0, 1.0, 0.0, 2.0, 1.0], "bins": [-8.905433654785156, -8.675029754638672, -8.444625854492188, -8.214221000671387, -7.983817100524902, -7.753413200378418, -7.523009300231934, -7.292604923248291, -7.062201023101807, -6.831797122955322, -6.60139274597168, -6.370988845825195, -6.140584945678711, -5.910180568695068, -5.679776668548584, -5.449372291564941, -5.218968391418457, -4.988564491271973, -4.75816011428833, -4.527756214141846, -4.297351837158203, -4.066947937011719, -3.8365440368652344, -3.606139898300171, -3.3757357597351074, -3.145331621170044, -2.9149274826049805, -2.684523582458496, -2.4541194438934326, -2.223715305328369, -1.9933112859725952, -1.7629072666168213, -1.5325026512145996, -1.3020985126495361, -1.0716944932937622, -0.8412904143333435, -0.6108863353729248, -0.3804822564125061, -0.1500781774520874, 0.0803259015083313, 0.31072998046875, 0.5411340594291687, 0.7715381383895874, 1.0019421577453613, 1.2323462963104248, 1.4627504348754883, 1.6931544542312622, 1.9235584735870361, 2.1539626121520996, 2.384366750717163, 2.6147708892822266, 2.845174789428711, 3.0755789279937744, 3.305983066558838, 3.5363869667053223, 3.7667911052703857, 3.997195243835449, 4.227599143981934, 4.458003520965576, 4.6884074211120605, 4.918811798095703, 5.1492156982421875, 5.379619598388672, 5.6100239753723145, 5.840427875518799]}, "gradients/prompt_learner.local_u_ctx": {"_type": "histogram", "values": [1.0, 0.0, 1.0, 0.0, 0.0, 0.0, 0.0, 0.0, 0.0, 0.0, 0.0, 0.0, 1.0, 1.0, 0.0, 0.0, 0.0, 0.0, 0.0, 0.0, 0.0, 0.0, 0.0, 2.0, 1.0, 2.0, 1.0, 1.0, 3.0, 2.0, 0.0, 2.0, 1.0, 1.0, 3.0, 1.0, 0.0, 0.0, 1.0, 0.0, 2.0, 0.0, 0.0, 1.0, 0.0, 1.0, 0.0, 1.0, 0.0, 1.0, 0.0, 0.0, 0.0, 0.0, 0.0, 0.0, 0.0, 0.0, 0.0, 0.0, 0.0, 0.0, 0.0, 1.0], "bins": [-1.9009208679199219, -1.831069827079773, -1.761218786239624, -1.6913676261901855, -1.6215165853500366, -1.5516655445098877, -1.4818145036697388, -1.4119634628295898, -1.3421123027801514, -1.2722612619400024, -1.2024102210998535, -1.1325591802597046, -1.0627081394195557, -0.992857038974762, -0.923005998134613, -0.8531548976898193, -0.7833038568496704, -0.7134528160095215, -0.6436017155647278, -0.5737506747245789, -0.5038995742797852, -0.43404853343963623, -0.3641974925994873, -0.294346421957016, -0.22449535131454468, -0.15464428067207336, -0.08479322493076324, -0.014942161738872528, 0.05490890145301819, 0.1247599646449089, 0.19461102783679962, 0.26446208357810974, 0.33431315422058105, 0.40416422486305237, 0.4740152955055237, 0.5438663363456726, 0.6137174367904663, 0.6835684776306152, 0.7534195184707642, 0.8232706189155579, 0.8931216597557068, 0.9629727005958557, 1.0328238010406494, 1.1026748418807983, 1.1725258827209473, 1.2423769235610962, 1.3122280836105347, 1.3820791244506836, 1.4519301652908325, 1.5217812061309814, 1.5916322469711304, 1.6614834070205688, 1.7313344478607178, 1.8011854887008667, 1.8710365295410156, 1.9408875703811646, 2.0107386112213135, 2.080589771270752, 2.1504406929016113, 2.22029185295105, 2.2901430130004883, 2.3599939346313477, 2.429845094680786, 2.4996960163116455, 2.569547176361084]}, "gradients/prompt_learner.local_v_ctx": {"_type": "histogram", "values": [2.0, 0.0, 0.0, 0.0, 0.0, 1.0, 1.0, 3.0, 3.0, 4.0, 2.0, 7.0, 6.0, 3.0, 12.0, 13.0, 15.0, 24.0, 23.0, 29.0, 20.0, 32.0, 27.0, 38.0, 54.0, 36.0, 62.0, 49.0, 48.0, 44.0, 44.0, 46.0, 45.0, 43.0, 35.0, 43.0, 36.0, 23.0, 19.0, 24.0, 23.0, 12.0, 13.0, 16.0, 8.0, 9.0, 7.0, 8.0, 0.0, 3.0, 2.0, 2.0, 0.0, 1.0, 2.0, 1.0, 0.0, 0.0, 0.0, 0.0, 0.0, 0.0, 0.0, 1.0], "bins": [-3.4183523654937744, -3.3013339042663574, -3.1843154430389404, -3.0672969818115234, -2.9502785205841064, -2.8332600593566895, -2.7162415981292725, -2.5992231369018555, -2.4822046756744385, -2.3651862144470215, -2.2481677532196045, -2.1311492919921875, -2.0141308307647705, -1.8971123695373535, -1.7800939083099365, -1.6630754470825195, -1.5460569858551025, -1.4290385246276855, -1.3120200634002686, -1.1950016021728516, -1.0779831409454346, -0.9609646797180176, -0.8439462184906006, -0.7269277572631836, -0.6099092960357666, -0.4928908348083496, -0.3758723735809326, -0.2588539123535156, -0.14183545112609863, -0.02481698989868164, 0.09220147132873535, 0.20921993255615234, 0.32623815536499023, 0.4432566165924072, 0.5602750778198242, 0.6772935390472412, 0.7943120002746582, 0.9113304615020752, 1.0283489227294922, 1.1453673839569092, 1.2623858451843262, 1.3794043064117432, 1.4964227676391602, 1.6134412288665771, 1.7304596900939941, 1.8474781513214111, 1.9644966125488281, 2.081515073776245, 2.198533535003662, 2.315551996231079, 2.432570457458496, 2.549588918685913, 2.66660737991333, 2.783625841140747, 2.900644302368164, 3.017662763595581, 3.134681224822998, 3.251699686050415, 3.368718147277832, 3.485736608505249, 3.602755069732666, 3.719773530960083, 3.8367919921875, 3.953810453414917, 4.070828914642334]}, "test/epoch": 30, "test/local_acc_avg": 85.24360197139602, "test/duration_sec": 330.41382026672363, "test/neighbor_acc_avg": 82.6062514396507, "summary/local_acc_max": 85.24360197139602, "summary/local_acc_mean": 77.38943554698972, "summary/neighbor_acc_max": 82.6062514396507, "summary/neighbor_acc_mean": 74.64118341864302, "_wandb": {"runtime": 1149}}