{"train/epoch": 30, "train/avg_acc": 67.99107142857143, "train/duration_sec": 18.428580284118652, "_timestamp": 1763667835.5378757, "_runtime": 977.3136577606201, "_step": 30, "gradients/prompt_learner.global_ctx": {"_type": "histogram", "values": [1.0, 0.0, 0.0, 0.0, 0.0, 0.0, 0.0, 0.0, 0.0, 0.0, 0.0, 0.0, 0.0, 0.0, 0.0, 0.0, 1.0, 1.0, 1.0, 3.0, 1.0, 8.0, 10.0, 6.0, 9.0, 21.0, 33.0, 49.0, 71.0, 84.0, 119.0, 168.0, 251.0, 315.0, 477.0, 612.0, 680.0, 782.0, 778.0, 773.0, 684.0, 560.0, 483.0, 345.0, 243.0, 192.0, 114.0, 99.0, 68.0, 39.0, 41.0, 19.0, 12.0, 9.0, 10.0, 6.0, 4.0, 4.0, 1.0, 3.0, 1.0, 0.0, 0.0, 1.0], "bins": [-4.229759216308594, -4.120001316070557, -4.0102434158325195, -3.9004857540130615, -3.7907280921936035, -3.6809701919555664, -3.5712122917175293, -3.4614546298980713, -3.351696729660034, -3.241939067840576, -3.132181167602539, -3.022423267364502, -2.912665605545044, -2.802907705307007, -2.693150043487549, -2.5833921432495117, -2.4736342430114746, -2.3638765811920166, -2.2541186809539795, -2.1443610191345215, -2.0346031188964844, -1.9248453378677368, -1.8150875568389893, -1.7053297758102417, -1.5955719947814941, -1.485814094543457, -1.3760563135147095, -1.266298532485962, -1.1565407514572144, -1.0467829704284668, -0.9370251297950745, -0.8272672891616821, -0.7175095081329346, -0.607751727104187, -0.4979938864707947, -0.3882361054420471, -0.2784782946109772, -0.16872048377990723, -0.058962687849998474, 0.050795115530490875, 0.16055291891098022, 0.27031072974205017, 0.3800685405731201, 0.4898263216018677, 0.5995841026306152, 0.7093419432640076, 0.8190997242927551, 0.9288575649261475, 1.038615345954895, 1.1483731269836426, 1.2581309080123901, 1.3678888082504272, 1.4776465892791748, 1.5874043703079224, 1.69716215133667, 1.8069199323654175, 1.916677713394165, 2.026435613632202, 2.13619327545166, 2.2459511756896973, 2.3557090759277344, 2.4654667377471924, 2.5752246379852295, 2.6849822998046875, 2.7947402000427246]}, "gradients/prompt_learner.local_u_ctx": {"_type": "histogram", "values": [1.0, 0.0, 0.0, 1.0, 0.0, 0.0, 1.0, 0.0, 0.0, 0.0, 2.0, 0.0, 1.0, 0.0, 1.0, 4.0, 2.0, 2.0, 2.0, 1.0, 3.0, 1.0, 4.0, 4.0, 11.0, 5.0, 4.0, 9.0, 5.0, 8.0, 10.0, 7.0, 6.0, 13.0, 7.0, 12.0, 7.0, 10.0, 10.0, 11.0, 14.0, 7.0, 9.0, 8.0, 4.0, 9.0, 5.0, 6.0, 5.0, 1.0, 2.0, 6.0, 3.0, 2.0, 2.0, 3.0, 2.0, 1.0, 0.0, 1.0, 0.0, 0.0, 0.0, 1.0], "bins": [-1.5859169960021973, -1.5410574674606323, -1.4961979389190674, -1.4513384103775024, -1.406478762626648, -1.361619234085083, -1.316759705543518, -1.2719001770019531, -1.2270406484603882, -1.1821811199188232, -1.1373214721679688, -1.0924619436264038, -1.0476024150848389, -1.002742886543274, -0.957883358001709, -0.9130237698554993, -0.8681642413139343, -0.8233047127723694, -0.7784451246261597, -0.7335855960845947, -0.6887260675430298, -0.6438664793968201, -0.5990069508552551, -0.5541474223136902, -0.5092878341674805, -0.4644283056259155, -0.4195687770843506, -0.37470921874046326, -0.3298496603965759, -0.284990131855011, -0.24013057351112366, -0.19527103006839752, -0.1504114866256714, -0.10555194318294525, -0.06069239228963852, -0.015832845121622086, 0.029026702046394348, 0.07388624548912048, 0.11874579638242722, 0.16360534727573395, 0.20846489071846008, 0.2533244490623474, 0.29818397760391235, 0.3430435359477997, 0.387903094291687, 0.43276262283325195, 0.4776221811771393, 0.5224817395210266, 0.5673412680625916, 0.6122007966041565, 0.6570603847503662, 0.7019199132919312, 0.7467794418334961, 0.7916390299797058, 0.8364985585212708, 0.8813580870628357, 0.9262176752090454, 0.9710772037506104, 1.0159367322921753, 1.0607962608337402, 1.1056557893753052, 1.1505154371261597, 1.1953749656677246, 1.2402344942092896, 1.2850940227508545]}, "gradients/prompt_learner.local_v_ctx": {"_type": "histogram", "values": [1.0, 0.0, 0.0, 0.0, 1.0, 0.0, 0.0, 0.0, 0.0, 0.0, 0.0, 0.0, 1.0, 0.0, 1.0, 1.0, 5.0, 1.0, 10.0, 8.0, 15.0, 24.0, 32.0, 45.0, 62.0, 100.0, 133.0, 172.0, 246.0, 270.0, 333.0, 400.0, 509.0, 546.0, 571.0, 562.0, 587.0, 531.0, 580.0, 511.0, 439.0, 371.0, 291.0, 217.0, 186.0, 131.0, 87.0, 62.0, 54.0, 19.0, 33.0, 13.0, 6.0, 5.0, 10.0, 4.0, 1.0, 0.0, 1.0, 2.0, 1.0, 0.0, 0.0, 1.0], "bins": [-3.293839454650879, -3.2024624347686768, -3.1110856533050537, -3.0197086334228516, -2.9283316135406494, -2.8369548320770264, -2.745577812194824, -2.654200792312622, -2.562824010848999, -2.471446990966797, -2.3800699710845947, -2.2886931896209717, -2.1973161697387695, -2.1059391498565674, -2.0145623683929443, -1.9231853485107422, -1.8318084478378296, -1.740431547164917, -1.6490545272827148, -1.5576776266098022, -1.4663007259368896, -1.3749237060546875, -1.283546805381775, -1.1921699047088623, -1.1007928848266602, -1.0094159841537476, -0.918039083480835, -0.8266621232032776, -0.7352851629257202, -0.6439082622528076, -0.5525313019752502, -0.46115437150001526, -0.3697774410247803, -0.2784005105495453, -0.1870235651731491, -0.09564662724733353, -0.004269689321517944, 0.08710724860429764, 0.17848418653011322, 0.2698611319065094, 0.3612380623817444, 0.45261499285697937, 0.5439919233322144, 0.6353688836097717, 0.7267458438873291, 0.8181227445602417, 0.9094997048377991, 1.0008766651153564, 1.092253565788269, 1.1836304664611816, 1.2750074863433838, 1.3663843870162964, 1.457761287689209, 1.5491383075714111, 1.6405152082443237, 1.7318921089172363, 1.8232691287994385, 1.914646029472351, 2.0060229301452637, 2.097399950027466, 2.188776731491089, 2.280153751373291, 2.371530771255493, 2.462907552719116, 2.5542845726013184]}, "test/epoch": 30, "test/local_acc_avg": 72.0875787187942, "test/duration_sec": 141.13118410110474, "test/neighbor_acc_avg": 73.56646300082637, "summary/local_acc_max": 77.1367171469706, "summary/local_acc_mean": 71.98831628374467, "summary/neighbor_acc_max": 78.71145371892058, "summary/neighbor_acc_mean": 72.66409928694044, "_wandb": {"runtime": 976}}