{"train/epoch": 30, "train/avg_acc": 74.55357142857143, "train/duration_sec": 17.782131910324097, "_timestamp": 1763659779.7870257, "_runtime": 975.6560337543488, "_step": 30, "gradients/prompt_learner.cluster_ctx": {"_type": "histogram", "values": [1.0, 0.0, 0.0, 0.0, 1.0, 0.0, 0.0, 0.0, 0.0, 0.0, 0.0, 3.0, 2.0, 0.0, 3.0, 4.0, 13.0, 13.0, 19.0, 53.0, 107.0, 213.0, 332.0, 556.0, 778.0, 1099.0, 1529.0, 1203.0, 853.0, 568.0, 354.0, 233.0, 114.0, 64.0, 36.0, 16.0, 7.0, 6.0, 5.0, 2.0, 2.0, 1.0, 1.0, 0.0, 0.0, 0.0, 0.0, 0.0, 0.0, 0.0, 0.0, 0.0, 0.0, 0.0, 0.0, 0.0, 0.0, 0.0, 0.0, 0.0, 0.0, 0.0, 0.0, 1.0], "bins": [-1.7233717441558838, -1.6585628986358643, -1.5937539339065552, -1.5289450883865356, -1.4641361236572266, -1.399327278137207, -1.3345184326171875, -1.2697094678878784, -1.2049006223678589, -1.1400917768478394, -1.0752828121185303, -1.0104739665985107, -0.9456650614738464, -0.8808561563491821, -0.8160473108291626, -0.7512384057044983, -0.686429500579834, -0.6216205954551697, -0.5568116903305054, -0.49200284481048584, -0.42719393968582153, -0.3623850345611572, -0.2975761592388153, -0.2327672690153122, -0.16795837879180908, -0.10314948856830597, -0.038340598344802856, 0.026468291878700256, 0.09127718210220337, 0.15608607232570648, 0.2208949625492096, 0.2857038378715515, 0.3505125045776367, 0.415321409702301, 0.48013028502464294, 0.5449391603469849, 0.6097480654716492, 0.6745569705963135, 0.739365816116333, 0.8041747212409973, 0.8689836263656616, 0.9337925314903259, 0.9986014366149902, 1.0634102821350098, 1.1282191276550293, 1.1930280923843384, 1.257836937904358, 1.322645902633667, 1.3874547481536865, 1.452263593673706, 1.5170725584030151, 1.5818814039230347, 1.6466903686523438, 1.7114992141723633, 1.7763080596923828, 1.841117024421692, 1.9059258699417114, 1.970734715461731, 2.03554368019104, 2.1003525257110596, 2.165161371231079, 2.2299702167510986, 2.2947793006896973, 2.359588146209717, 2.4243969917297363]}, "gradients/prompt_learner.global_ctx": {"_type": "histogram", "values": [1.0, 0.0, 0.0, 0.0, 1.0, 0.0, 0.0, 0.0, 0.0, 0.0, 0.0, 3.0, 2.0, 0.0, 3.0, 4.0, 13.0, 13.0, 19.0, 53.0, 107.0, 213.0, 332.0, 556.0, 778.0, 1099.0, 1529.0, 1203.0, 853.0, 568.0, 354.0, 233.0, 114.0, 64.0, 36.0, 16.0, 7.0, 6.0, 5.0, 2.0, 2.0, 1.0, 1.0, 0.0, 0.0, 0.0, 0.0, 0.0, 0.0, 0.0, 0.0, 0.0, 0.0, 0.0, 0.0, 0.0, 0.0, 0.0, 0.0, 0.0, 0.0, 0.0, 0.0, 1.0], "bins": [-3.4467434883117676, -3.3171257972717285, -3.1875078678131104, -3.0578901767730713, -2.928272247314453, -2.798654556274414, -2.669036865234375, -2.539418935775757, -2.4098012447357178, -2.2801835536956787, -2.1505656242370605, -2.0209479331970215, -1.8913301229476929, -1.7617123126983643, -1.6320946216583252, -1.5024768114089966, -1.372859001159668, -1.2432411909103394, -1.1136233806610107, -0.9840056896209717, -0.8543878793716431, -0.7247700691223145, -0.5951523184776306, -0.4655345380306244, -0.33591675758361816, -0.20629897713661194, -0.07668119668960571, 0.05293658375740051, 0.18255436420440674, 0.31217214465141296, 0.4417899250984192, 0.571407675743103, 0.7010250091552734, 0.830642819404602, 0.9602605700492859, 1.0898783206939697, 1.2194961309432983, 1.349113941192627, 1.478731632232666, 1.6083494424819946, 1.7379672527313232, 1.8675850629806519, 1.9972028732299805, 2.1268205642700195, 2.2564382553100586, 2.3860561847686768, 2.515673875808716, 2.645291805267334, 2.774909496307373, 2.904527187347412, 3.0341451168060303, 3.1637628078460693, 3.2933807373046875, 3.4229984283447266, 3.5526161193847656, 3.682234048843384, 3.811851739883423, 3.941469430923462, 4.07108736038208, 4.200705051422119, 4.330322742462158, 4.459940433502197, 4.5895586013793945, 4.719176292419434, 4.848793983459473]}, "gradients/prompt_learner.local_u_ctx": {"_type": "histogram", "values": [1.0, 2.0, 0.0, 2.0, 0.0, 0.0, 0.0, 0.0, 1.0, 1.0, 0.0, 1.0, 1.0, 1.0, 2.0, 2.0, 2.0, 3.0, 1.0, 1.0, 0.0, 4.0, 1.0, 1.0, 2.0, 4.0, 2.0, 4.0, 4.0, 4.0, 9.0, 6.0, 6.0, 1.0, 5.0, 8.0, 5.0, 2.0, 3.0, 2.0, 3.0, 1.0, 0.0, 4.0, 3.0, 2.0, 1.0, 4.0, 2.0, 1.0, 3.0, 1.0, 0.0, 2.0, 0.0, 0.0, 1.0, 0.0, 2.0, 0.0, 1.0, 2.0, 0.0, 1.0], "bins": [-0.7819300889968872, -0.756955623626709, -0.7319811582565308, -0.7070066928863525, -0.6820322275161743, -0.6570578217506409, -0.6320833563804626, -0.6071088910102844, -0.5821344256401062, -0.557159960269928, -0.5321854948997498, -0.5072110295295715, -0.4822365939617157, -0.4572621285915375, -0.43228769302368164, -0.4073132276535034, -0.3823387622833252, -0.357364296913147, -0.33238983154296875, -0.3074153959751129, -0.2824409306049347, -0.25746646523475647, -0.23249201476573944, -0.2075175642967224, -0.1825430989265442, -0.15756863355636597, -0.13259418308734894, -0.10761972516775131, -0.08264526724815369, -0.05767080932855606, -0.032696351408958435, -0.007721893489360809, 0.01725250482559204, 0.04222696274518967, 0.06720142066478729, 0.09217587858438492, 0.11715033650398254, 0.14212480187416077, 0.1670992523431778, 0.19207370281219482, 0.21704816818237305, 0.24202263355255127, 0.2669970989227295, 0.2919715344905853, 0.31694599986076355, 0.3419204652309418, 0.3668949007987976, 0.39186936616897583, 0.41684383153915405, 0.4418182969093323, 0.4667927622795105, 0.49176719784736633, 0.5167416334152222, 0.5417160987854004, 0.5666905641555786, 0.5916650295257568, 0.6166394948959351, 0.6416139602661133, 0.6665884256362915, 0.6915628910064697, 0.716537356376648, 0.7415117621421814, 0.7664862275123596, 0.7914606928825378, 0.8164351582527161]}, "gradients/prompt_learner.local_v_ctx": {"_type": "histogram", "values": [1.0, 0.0, 0.0, 0.0, 0.0, 0.0, 2.0, 3.0, 1.0, 1.0, 4.0, 6.0, 14.0, 15.0, 24.0, 26.0, 38.0, 51.0, 94.0, 89.0, 114.0, 162.0, 240.0, 254.0, 289.0, 299.0, 333.0, 295.0, 319.0, 294.0, 249.0, 220.0, 167.0, 133.0, 105.0, 80.0, 53.0, 39.0, 31.0, 17.0, 14.0, 6.0, 7.0, 3.0, 1.0, 0.0, 0.0, 1.0, 0.0, 0.0, 0.0, 0.0, 0.0, 0.0, 0.0, 0.0, 0.0, 0.0, 0.0, 0.0, 0.0, 1.0, 0.0, 1.0], "bins": [-1.787443995475769, -1.721169352531433, -1.6548947095870972, -1.5886201858520508, -1.5223455429077148, -1.456070899963379, -1.389796257019043, -1.323521614074707, -1.257246971130371, -1.1909724473953247, -1.1246978044509888, -1.0584231615066528, -0.9921485185623169, -0.9258739352226257, -0.8595992922782898, -0.7933247089385986, -0.7270500659942627, -0.6607754230499268, -0.5945008397102356, -0.5282261967658997, -0.4619515836238861, -0.39567697048187256, -0.3294023275375366, -0.26312771439552307, -0.19685310125350952, -0.13057848811149597, -0.06430386006832123, 0.0019707605242729187, 0.06824538111686707, 0.13451999425888062, 0.20079462230205536, 0.2670692503452301, 0.3333437442779541, 0.39961835741996765, 0.4658929705619812, 0.5321676135063171, 0.5984421968460083, 0.6647168397903442, 0.7309914827346802, 0.7972660660743713, 0.8635407090187073, 0.9298153519630432, 0.9960899353027344, 1.0623645782470703, 1.1286392211914062, 1.1949138641357422, 1.2611883878707886, 1.3274630308151245, 1.3937376737594604, 1.4600123167037964, 1.5262869596481323, 1.5925614833831787, 1.6588361263275146, 1.7251107692718506, 1.7913854122161865, 1.8576600551605225, 1.9239346981048584, 1.9902092218399048, 2.0564839839935303, 2.122758388519287, 2.189033031463623, 2.255307674407959, 2.321582317352295, 2.387856960296631, 2.454131603240967]}, "test/epoch": 30, "test/local_acc_avg": 88.62245762856239, "test/duration_sec": 140.96803188323975, "test/neighbor_acc_avg": 87.26451870191329, "summary/local_acc_max": 88.62245762856239, "summary/local_acc_mean": 85.10645075687518, "summary/neighbor_acc_max": 87.26451870191329, "summary/neighbor_acc_mean": 84.30407044785234, "_wandb": {"runtime": 974}}