{"train/epoch": 30, "train/avg_acc": 72.67857142857143, "train/duration_sec": 17.784928798675537, "_timestamp": 1763662959.9006763, "_runtime": 961.3501243591309, "_step": 30, "gradients/prompt_learner.cluster_ctx": {"_type": "histogram", "values": [1.0, 0.0, 0.0, 0.0, 0.0, 0.0, 0.0, 0.0, 0.0, 0.0, 1.0, 0.0, 2.0, 3.0, 4.0, 5.0, 10.0, 10.0, 14.0, 23.0, 31.0, 33.0, 50.0, 81.0, 114.0, 149.0, 232.0, 271.0, 400.0, 557.0, 729.0, 911.0, 929.0, 864.0, 742.0, 543.0, 438.0, 296.0, 197.0, 143.0, 98.0, 81.0, 69.0, 41.0, 39.0, 28.0, 15.0, 12.0, 5.0, 5.0, 4.0, 3.0, 1.0, 3.0, 0.0, 0.0, 2.0, 0.0, 0.0, 1.0, 0.0, 0.0, 0.0, 2.0], "bins": [-0.6783533692359924, -0.6575082540512085, -0.6366630792617798, -0.6158179044723511, -0.5949727892875671, -0.5741276741027832, -0.5532824993133545, -0.5324373245239258, -0.5115922093391418, -0.4907470643520355, -0.4699019193649292, -0.4490567743778229, -0.42821162939071655, -0.40736648440361023, -0.3865213394165039, -0.3656761944293976, -0.34483104944229126, -0.32398590445518494, -0.3031407594680786, -0.2822956144809723, -0.26145046949386597, -0.24060532450675964, -0.21976017951965332, -0.198915034532547, -0.17806988954544067, -0.15722474455833435, -0.13637959957122803, -0.1155344545841217, -0.09468930959701538, -0.07384416460990906, -0.052999019622802734, -0.03215387463569641, -0.011308729648590088, 0.009536415338516235, 0.03038156032562256, 0.05122670531272888, 0.0720718502998352, 0.09291699528694153, 0.11376214027404785, 0.13460728526115417, 0.1554524302482605, 0.17629757523536682, 0.19714272022247314, 0.21798786520957947, 0.2388330101966858, 0.2596781551837921, 0.28052330017089844, 0.30136844515800476, 0.3222135901451111, 0.3430587351322174, 0.36390388011932373, 0.38474902510643005, 0.4055941700935364, 0.4264393150806427, 0.447284460067749, 0.46812960505485535, 0.48897475004196167, 0.5098198652267456, 0.5306650400161743, 0.551510214805603, 0.572355329990387, 0.5932004451751709, 0.6140456199645996, 0.6348907947540283, 0.6557359099388123]}, "gradients/prompt_learner.global_ctx": {"_type": "histogram", "values": [1.0, 0.0, 0.0, 0.0, 0.0, 0.0, 0.0, 0.0, 0.0, 0.0, 1.0, 0.0, 2.0, 3.0, 4.0, 5.0, 10.0, 10.0, 14.0, 23.0, 31.0, 33.0, 50.0, 81.0, 114.0, 149.0, 232.0, 271.0, 400.0, 557.0, 729.0, 911.0, 929.0, 864.0, 742.0, 543.0, 438.0, 296.0, 197.0, 143.0, 98.0, 81.0, 69.0, 41.0, 39.0, 28.0, 15.0, 12.0, 5.0, 5.0, 4.0, 3.0, 1.0, 3.0, 0.0, 0.0, 2.0, 0.0, 0.0, 1.0, 0.0, 0.0, 0.0, 2.0], "bins": [-1.3567067384719849, -1.315016508102417, -1.2733261585235596, -1.2316358089447021, -1.1899455785751343, -1.1482553482055664, -1.106564998626709, -1.0648746490478516, -1.0231844186782837, -0.981494128704071, -0.9398038387298584, -0.8981135487556458, -0.8564232587814331, -0.8147329688072205, -0.7730426788330078, -0.7313523888587952, -0.6896620988845825, -0.6479718089103699, -0.6062815189361572, -0.5645912289619446, -0.5229009389877319, -0.4812106490135193, -0.43952035903930664, -0.397830069065094, -0.35613977909088135, -0.3144494891166687, -0.27275919914245605, -0.2310689091682434, -0.18937861919403076, -0.14768832921981812, -0.10599803924560547, -0.06430774927139282, -0.022617459297180176, 0.01907283067703247, 0.06076312065124512, 0.10245341062545776, 0.1441437005996704, 0.18583399057388306, 0.2275242805480957, 0.26921457052230835, 0.310904860496521, 0.35259515047073364, 0.3942854404449463, 0.43597573041915894, 0.4776660203933716, 0.5193563103675842, 0.5610466003417969, 0.6027368903160095, 0.6444271802902222, 0.6861174702644348, 0.7278077602386475, 0.7694980502128601, 0.8111883401870728, 0.8528786301612854, 0.894568920135498, 0.9362592101097107, 0.9779495000839233, 1.0196397304534912, 1.0613300800323486, 1.103020429611206, 1.144710659980774, 1.1864008903503418, 1.2280912399291992, 1.2697815895080566, 1.3114718198776245]}, "gradients/prompt_learner.local_u_ctx": {"_type": "histogram", "values": [2.0, 1.0, 0.0, 0.0, 2.0, 0.0, 0.0, 0.0, 0.0, 0.0, 0.0, 0.0, 0.0, 0.0, 0.0, 0.0, 0.0, 1.0, 0.0, 0.0, 0.0, 0.0, 0.0, 1.0, 0.0, 1.0, 0.0, 0.0, 2.0, 1.0, 0.0, 0.0, 0.0, 0.0, 2.0, 0.0, 0.0, 0.0, 0.0, 0.0, 0.0, 0.0, 0.0, 0.0, 0.0, 0.0, 0.0, 0.0, 0.0, 0.0, 0.0, 0.0, 0.0, 1.0, 0.0, 0.0, 0.0, 0.0, 0.0, 0.0, 0.0, 0.0, 0.0, 2.0], "bins": [-0.11210474371910095, -0.10379160940647125, -0.09547846764326096, -0.08716532588005066, -0.07885219156742096, -0.07053905725479126, -0.06222591549158096, -0.053912777453660965, -0.04559963941574097, -0.03728650137782097, -0.02897336333990097, -0.020660225301980972, -0.012347087264060974, -0.004033949226140976, 0.004279188811779022, 0.01259232684969902, 0.02090546488761902, 0.029218602925539017, 0.037531740963459015, 0.04584487900137901, 0.05415801703929901, 0.06247115507721901, 0.07078429311513901, 0.0790974348783493, 0.087410569190979, 0.0957237035036087, 0.104036845266819, 0.1123499870300293, 0.120663121342659, 0.1289762556552887, 0.1372894048690796, 0.1456025391817093, 0.153915673494339, 0.1622288078069687, 0.1705419421195984, 0.17885509133338928, 0.18716822564601898, 0.19548135995864868, 0.20379450917243958, 0.21210764348506927, 0.22042077779769897, 0.22873391211032867, 0.23704704642295837, 0.24536019563674927, 0.2536733150482178, 0.26198646426200867, 0.27029961347579956, 0.27861273288726807, 0.28692588210105896, 0.29523903131484985, 0.30355215072631836, 0.31186529994010925, 0.32017844915390015, 0.32849156856536865, 0.33680471777915955, 0.34511783719062805, 0.35343098640441895, 0.36174413561820984, 0.37005725502967834, 0.37837040424346924, 0.38668352365493774, 0.39499667286872864, 0.40330982208251953, 0.41162294149398804, 0.41993609070777893]}, "gradients/prompt_learner.local_v_ctx": {"_type": "histogram", "values": [1.0, 0.0, 0.0, 0.0, 1.0, 0.0, 0.0, 0.0, 0.0, 0.0, 0.0, 0.0, 2.0, 2.0, 3.0, 6.0, 5.0, 3.0, 5.0, 5.0, 6.0, 13.0, 16.0, 13.0, 16.0, 20.0, 15.0, 18.0, 23.0, 21.0, 29.0, 20.0, 31.0, 33.0, 17.0, 21.0, 31.0, 18.0, 22.0, 19.0, 17.0, 12.0, 7.0, 6.0, 4.0, 6.0, 6.0, 5.0, 1.0, 2.0, 2.0, 3.0, 0.0, 2.0, 0.0, 3.0, 0.0, 0.0, 0.0, 0.0, 0.0, 0.0, 0.0, 1.0], "bins": [-0.623778223991394, -0.6043828129768372, -0.5849874019622803, -0.5655919909477234, -0.5461965799331665, -0.5268011689186096, -0.5074057579040527, -0.48801031708717346, -0.4686149060726166, -0.4492194950580597, -0.4298240840435028, -0.4104286730289459, -0.39103323221206665, -0.37163782119750977, -0.3522424101829529, -0.332846999168396, -0.3134515881538391, -0.2940561771392822, -0.27466076612472534, -0.25526535511016846, -0.23586992919445038, -0.2164745181798935, -0.19707909226417542, -0.17768368124961853, -0.15828827023506165, -0.13889285922050476, -0.11949744075536728, -0.1001020222902298, -0.08070661127567291, -0.06131119653582573, -0.041915781795978546, -0.022520367056131363, -0.0031248927116394043, 0.01627052202820778, 0.03566593676805496, 0.055061351507902145, 0.07445676624774933, 0.09385217726230621, 0.1132475957274437, 0.13264301419258118, 0.15203842520713806, 0.17143383622169495, 0.19082924723625183, 0.2102246731519699, 0.2296200841665268, 0.24901549518108368, 0.26841092109680176, 0.28780633211135864, 0.3072017431259155, 0.3265971541404724, 0.3459925651550293, 0.3653879761695862, 0.38478338718414307, 0.40417882800102234, 0.4235742390155792, 0.4429696500301361, 0.462365061044693, 0.4817604720592499, 0.5011559128761292, 0.520551323890686, 0.5399467349052429, 0.5593421459197998, 0.5787375569343567, 0.5981329679489136, 0.6175283789634705]}, "test/epoch": 30, "test/local_acc_avg": 83.55567092298048, "test/duration_sec": 132.81337928771973, "test/neighbor_acc_avg": 82.37566470295295, "summary/local_acc_max": 83.78754944444793, "summary/local_acc_mean": 82.38181841555367, "summary/neighbor_acc_max": 82.37566470295295, "summary/neighbor_acc_mean": 81.03286371091363, "_wandb": {"runtime": 971}}