{"train/epoch": 30, "train/avg_acc": 75.78125, "train/duration_sec": 5.29288125038147, "_timestamp": 1763675946.4335458, "_runtime": 1136.9343478679657, "_step": 30, "gradients/prompt_learner.cluster_ctx": {"_type": "histogram", "values": [1.0, 0.0, 0.0, 0.0, 3.0, 0.0, 3.0, 1.0, 8.0, 7.0, 7.0, 9.0, 17.0, 18.0, 22.0, 18.0, 36.0, 40.0, 73.0, 77.0, 124.0, 176.0, 292.0, 440.0, 698.0, 939.0, 1126.0, 1188.0, 905.0, 625.0, 455.0, 258.0, 173.0, 113.0, 84.0, 59.0, 48.0, 35.0, 27.0, 19.0, 12.0, 10.0, 12.0, 4.0, 7.0, 6.0, 5.0, 5.0, 2.0, 1.0, 1.0, 0.0, 2.0, 0.0, 0.0, 0.0, 0.0, 0.0, 0.0, 0.0, 0.0, 0.0, 0.0, 1.0], "bins": [-0.5222616791725159, -0.5028870701789856, -0.48351243138313293, -0.4641377925872803, -0.44476318359375, -0.42538854479789734, -0.40601393580436707, -0.3866392970085144, -0.36726468801498413, -0.34789004921913147, -0.3285154104232788, -0.30914080142974854, -0.2897661626338959, -0.2703915536403656, -0.25101691484451294, -0.23164229094982147, -0.21226766705513, -0.19289304316043854, -0.17351841926574707, -0.1541437953710556, -0.13476917147636414, -0.11539454013109207, -0.09601990878582001, -0.07664528489112854, -0.05727066099643707, -0.037896037101745605, -0.01852140948176384, 0.0008532162755727768, 0.020227842032909393, 0.03960246592760086, 0.058977093547582626, 0.07835172116756439, 0.09772634506225586, 0.11710096895694733, 0.1364755928516388, 0.15585021674633026, 0.17522484064102173, 0.1945994794368744, 0.21397410333156586, 0.23334872722625732, 0.2527233362197876, 0.27209797501564026, 0.2914726138114929, 0.3108472228050232, 0.33022186160087585, 0.34959647059440613, 0.3689711093902588, 0.38834571838378906, 0.4077203571796417, 0.4270949959754944, 0.44646960496902466, 0.4658442437648773, 0.4852188527584076, 0.5045934915542603, 0.5239681005477905, 0.5433427095413208, 0.5627173781394958, 0.5820919871330261, 0.6014665961265564, 0.6208412647247314, 0.6402158737182617, 0.659590482711792, 0.6789650917053223, 0.6983397603034973, 0.7177143692970276]}, "gradients/prompt_learner.global_ctx": {"_type": "histogram", "values": [1.0, 0.0, 0.0, 0.0, 3.0, 0.0, 3.0, 1.0, 8.0, 7.0, 7.0, 9.0, 17.0, 18.0, 22.0, 18.0, 36.0, 40.0, 73.0, 77.0, 124.0, 176.0, 292.0, 440.0, 698.0, 939.0, 1126.0, 1188.0, 905.0, 625.0, 455.0, 258.0, 173.0, 113.0, 84.0, 59.0, 48.0, 35.0, 27.0, 19.0, 12.0, 10.0, 12.0, 4.0, 7.0, 6.0, 5.0, 5.0, 2.0, 1.0, 1.0, 0.0, 2.0, 0.0, 0.0, 0.0, 0.0, 0.0, 0.0, 0.0, 0.0, 0.0, 0.0, 1.0], "bins": [-1.0445233583450317, -1.0057741403579712, -0.9670248627662659, -0.9282755851745605, -0.8895263671875, -0.8507770895957947, -0.8120278716087341, -0.7732785940170288, -0.7345293760299683, -0.6957800984382629, -0.6570308208465576, -0.6182816028594971, -0.5795323252677917, -0.5407831072807312, -0.5020338296890259, -0.46328458189964294, -0.42453533411026, -0.3857860863208771, -0.34703683853149414, -0.3082875907421112, -0.26953834295272827, -0.23078908026218414, -0.19203981757164001, -0.15329056978225708, -0.11454132199287415, -0.07579207420349121, -0.03704281896352768, 0.0017064325511455536, 0.04045568406581879, 0.07920493185520172, 0.11795418709516525, 0.15670344233512878, 0.19545269012451172, 0.23420193791389465, 0.2729511857032776, 0.3117004334926605, 0.35044968128204346, 0.3891989588737488, 0.4279482066631317, 0.46669745445251465, 0.5054466724395752, 0.5441959500312805, 0.5829452276229858, 0.6216944456100464, 0.6604437232017517, 0.6991929411888123, 0.7379422187805176, 0.7766914367675781, 0.8154407143592834, 0.8541899919509888, 0.8929392099380493, 0.9316884875297546, 0.9704377055168152, 1.0091869831085205, 1.047936201095581, 1.0866854190826416, 1.1254347562789917, 1.1641839742660522, 1.2029331922531128, 1.241682529449463, 1.2804317474365234, 1.319180965423584, 1.3579301834106445, 1.3966795206069946, 1.4354287385940552]}, "gradients/prompt_learner.local_u_ctx": {"_type": "histogram", "values": [1.0, 1.0, 0.0, 0.0, 0.0, 0.0, 0.0, 0.0, 0.0, 0.0, 0.0, 0.0, 0.0, 1.0, 1.0, 2.0, 0.0, 0.0, 0.0, 2.0, 0.0, 2.0, 1.0, 0.0, 2.0, 4.0, 3.0, 8.0, 3.0, 2.0, 3.0, 2.0, 5.0, 5.0, 4.0, 8.0, 4.0, 9.0, 7.0, 6.0, 1.0, 4.0, 4.0, 2.0, 5.0, 4.0, 3.0, 3.0, 2.0, 0.0, 2.0, 0.0, 1.0, 4.0, 1.0, 2.0, 0.0, 0.0, 1.0, 0.0, 0.0, 2.0, 0.0, 1.0], "bins": [-0.40939250588417053, -0.39743396639823914, -0.38547542691230774, -0.37351685762405396, -0.36155831813812256, -0.34959977865219116, -0.33764123916625977, -0.32568269968032837, -0.313724160194397, -0.3017655909061432, -0.2898070514202118, -0.2778485119342804, -0.265889972448349, -0.2539314329624176, -0.241972878575325, -0.23001432418823242, -0.21805578470230103, -0.20609724521636963, -0.19413869082927704, -0.18218015134334564, -0.17022159695625305, -0.15826305747032166, -0.14630451798439026, -0.13434596359729767, -0.12238742411136627, -0.11042887717485428, -0.09847033023834229, -0.08651179075241089, -0.0745532438158989, -0.0625946968793869, -0.05063615366816521, -0.03867761045694351, -0.026719093322753906, -0.014760548248887062, -0.002802003175020218, 0.009156541898846626, 0.02111508697271347, 0.033073633909225464, 0.04503217712044716, 0.056990720331668854, 0.06894926726818085, 0.08090781420469284, 0.09286636114120483, 0.10482490062713623, 0.11678344756364822, 0.12874199450016022, 0.1407005339860916, 0.1526590883731842, 0.1646176278591156, 0.176576167345047, 0.1885347217321396, 0.20049326121807098, 0.21245181560516357, 0.22441035509109497, 0.23636889457702637, 0.24832744896411896, 0.26028597354888916, 0.27224454283714294, 0.28420308232307434, 0.29616162180900574, 0.30812016129493713, 0.32007870078086853, 0.3320372700691223, 0.3439958095550537, 0.3559543490409851]}, "gradients/prompt_learner.local_v_ctx": {"_type": "histogram", "values": [1.0, 0.0, 1.0, 1.0, 2.0, 2.0, 3.0, 1.0, 4.0, 5.0, 11.0, 6.0, 15.0, 23.0, 21.0, 32.0, 46.0, 37.0, 62.0, 91.0, 104.0, 112.0, 136.0, 181.0, 205.0, 211.0, 222.0, 289.0, 233.0, 297.0, 209.0, 240.0, 238.0, 194.0, 178.0, 133.0, 110.0, 88.0, 76.0, 68.0, 47.0, 27.0, 44.0, 25.0, 20.0, 16.0, 6.0, 8.0, 4.0, 1.0, 3.0, 1.0, 1.0, 0.0, 1.0, 0.0, 0.0, 1.0, 1.0, 1.0, 0.0, 0.0, 0.0, 1.0], "bins": [-0.6955081224441528, -0.6714575886726379, -0.6474069952964783, -0.6233564615249634, -0.5993058681488037, -0.5752553343772888, -0.5512047410011292, -0.5271542072296143, -0.5031036138534546, -0.4790530800819397, -0.4550025165081024, -0.43095195293426514, -0.40690141916275024, -0.38285085558891296, -0.3588002920150757, -0.3347497284412384, -0.3106991648674011, -0.28664860129356384, -0.26259803771972656, -0.23854748904705048, -0.2144969254732132, -0.19044636189937592, -0.16639581322669983, -0.14234524965286255, -0.11829468607902527, -0.09424412250518799, -0.0701935663819313, -0.04614300653338432, -0.02209244668483734, 0.0019581131637096405, 0.026008673012256622, 0.050059232860803604, 0.07410973310470581, 0.09816029667854309, 0.12221085280179977, 0.14626140892505646, 0.17031197249889374, 0.19436253607273102, 0.2184130847454071, 0.24246364831924438, 0.26651421189308167, 0.29056477546691895, 0.3146153390407562, 0.3386659026145935, 0.3627164363861084, 0.3867669999599457, 0.41081756353378296, 0.43486812710762024, 0.4589186906814575, 0.4829692542552948, 0.5070198178291321, 0.531070351600647, 0.5551209449768066, 0.5791714787483215, 0.6032220721244812, 0.6272726058959961, 0.6513231992721558, 0.6753737330436707, 0.6994242668151855, 0.7234748601913452, 0.7475253939628601, 0.7715759873390198, 0.7956265211105347, 0.8196771144866943, 0.8437276482582092]}, "test/epoch": 30, "test/local_acc_avg": 78.55924099373858, "test/duration_sec": 322.8455708026886, "test/neighbor_acc_avg": 76.75868878045034, "summary/local_acc_max": 81.94104466467198, "summary/local_acc_mean": 79.78408398143317, "summary/neighbor_acc_max": 79.82183535233668, "summary/neighbor_acc_mean": 77.89342946880639, "_wandb": {"runtime": 1135}}