{"train/epoch": 30, "train/avg_acc": 72.36607142857143, "train/duration_sec": 18.228955507278442, "_timestamp": 1763663957.1446183, "_runtime": 965.2371141910553, "_step": 30, "gradients/prompt_learner.cluster_ctx": {"_type": "histogram", "values": [1.0, 0.0, 0.0, 0.0, 0.0, 0.0, 0.0, 0.0, 0.0, 0.0, 0.0, 0.0, 0.0, 0.0, 0.0, 0.0, 0.0, 0.0, 0.0, 0.0, 0.0, 0.0, 0.0, 0.0, 0.0, 0.0, 0.0, 0.0, 0.0, 0.0, 0.0, 0.0, 0.0, 0.0, 0.0, 0.0, 1.0, 3.0, 2.0, 2.0, 12.0, 16.0, 27.0, 49.0, 112.0, 950.0, 5834.0, 949.0, 123.0, 46.0, 15.0, 25.0, 12.0, 5.0, 5.0, 1.0, 1.0, 0.0, 0.0, 0.0, 0.0, 0.0, 0.0, 1.0], "bins": [-15.244731903076172, -14.916922569274902, -14.589113235473633, -14.26130485534668, -13.93349552154541, -13.60568618774414, -13.277876853942871, -12.950068473815918, -12.622259140014648, -12.294449806213379, -11.96664047241211, -11.63883113861084, -11.311022758483887, -10.983213424682617, -10.655404090881348, -10.327594757080078, -9.999786376953125, -9.671977043151855, -9.344167709350586, -9.016358375549316, -8.688549041748047, -8.360740661621094, -8.032931327819824, -7.705121994018555, -7.377312660217285, -7.049503803253174, -6.721694469451904, -6.393885612487793, -6.066076278686523, -5.738267421722412, -5.410458087921143, -5.082649230957031, -4.7548394203186035, -4.427030086517334, -4.099221229553223, -3.7714121341705322, -3.443603038787842, -3.1157937049865723, -2.787984609603882, -2.4601755142211914, -2.132366418838501, -1.8045573234558105, -1.4767482280731201, -1.1489390134811401, -0.8211299180984497, -0.4933207929134369, -0.16551166772842407, 0.16229745745658875, 0.49010658264160156, 0.817915678024292, 1.1457247734069824, 1.4735339879989624, 1.8013430833816528, 2.129152297973633, 2.4569613933563232, 2.7847704887390137, 3.112579584121704, 3.4403886795043945, 3.768197774887085, 4.096006870269775, 4.423816204071045, 4.751625061035156, 5.079434394836426, 5.407243251800537, 5.735052585601807]}, "gradients/prompt_learner.global_ctx": {"_type": "histogram", "values": [1.0, 0.0, 0.0, 0.0, 0.0, 0.0, 0.0, 0.0, 0.0, 0.0, 0.0, 0.0, 0.0, 0.0, 0.0, 0.0, 0.0, 0.0, 0.0, 0.0, 0.0, 0.0, 0.0, 0.0, 0.0, 0.0, 0.0, 0.0, 0.0, 0.0, 0.0, 0.0, 0.0, 0.0, 0.0, 0.0, 1.0, 3.0, 2.0, 2.0, 12.0, 16.0, 27.0, 49.0, 112.0, 950.0, 5834.0, 949.0, 123.0, 46.0, 15.0, 25.0, 12.0, 5.0, 5.0, 1.0, 1.0, 0.0, 0.0, 0.0, 0.0, 0.0, 0.0, 1.0], "bins": [-30.489463806152344, -29.833845138549805, -29.178226470947266, -28.52260971069336, -27.86699104309082, -27.21137237548828, -26.555753707885742, -25.900136947631836, -25.244518280029297, -24.588899612426758, -23.93328094482422, -23.27766227722168, -22.622045516967773, -21.966426849365234, -21.310808181762695, -20.655189514160156, -19.99957275390625, -19.34395408630371, -18.688335418701172, -18.032716751098633, -17.377098083496094, -16.721481323242188, -16.06586265563965, -15.41024398803711, -14.75462532043457, -14.099007606506348, -13.443388938903809, -12.787771224975586, -12.132152557373047, -11.476534843444824, -10.820916175842285, -10.165298461914062, -9.509678840637207, -8.854060173034668, -8.198442459106445, -7.5428242683410645, -6.887206077575684, -6.2315874099731445, -5.575969219207764, -4.920351028442383, -4.264732837677002, -3.609114646911621, -2.9534964561462402, -2.2978780269622803, -1.6422598361968994, -0.9866415858268738, -0.33102333545684814, 0.3245949149131775, 0.9802131652832031, 1.635831356048584, 2.291449546813965, 2.947067975997925, 3.6026861667633057, 4.258304595947266, 4.9139227867126465, 5.569540977478027, 6.225159168243408, 6.880777359008789, 7.53639554977417, 8.19201374053955, 8.84763240814209, 9.503250122070312, 10.158868789672852, 10.814486503601074, 11.470105171203613]}, "gradients/prompt_learner.local_u_ctx": {"_type": "histogram", "values": [2.0, 1.0, 0.0, 2.0, 2.0, 0.0, 0.0, 1.0, 1.0, 4.0, 2.0, 5.0, 4.0, 5.0, 7.0, 7.0, 3.0, 4.0, 5.0, 3.0, 1.0, 1.0, 0.0, 0.0, 0.0, 0.0, 0.0, 0.0, 1.0, 0.0, 0.0, 0.0, 0.0, 0.0, 1.0, 0.0, 0.0, 0.0, 0.0, 0.0, 0.0, 0.0, 0.0, 0.0, 0.0, 0.0, 0.0, 0.0, 0.0, 1.0, 0.0, 0.0, 0.0, 0.0, 0.0, 0.0, 0.0, 0.0, 0.0, 0.0, 0.0, 0.0, 0.0, 1.0], "bins": [-0.9558718800544739, -0.8885459899902344, -0.8212200999259949, -0.7538942098617554, -0.6865682601928711, -0.6192423701286316, -0.5519164800643921, -0.4845905900001526, -0.4172646999359131, -0.3499388098716736, -0.2826129198074341, -0.2152869999408722, -0.1479611098766327, -0.08063521236181259, -0.013309314846992493, 0.054016582667827606, 0.1213424801826477, 0.1886683702468872, 0.2559942603111267, 0.3233201801776886, 0.3906460702419281, 0.4579719603061676, 0.5252978801727295, 0.592623770236969, 0.6599496603012085, 0.727275550365448, 0.7946014404296875, 0.861927330493927, 0.9292532205581665, 0.9965791702270508, 1.0639050006866455, 1.1312309503555298, 1.198556661605835, 1.2658826112747192, 1.333208441734314, 1.4005343914031982, 1.467860221862793, 1.5351861715316772, 1.602512001991272, 1.6698379516601562, 1.737163782119751, 1.8044897317886353, 1.8718156814575195, 1.9391415119171143, 2.006467342376709, 2.073793411254883, 2.1411192417144775, 2.2084450721740723, 2.275771141052246, 2.343096971511841, 2.4104228019714355, 2.4777486324310303, 2.545074701309204, 2.612400531768799, 2.6797263622283936, 2.7470521926879883, 2.814378261566162, 2.881704092025757, 2.9490299224853516, 3.0163559913635254, 3.08368182182312, 3.151007652282715, 3.2183334827423096, 3.2856595516204834, 3.352985382080078]}, "gradients/prompt_learner.local_v_ctx": {"_type": "histogram", "values": [1.0, 0.0, 0.0, 0.0, 0.0, 0.0, 0.0, 0.0, 0.0, 0.0, 0.0, 0.0, 0.0, 1.0, 0.0, 0.0, 0.0, 0.0, 0.0, 0.0, 0.0, 0.0, 0.0, 0.0, 0.0, 1.0, 0.0, 4.0, 6.0, 11.0, 23.0, 45.0, 93.0, 200.0, 374.0, 430.0, 388.0, 258.0, 124.0, 44.0, 25.0, 11.0, 4.0, 3.0, 0.0, 0.0, 0.0, 1.0, 0.0, 0.0, 0.0, 0.0, 0.0, 0.0, 0.0, 0.0, 0.0, 0.0, 0.0, 0.0, 0.0, 0.0, 0.0, 1.0], "bins": [-11.261521339416504, -10.94510555267334, -10.62868881225586, -10.312273025512695, -9.995856285095215, -9.67944049835205, -9.36302375793457, -9.046607971191406, -8.730191230773926, -8.413775444030762, -8.097358703613281, -7.780942916870117, -7.464526653289795, -7.148110389709473, -6.83169412612915, -6.515277862548828, -6.198861598968506, -5.882445335388184, -5.566029071807861, -5.249612808227539, -4.933196544647217, -4.6167802810668945, -4.300364017486572, -3.983947992324829, -3.667531728744507, -3.3511154651641846, -3.0346992015838623, -2.71828293800354, -2.401866912841797, -2.0854506492614746, -1.7690343856811523, -1.45261812210083, -1.1362018585205078, -0.8197855949401855, -0.5033693909645081, -0.18695315718650818, 0.1294630765914917, 0.4458793103694916, 0.7622955441474915, 1.078711748123169, 1.3951280117034912, 1.7115442752838135, 2.0279605388641357, 2.344376802444458, 2.660792827606201, 2.9772090911865234, 3.2936253547668457, 3.610041618347168, 3.9264578819274902, 4.2428741455078125, 4.559290409088135, 4.875706672668457, 5.192122936248779, 5.508539199829102, 5.824955463409424, 6.141371726989746, 6.45778751373291, 6.774203777313232, 7.090620040893555, 7.407036304473877, 7.723452568054199, 8.03986930847168, 8.356285095214844, 8.672701835632324, 8.989117622375488]}, "test/epoch": 30, "test/local_acc_avg": 82.3835036566739, "test/duration_sec": 135.6944990158081, "test/neighbor_acc_avg": 81.0175977301603, "summary/local_acc_max": 82.3835036566739, "summary/local_acc_mean": 81.04883400104983, "summary/neighbor_acc_max": 81.0175977301603, "summary/neighbor_acc_mean": 80.13567519051637, "_wandb": {"runtime": 964}}