{"train/epoch": 30, "train/avg_acc": 74.375, "train/duration_sec": 5.2675817012786865, "_timestamp": 1763677013.3247886, "_runtime": 1139.7282965183258, "_step": 30, "gradients/prompt_learner.global_ctx": {"_type": "histogram", "values": [1.0, 0.0, 0.0, 1.0, 0.0, 0.0, 0.0, 0.0, 0.0, 1.0, 0.0, 0.0, 0.0, 1.0, 0.0, 3.0, 9.0, 9.0, 21.0, 36.0, 44.0, 64.0, 118.0, 139.0, 198.0, 290.0, 405.0, 546.0, 624.0, 746.0, 769.0, 754.0, 748.0, 640.0, 560.0, 400.0, 326.0, 226.0, 157.0, 143.0, 67.0, 59.0, 31.0, 19.0, 11.0, 7.0, 10.0, 4.0, 0.0, 1.0, 2.0, 0.0, 0.0, 0.0, 1.0, 0.0, 0.0, 0.0, 0.0, 0.0, 0.0, 0.0, 0.0, 1.0], "bins": [-0.4045525789260864, -0.39155736565589905, -0.3785621225833893, -0.3655669093132019, -0.35257166624069214, -0.33957645297050476, -0.326581209897995, -0.3135859966278076, -0.30059075355529785, -0.2875955402851105, -0.2746002972126007, -0.26160508394241333, -0.24860985577106476, -0.2356146275997162, -0.22261939942836761, -0.20962417125701904, -0.19662894308567047, -0.1836337149143219, -0.17063848674297333, -0.15764325857162476, -0.14464803040027618, -0.1316528022289276, -0.11865758150815964, -0.10566235333681107, -0.0926671251654625, -0.07967189699411392, -0.06667666882276535, -0.05368144437670708, -0.040686216205358505, -0.027690988034009933, -0.014695761725306511, -0.0017005344852805138, 0.011294692754745483, 0.024289920926094055, 0.03728514909744263, 0.0502803735435009, 0.06327560544013977, 0.07627082616090775, 0.08926605433225632, 0.10226128250360489, 0.11525651067495346, 0.12825173139572144, 0.14124695956707, 0.15424218773841858, 0.16723741590976715, 0.18023264408111572, 0.1932278722524643, 0.20622310042381287, 0.21921832859516144, 0.23221355676651, 0.24520878493785858, 0.25820401310920715, 0.27119922637939453, 0.2841944694519043, 0.2971896827220917, 0.31018492579460144, 0.3231801390647888, 0.3361753821372986, 0.34917059540748596, 0.3621658384799957, 0.3751610517501831, 0.38815629482269287, 0.40115150809288025, 0.41414675116539, 0.4271419644355774]}, "gradients/prompt_learner.local_u_ctx": {"_type": "histogram", "values": [2.0, 0.0, 0.0, 0.0, 0.0, 1.0, 0.0, 0.0, 0.0, 0.0, 0.0, 0.0, 0.0, 0.0, 1.0, 0.0, 1.0, 0.0, 1.0, 1.0, 0.0, 2.0, 1.0, 0.0, 3.0, 1.0, 0.0, 2.0, 2.0, 2.0, 0.0, 1.0, 0.0, 0.0, 1.0, 0.0, 1.0, 0.0, 1.0, 2.0, 0.0, 0.0, 0.0, 1.0, 0.0, 0.0, 0.0, 0.0, 1.0, 0.0, 0.0, 1.0, 1.0, 1.0, 0.0, 0.0, 0.0, 0.0, 0.0, 0.0, 0.0, 0.0, 0.0, 1.0], "bins": [-0.07565266638994217, -0.07254111021757126, -0.06942956149578094, -0.06631800532341003, -0.06320645660161972, -0.06009490042924881, -0.0569833479821682, -0.053871795535087585, -0.05076024308800697, -0.04764869064092636, -0.04453713819384575, -0.04142558574676514, -0.038314029574394226, -0.035202477127313614, -0.032090924680233, -0.02897937223315239, -0.025867819786071777, -0.022756267338991165, -0.019644714891910553, -0.01653316058218479, -0.01342160813510418, -0.010310055688023567, -0.00719850230962038, -0.004086949396878481, -0.0009753964841365814, 0.002136156428605318, 0.0052477093413472176, 0.008359262719750404, 0.011470815166831017, 0.014582367613911629, 0.01769392192363739, 0.020805474370718002, 0.023917019367218018, 0.02702857181429863, 0.030140124261379242, 0.033251676708459854, 0.036363229155540466, 0.03947478532791138, 0.04258633777499199, 0.0456978902220726, 0.048809442669153214, 0.051920995116233826, 0.05503254756331444, 0.05814410001039505, 0.06125565618276596, 0.06436720490455627, 0.06747876107692719, 0.0705903097987175, 0.07370186597108841, 0.07681342214345932, 0.07992497086524963, 0.08303652703762054, 0.08614807575941086, 0.08925963193178177, 0.09237118065357208, 0.095482736825943, 0.0985942929983139, 0.10170584172010422, 0.10481739789247513, 0.10792894661426544, 0.11104050278663635, 0.11415205150842667, 0.11726360768079758, 0.12037515640258789, 0.1234867125749588]}, "gradients/prompt_learner.local_v_ctx": {"_type": "histogram", "values": [1.0, 0.0, 0.0, 2.0, 0.0, 0.0, 0.0, 2.0, 2.0, 0.0, 1.0, 0.0, 3.0, 2.0, 3.0, 3.0, 3.0, 1.0, 8.0, 13.0, 14.0, 16.0, 17.0, 21.0, 24.0, 34.0, 23.0, 30.0, 29.0, 32.0, 36.0, 47.0, 46.0, 43.0, 43.0, 38.0, 38.0, 44.0, 30.0, 38.0, 48.0, 35.0, 32.0, 36.0, 24.0, 20.0, 21.0, 19.0, 21.0, 15.0, 13.0, 8.0, 12.0, 3.0, 7.0, 5.0, 6.0, 2.0, 3.0, 1.0, 0.0, 1.0, 3.0, 2.0], "bins": [-0.21272920072078705, -0.20674672722816467, -0.2007642686367035, -0.19478179514408112, -0.18879932165145874, -0.18281686305999756, -0.17683438956737518, -0.170851930975914, -0.16486945748329163, -0.15888698399066925, -0.15290452539920807, -0.1469220519065857, -0.1409395933151245, -0.13495711982250214, -0.12897464632987976, -0.12299218028783798, -0.1170097142457962, -0.11102724820375443, -0.10504478216171265, -0.09906230866909027, -0.09307984262704849, -0.08709737658500671, -0.08111490309238434, -0.07513243705034256, -0.06914997100830078, -0.063167504966259, -0.057185035198926926, -0.05120256543159485, -0.04522009938955307, -0.03923763334751129, -0.033255163580179214, -0.027272695675492287, -0.021290242671966553, -0.015307774767279625, -0.009325306862592697, -0.0033428389579057693, 0.0026396289467811584, 0.008622096851468086, 0.014604564756155014, 0.020587032660841942, 0.02656950056552887, 0.03255196660757065, 0.038534436374902725, 0.0445169061422348, 0.05049937218427658, 0.05648183822631836, 0.062464307993650436, 0.06844677776098251, 0.07442924380302429, 0.08041170984506607, 0.08639417588710785, 0.09237664937973022, 0.098359115421772, 0.10434158146381378, 0.11032405495643616, 0.11630652099847794, 0.12228898704051971, 0.1282714605331421, 0.13425391912460327, 0.14023639261722565, 0.14621886610984802, 0.1522013247013092, 0.15818379819393158, 0.16416625678539276, 0.17014873027801514]}, "test/epoch": 30, "test/local_acc_avg": 84.57780053505613, "test/duration_sec": 329.0987708568573, "test/neighbor_acc_avg": 82.96435115876255, "summary/local_acc_max": 84.57780053505613, "summary/local_acc_mean": 81.83335466016014, "summary/neighbor_acc_max": 82.96435115876255, "summary/neighbor_acc_mean": 80.33468294113759, "_wandb": {"runtime": 1138}}