{"train/epoch": 30, "train/avg_acc": 72.76785714285714, "train/duration_sec": 19.03464436531067, "_timestamp": 1763664859.6485026, "_runtime": 981.9115746021271, "_step": 30, "gradients/prompt_learner.cluster_ctx": {"_type": "histogram", "values": [1.0, 0.0, 0.0, 0.0, 0.0, 0.0, 0.0, 0.0, 0.0, 0.0, 0.0, 0.0, 1.0, 0.0, 0.0, 0.0, 0.0, 2.0, 8.0, 7.0, 11.0, 24.0, 33.0, 35.0, 63.0, 77.0, 119.0, 146.0, 233.0, 333.0, 455.0, 621.0, 759.0, 927.0, 916.0, 848.0, 655.0, 552.0, 400.0, 255.0, 215.0, 147.0, 92.0, 73.0, 56.0, 36.0, 33.0, 16.0, 14.0, 10.0, 6.0, 4.0, 4.0, 0.0, 1.0, 1.0, 0.0, 2.0, 0.0, 0.0, 0.0, 0.0, 0.0, 1.0], "bins": [-1.3797334432601929, -1.3395482301712036, -1.2993630170822144, -1.259177803993225, -1.2189925909042358, -1.1788073778152466, -1.1386221647262573, -1.098436951637268, -1.0582518577575684, -1.018066644668579, -0.9778813719749451, -0.9376961588859558, -0.8975110054016113, -0.8573257923126221, -0.8171405792236328, -0.7769553661346436, -0.7367701530456543, -0.696584939956665, -0.6563997268676758, -0.6162145137786865, -0.5760293006896973, -0.5358441472053528, -0.4956589341163635, -0.45547372102737427, -0.415288507938385, -0.37510329484939575, -0.3349180817604065, -0.2947328984737396, -0.25454768538475037, -0.2143624722957611, -0.17417727410793304, -0.13399207592010498, -0.09380674362182617, -0.05362153798341751, -0.01343633234500885, 0.02674887329339981, 0.06693407893180847, 0.10711928457021713, 0.1473044902086258, 0.18748968839645386, 0.22767490148544312, 0.2678601145744324, 0.30804532766342163, 0.3482305109500885, 0.38841572403907776, 0.428600937128067, 0.4687861204147339, 0.5089713335037231, 0.5491565465927124, 0.5893417596817017, 0.6295269727706909, 0.6697121858596802, 0.7098973989486694, 0.7500825524330139, 0.7902677655220032, 0.8304529786109924, 0.8706381916999817, 0.910823404788971, 0.9510086178779602, 0.9911938309669495, 1.031378984451294, 1.0715641975402832, 1.1117494106292725, 1.1519346237182617, 1.192119836807251]}, "gradients/prompt_learner.global_ctx": {"_type": "histogram", "values": [1.0, 0.0, 0.0, 0.0, 0.0, 0.0, 0.0, 0.0, 0.0, 0.0, 0.0, 0.0, 1.0, 0.0, 0.0, 0.0, 0.0, 2.0, 8.0, 7.0, 11.0, 24.0, 33.0, 35.0, 63.0, 77.0, 119.0, 146.0, 233.0, 333.0, 455.0, 621.0, 759.0, 927.0, 916.0, 848.0, 655.0, 552.0, 400.0, 255.0, 215.0, 147.0, 92.0, 73.0, 56.0, 36.0, 33.0, 16.0, 14.0, 10.0, 6.0, 4.0, 4.0, 0.0, 1.0, 1.0, 0.0, 2.0, 0.0, 0.0, 0.0, 0.0, 0.0, 1.0], "bins": [-2.7594668865203857, -2.6790964603424072, -2.5987260341644287, -2.51835560798645, -2.4379851818084717, -2.357614755630493, -2.2772443294525146, -2.196873903274536, -2.1165037155151367, -2.036133289337158, -1.9557627439498901, -1.8753923177719116, -1.7950220108032227, -1.7146515846252441, -1.6342811584472656, -1.553910732269287, -1.4735403060913086, -1.39316987991333, -1.3127994537353516, -1.232429027557373, -1.1520586013793945, -1.0716882944107056, -0.991317868232727, -0.9109474420547485, -0.83057701587677, -0.7502065896987915, -0.669836163520813, -0.5894657969474792, -0.5090953707695007, -0.4287249445915222, -0.3483545482158661, -0.26798415184020996, -0.18761348724365234, -0.10724307596683502, -0.0268726646900177, 0.05349774658679962, 0.13386815786361694, 0.21423856914043427, 0.2946089804172516, 0.3749793767929077, 0.45534980297088623, 0.5357202291488647, 0.6160906553268433, 0.696461021900177, 0.7768314480781555, 0.857201874256134, 0.9375722408294678, 1.0179426670074463, 1.0983130931854248, 1.1786835193634033, 1.2590539455413818, 1.3394243717193604, 1.4197947978973389, 1.5001651048660278, 1.5805355310440063, 1.6609059572219849, 1.7412763833999634, 1.821646809577942, 1.9020172357559204, 1.982387661933899, 2.062757968902588, 2.1431283950805664, 2.223498821258545, 2.3038692474365234, 2.384239673614502]}, "gradients/prompt_learner.local_u_ctx": {"_type": "histogram", "values": [1.0, 0.0, 0.0, 1.0, 0.0, 0.0, 0.0, 0.0, 0.0, 1.0, 1.0, 0.0, 1.0, 1.0, 3.0, 1.0, 2.0, 0.0, 2.0, 4.0, 1.0, 4.0, 3.0, 3.0, 4.0, 3.0, 4.0, 4.0, 3.0, 10.0, 5.0, 3.0, 2.0, 5.0, 5.0, 3.0, 4.0, 3.0, 4.0, 5.0, 5.0, 2.0, 1.0, 4.0, 1.0, 6.0, 2.0, 1.0, 1.0, 1.0, 0.0, 0.0, 1.0, 1.0, 1.0, 1.0, 1.0, 1.0, 0.0, 0.0, 1.0, 0.0, 0.0, 1.0], "bins": [-0.8254945278167725, -0.7999913692474365, -0.7744882702827454, -0.7489851117134094, -0.7234820127487183, -0.6979788541793823, -0.6724756956100464, -0.6469725966453552, -0.6214694380760193, -0.5959662795066833, -0.5704631805419922, -0.5449600219726562, -0.5194568634033203, -0.49395376443862915, -0.4684506058692932, -0.44294747710227966, -0.4174443483352661, -0.39194121956825256, -0.366438090801239, -0.3409349322319031, -0.3154318034648895, -0.289928674697876, -0.26442551612854004, -0.2389223873615265, -0.21341925859451294, -0.1879161298274994, -0.16241298615932465, -0.1369098424911499, -0.11140671372413635, -0.0859035775065422, -0.06040044128894806, -0.03489730507135391, -0.009394168853759766, 0.01610896736383438, 0.04161210358142853, 0.06711523979902267, 0.09261837601661682, 0.11812151223421097, 0.14362464845180511, 0.16912779211997986, 0.1946309208869934, 0.22013404965400696, 0.2456371933221817, 0.27114033699035645, 0.29664346575737, 0.32214659452438354, 0.3476497530937195, 0.37315288186073303, 0.3986560106277466, 0.42415913939476013, 0.4496622681617737, 0.4751654267311096, 0.5006685256958008, 0.5261716842651367, 0.5516748428344727, 0.5771779417991638, 0.6026811003684998, 0.6281842589378357, 0.6536873579025269, 0.6791905164718628, 0.7046936750411987, 0.7301967740058899, 0.7556999325752258, 0.781203031539917, 0.8067061901092529]}, "gradients/prompt_learner.local_v_ctx": {"_type": "histogram", "values": [1.0, 0.0, 0.0, 0.0, 0.0, 0.0, 0.0, 0.0, 0.0, 0.0, 0.0, 2.0, 0.0, 2.0, 1.0, 4.0, 1.0, 5.0, 6.0, 19.0, 16.0, 25.0, 30.0, 42.0, 59.0, 72.0, 96.0, 106.0, 143.0, 159.0, 166.0, 221.0, 237.0, 235.0, 271.0, 275.0, 251.0, 263.0, 252.0, 215.0, 194.0, 144.0, 150.0, 94.0, 78.0, 71.0, 46.0, 38.0, 33.0, 20.0, 18.0, 8.0, 13.0, 5.0, 4.0, 0.0, 1.0, 1.0, 1.0, 1.0, 0.0, 0.0, 0.0, 1.0], "bins": [-1.819880723953247, -1.7684706449508667, -1.7170606851577759, -1.6656506061553955, -1.6142405271530151, -1.5628305673599243, -1.511420488357544, -1.4600104093551636, -1.4086003303527832, -1.3571903705596924, -1.305780291557312, -1.2543702125549316, -1.2029602527618408, -1.1515501737594604, -1.10014009475708, -1.0487301349639893, -0.9973200559616089, -0.9459100365638733, -0.8944999575614929, -0.8430899381637573, -0.791679859161377, -0.7402698397636414, -0.6888598203659058, -0.6374497413635254, -0.5860397219657898, -0.5346297025680542, -0.48321962356567383, -0.43180960416793823, -0.38039955496788025, -0.32898950576782227, -0.27757948637008667, -0.2261694371700287, -0.17475926876068115, -0.12334922701120377, -0.07193918526172638, -0.020529143512248993, 0.030880898237228394, 0.08229093998670578, 0.13370098173618317, 0.18511101603507996, 0.23652106523513794, 0.2879311144351959, 0.3393411636352539, 0.3907511830329895, 0.4421612322330475, 0.49357128143310547, 0.5449813008308411, 0.5963913798332214, 0.647801399230957, 0.6992114186286926, 0.750621497631073, 0.8020315170288086, 0.853441596031189, 0.9048516154289246, 0.9562616348266602, 1.0076717138290405, 1.059081792831421, 1.1104917526245117, 1.161901831626892, 1.2133119106292725, 1.2647218704223633, 1.3161319494247437, 1.367542028427124, 1.4189519882202148, 1.4703620672225952]}, "test/epoch": 30, "test/local_acc_avg": 83.52533573368302, "test/duration_sec": 143.3993923664093, "test/neighbor_acc_avg": 82.02383993892101, "summary/local_acc_max": 83.52533573368302, "summary/local_acc_mean": 81.88036743088276, "summary/neighbor_acc_max": 82.02383993892101, "summary/neighbor_acc_mean": 80.84386747682387, "_wandb": {"runtime": 981}}