{"train/epoch": 30, "train/avg_acc": 72.03125, "train/duration_sec": 5.182131052017212, "_timestamp": 1763673549.0491061, "_runtime": 1118.8054540157318, "_step": 30, "gradients/prompt_learner.cluster_ctx": {"_type": "histogram", "values": [1.0, 0.0, 0.0, 0.0, 0.0, 0.0, 0.0, 0.0, 0.0, 0.0, 0.0, 0.0, 0.0, 0.0, 0.0, 0.0, 0.0, 0.0, 0.0, 0.0, 0.0, 0.0, 0.0, 0.0, 0.0, 0.0, 0.0, 0.0, 2.0, 3.0, 3.0, 2.0, 3.0, 5.0, 4.0, 9.0, 21.0, 38.0, 57.0, 82.0, 137.0, 252.0, 469.0, 722.0, 1053.0, 1288.0, 1284.0, 1079.0, 693.0, 364.0, 248.0, 141.0, 79.0, 61.0, 29.0, 19.0, 12.0, 10.0, 13.0, 2.0, 2.0, 1.0, 2.0, 2.0], "bins": [-1.4009287357330322, -1.3704406023025513, -1.3399523496627808, -1.3094642162322998, -1.2789759635925293, -1.2484878301620483, -1.2179996967315674, -1.1875114440917969, -1.157023310661316, -1.1265350580215454, -1.0960469245910645, -1.0655587911605835, -1.035070538520813, -1.004582405090332, -0.9740942120552063, -0.9436060190200806, -0.9131178855895996, -0.8826296925544739, -0.8521414995193481, -0.8216533064842224, -0.7911651134490967, -0.7606769800186157, -0.73018878698349, -0.6997005939483643, -0.6692124009132385, -0.6387242078781128, -0.6082360744476318, -0.5777478814125061, -0.5472596883773804, -0.5167714953422546, -0.4862833321094513, -0.45579516887664795, -0.4253069758415222, -0.3948187828063965, -0.36433061957359314, -0.3338424265384674, -0.30335426330566406, -0.27286607027053833, -0.2423778921365738, -0.21188971400260925, -0.18140153586864471, -0.15091335773468018, -0.12042517960071564, -0.0899369940161705, -0.05944881588220596, -0.028960635885596275, 0.0015275441110134125, 0.03201572597026825, 0.06250390410423279, 0.09299208223819733, 0.12348026037216187, 0.1539684385061264, 0.18445661664009094, 0.21494480967521667, 0.2454329878091812, 0.27592116594314575, 0.3064093589782715, 0.33689752221107483, 0.36738571524620056, 0.3978738784790039, 0.42836207151412964, 0.458850234746933, 0.4893384277820587, 0.5198265910148621, 0.5503147840499878]}, "gradients/prompt_learner.global_ctx": {"_type": "histogram", "values": [1.0, 0.0, 0.0, 0.0, 0.0, 0.0, 0.0, 0.0, 0.0, 0.0, 0.0, 0.0, 0.0, 0.0, 0.0, 0.0, 0.0, 0.0, 0.0, 0.0, 0.0, 0.0, 0.0, 0.0, 0.0, 0.0, 0.0, 0.0, 2.0, 3.0, 3.0, 2.0, 3.0, 5.0, 4.0, 9.0, 21.0, 38.0, 57.0, 82.0, 137.0, 252.0, 469.0, 722.0, 1053.0, 1288.0, 1284.0, 1079.0, 693.0, 364.0, 248.0, 141.0, 79.0, 61.0, 29.0, 19.0, 12.0, 10.0, 13.0, 2.0, 2.0, 1.0, 2.0, 2.0], "bins": [-2.8018574714660645, -2.7408812046051025, -2.6799046993255615, -2.6189284324645996, -2.5579519271850586, -2.4969756603240967, -2.4359993934631348, -2.3750228881835938, -2.314046621322632, -2.253070116043091, -2.192093849182129, -2.131117582321167, -2.070141077041626, -2.009164810180664, -1.9481884241104126, -1.8872120380401611, -1.8262357711791992, -1.7652593851089478, -1.7042829990386963, -1.6433066129684448, -1.5823302268981934, -1.5213539600372314, -1.46037757396698, -1.3994011878967285, -1.338424801826477, -1.2774484157562256, -1.2164721488952637, -1.1554957628250122, -1.0945193767547607, -1.0335429906845093, -0.9725666642189026, -0.9115903377532959, -0.8506139516830444, -0.789637565612793, -0.7286612391471863, -0.6676848530769348, -0.6067085266113281, -0.5457321405410767, -0.4847557842731476, -0.4237794280052185, -0.36280307173728943, -0.30182671546936035, -0.24085035920143127, -0.179873988032341, -0.11889763176441193, -0.05792127177119255, 0.003055088222026825, 0.0640314519405365, 0.12500780820846558, 0.18598416447639465, 0.24696052074432373, 0.3079368770122528, 0.3689132332801819, 0.42988961935043335, 0.4908659756183624, 0.5518423318862915, 0.612818717956543, 0.6737950444221497, 0.7347714304924011, 0.7957477569580078, 0.8567241430282593, 0.917700469493866, 0.9786768555641174, 1.0396531820297241, 1.1006295680999756]}, "gradients/prompt_learner.local_u_ctx": {"_type": "histogram", "values": [1.0, 0.0, 1.0, 0.0, 0.0, 0.0, 0.0, 1.0, 1.0, 0.0, 0.0, 0.0, 0.0, 0.0, 2.0, 0.0, 0.0, 1.0, 0.0, 0.0, 0.0, 0.0, 4.0, 0.0, 0.0, 2.0, 0.0, 0.0, 1.0, 0.0, 1.0, 0.0, 0.0, 0.0, 0.0, 0.0, 0.0, 0.0, 0.0, 0.0, 0.0, 0.0, 0.0, 0.0, 0.0, 0.0, 0.0, 0.0, 0.0, 0.0, 0.0, 0.0, 0.0, 0.0, 0.0, 0.0, 0.0, 0.0, 0.0, 0.0, 0.0, 0.0, 0.0, 1.0], "bins": [-0.262942910194397, -0.25286054611206055, -0.24277816712856293, -0.2326957881450653, -0.22261342406272888, -0.21253104507923126, -0.20244866609573364, -0.19236630201339722, -0.1822839230298996, -0.17220154404640198, -0.16211917996406555, -0.15203680098056793, -0.1419544219970703, -0.1318720579147339, -0.12178967893123627, -0.11170730739831924, -0.10162493586540222, -0.0915425643324852, -0.08146019279956818, -0.07137781381607056, -0.061295442283153534, -0.05121307075023651, -0.04113069549202919, -0.031048322096467018, -0.020965948700904846, -0.010883575305342674, -0.0008012019097805023, 0.00928117148578167, 0.01936354488134384, 0.029445918276906013, 0.039528291672468185, 0.04961066693067551, 0.05969303846359253, 0.06977540999650955, 0.07985778152942657, 0.0899401605129242, 0.10002253204584122, 0.11010490357875824, 0.12018728256225586, 0.13026964664459229, 0.1403520256280899, 0.15043440461158752, 0.16051676869392395, 0.17059914767742157, 0.1806815266609192, 0.19076389074325562, 0.20084626972675323, 0.21092863380908966, 0.22101101279258728, 0.2310933917760849, 0.24117575585842133, 0.25125813484191895, 0.26134049892425537, 0.2714228928089142, 0.2815052568912506, 0.29158762097358704, 0.30167001485824585, 0.3117523789405823, 0.3218347430229187, 0.3319171071052551, 0.34199950098991394, 0.35208186507225037, 0.3621642291545868, 0.3722466230392456, 0.38232898712158203]}, "gradients/prompt_learner.local_v_ctx": {"_type": "histogram", "values": [1.0, 0.0, 0.0, 0.0, 0.0, 0.0, 0.0, 0.0, 0.0, 0.0, 0.0, 0.0, 0.0, 0.0, 0.0, 0.0, 0.0, 0.0, 0.0, 0.0, 1.0, 0.0, 1.0, 2.0, 4.0, 2.0, 5.0, 5.0, 9.0, 7.0, 14.0, 9.0, 18.0, 28.0, 33.0, 30.0, 42.0, 44.0, 34.0, 42.0, 35.0, 28.0, 21.0, 23.0, 22.0, 14.0, 8.0, 10.0, 7.0, 4.0, 2.0, 3.0, 0.0, 1.0, 1.0, 1.0, 0.0, 0.0, 0.0, 0.0, 0.0, 0.0, 0.0, 1.0], "bins": [-1.0682590007781982, -1.0402358770370483, -1.012212872505188, -0.9841898083686829, -0.956166684627533, -0.9281436204910278, -0.9001205563545227, -0.8720974922180176, -0.8440744280815125, -0.8160513639450073, -0.7880282402038574, -0.7600051760673523, -0.7319821119308472, -0.703959047794342, -0.6759359836578369, -0.6479129195213318, -0.6198898553848267, -0.5918667316436768, -0.5638436675071716, -0.5358206033706665, -0.5077975392341614, -0.47977444529533386, -0.45175138115882874, -0.4237283170223236, -0.3957052230834961, -0.36768215894699097, -0.33965909481048584, -0.3116360306739807, -0.2836129367351532, -0.25558987259864807, -0.22756679356098175, -0.19954372942447662, -0.1715206503868103, -0.14349757134914398, -0.11547450721263885, -0.08745142817497253, -0.05942835658788681, -0.031405285000801086, -0.003382209688425064, 0.02464086376130581, 0.05266393721103668, 0.0806870087981224, 0.10871008038520813, 0.13673315942287445, 0.16475623846054077, 0.1927793025970459, 0.22080238163471222, 0.24882544577121735, 0.27684852480888367, 0.3048715889453888, 0.3328946828842163, 0.36091774702072144, 0.38894081115722656, 0.4169639050960541, 0.4449869692325592, 0.47301003336906433, 0.5010331273078918, 0.529056191444397, 0.5570792555809021, 0.5851023197174072, 0.6131253838539124, 0.6411485075950623, 0.6691715717315674, 0.6971946358680725, 0.7252177000045776]}, "test/epoch": 30, "test/local_acc_avg": 74.21638674243707, "test/duration_sec": 309.09911012649536, "test/neighbor_acc_avg": 72.65257422140135, "summary/local_acc_max": 84.51820590251386, "summary/local_acc_mean": 76.01601775245013, "summary/neighbor_acc_max": 82.6552094855273, "summary/neighbor_acc_mean": 75.86239417584694, "_wandb": {"runtime": 1117}}