{"train/epoch": 30, "train/avg_acc": 61.205357142857146, "train/duration_sec": 18.464032649993896, "_timestamp": 1763665847.1250703, "_runtime": 968.7227363586426, "_step": 30, "gradients/prompt_learner.global_ctx": {"_type": "histogram", "values": [1.0, 0.0, 0.0, 0.0, 0.0, 0.0, 1.0, 1.0, 1.0, 1.0, 2.0, 2.0, 4.0, 9.0, 2.0, 10.0, 16.0, 18.0, 18.0, 13.0, 23.0, 34.0, 48.0, 66.0, 84.0, 126.0, 174.0, 260.0, 399.0, 541.0, 739.0, 921.0, 967.0, 916.0, 800.0, 601.0, 450.0, 284.0, 203.0, 118.0, 91.0, 45.0, 48.0, 32.0, 30.0, 21.0, 15.0, 11.0, 15.0, 4.0, 9.0, 2.0, 4.0, 4.0, 0.0, 3.0, 2.0, 1.0, 0.0, 0.0, 1.0, 0.0, 0.0, 1.0], "bins": [-3.775634288787842, -3.6597182750701904, -3.543802261352539, -3.4278862476348877, -3.3119702339172363, -3.196054220199585, -3.0801382064819336, -2.9642221927642822, -2.848306179046631, -2.7323904037475586, -2.6164743900299072, -2.500558376312256, -2.3846423625946045, -2.268726348876953, -2.1528103351593018, -2.0368943214416504, -1.920978307723999, -1.8050622940063477, -1.6891462802886963, -1.573230266571045, -1.4573142528533936, -1.3413983583450317, -1.2254823446273804, -1.109566330909729, -0.9936503171920776, -0.8777343034744263, -0.7618182897567749, -0.6459023356437683, -0.5299863219261169, -0.4140703082084656, -0.2981543242931366, -0.18223832547664642, -0.06632208824157715, 0.049593910574913025, 0.1655099093914032, 0.2814258933067322, 0.39734190702438354, 0.5132579207420349, 0.6291738748550415, 0.7450898885726929, 0.8610059022903442, 0.9769219160079956, 1.092837929725647, 1.2087539434432983, 1.3246698379516602, 1.4405858516693115, 1.556501865386963, 1.6724178791046143, 1.7883338928222656, 1.904249906539917, 2.0201659202575684, 2.1360819339752197, 2.251997947692871, 2.3679139614105225, 2.483829975128174, 2.599745988845825, 2.7156620025634766, 2.831577777862549, 2.9474937915802, 3.0634098052978516, 3.179325819015503, 3.2952418327331543, 3.4111578464508057, 3.527073860168457, 3.6429898738861084]}, "gradients/prompt_learner.local_u_ctx": {"_type": "histogram", "values": [1.0, 0.0, 0.0, 0.0, 0.0, 0.0, 0.0, 0.0, 0.0, 0.0, 0.0, 0.0, 0.0, 0.0, 0.0, 0.0, 0.0, 0.0, 0.0, 1.0, 0.0, 0.0, 0.0, 1.0, 1.0, 0.0, 0.0, 1.0, 0.0, 0.0, 0.0, 0.0, 0.0, 0.0, 0.0, 0.0, 1.0, 0.0, 1.0, 0.0, 0.0, 1.0, 0.0, 2.0, 0.0, 1.0, 0.0, 0.0, 1.0, 0.0, 0.0, 1.0, 0.0, 0.0, 0.0, 0.0, 1.0, 0.0, 0.0, 0.0, 0.0, 1.0, 0.0, 1.0], "bins": [-1.3330061435699463, -1.3062084913253784, -1.2794108390808105, -1.2526130676269531, -1.2258154153823853, -1.1990177631378174, -1.17221999168396, -1.145422339439392, -1.1186246871948242, -1.0918270349502563, -1.0650293827056885, -1.038231611251831, -1.0114339590072632, -0.9846363067626953, -0.9578385949134827, -0.93104088306427, -0.9042432308197021, -0.8774455785751343, -0.8506478667259216, -0.823850154876709, -0.7970525026321411, -0.7702548503875732, -0.7434571385383606, -0.716659426689148, -0.6898617744445801, -0.6630641222000122, -0.6362664103507996, -0.6094686985015869, -0.582671046257019, -0.5558733940124512, -0.5290756821632385, -0.5022779703140259, -0.47548025846481323, -0.448682576417923, -0.4218848943710327, -0.39508721232414246, -0.3682895302772522, -0.34149184823036194, -0.3146941661834717, -0.2878964841365814, -0.26109880208969116, -0.2343011200428009, -0.20750343799591064, -0.18070575594902039, -0.15390807390213013, -0.12711039185523987, -0.10031270980834961, -0.07351502776145935, -0.04671734571456909, -0.019919663667678833, 0.006878018379211426, 0.033675700426101685, 0.06047338247299194, 0.0872710645198822, 0.11406874656677246, 0.14086642861366272, 0.16766411066055298, 0.19446179270744324, 0.2212594747543335, 0.24805715680122375, 0.274854838848114, 0.3016525208950043, 0.32845020294189453, 0.3552478849887848, 0.38204556703567505]}, "gradients/prompt_learner.local_v_ctx": {"_type": "histogram", "values": [4.0, 1.0, 2.0, 1.0, 5.0, 1.0, 5.0, 6.0, 4.0, 1.0, 9.0, 5.0, 6.0, 5.0, 9.0, 4.0, 5.0, 5.0, 14.0, 11.0, 16.0, 17.0, 17.0, 15.0, 15.0, 21.0, 14.0, 21.0, 18.0, 18.0, 12.0, 18.0, 17.0, 15.0, 14.0, 18.0, 15.0, 17.0, 18.0, 11.0, 10.0, 7.0, 10.0, 11.0, 5.0, 5.0, 5.0, 1.0, 3.0, 6.0, 2.0, 1.0, 3.0, 2.0, 1.0, 1.0, 2.0, 0.0, 5.0, 0.0, 1.0, 0.0, 0.0, 1.0], "bins": [-1.3833822011947632, -1.335771083831787, -1.288159966468811, -1.2405487298965454, -1.1929376125335693, -1.1453264951705933, -1.0977153778076172, -1.0501042604446411, -1.002493143081665, -0.9548819661140442, -0.9072707891464233, -0.8596596717834473, -0.8120485544204712, -0.7644373774528503, -0.7168262600898743, -0.6692150831222534, -0.6216039657592773, -0.5739928483963013, -0.5263816714286804, -0.47877055406570435, -0.4311594069004059, -0.3835482597351074, -0.33593714237213135, -0.2883259952068329, -0.24071484804153442, -0.19310370087623596, -0.1454925686120987, -0.09788142889738083, -0.050270289182662964, -0.002659149467945099, 0.044951990246772766, 0.09256312996149063, 0.14017415046691895, 0.1877852976322174, 0.23539642989635468, 0.28300756216049194, 0.3306187093257904, 0.37822985649108887, 0.42584097385406494, 0.4734521210193634, 0.5210632681846619, 0.5686743855476379, 0.6162855625152588, 0.6638966798782349, 0.7115077972412109, 0.7591189742088318, 0.8067300915718079, 0.8543412685394287, 0.9019523859024048, 0.9495635032653809, 0.9971746802330017, 1.0447858572006226, 1.0923969745635986, 1.1400080919265747, 1.1876192092895508, 1.2352303266525269, 1.282841444015503, 1.3304526805877686, 1.3780637979507446, 1.4256749153137207, 1.4732860326766968, 1.5208971500396729, 1.5685083866119385, 1.6161195039749146, 1.6637306213378906]}, "test/epoch": 30, "test/local_acc_avg": 80.2191329126436, "test/duration_sec": 139.87739825248718, "test/neighbor_acc_avg": 80.27139686488735, "summary/local_acc_max": 80.2191329126436, "summary/local_acc_mean": 73.31660062978943, "summary/neighbor_acc_max": 80.27139686488735, "summary/neighbor_acc_mean": 72.12089453766963, "_wandb": {"runtime": 967}}