{"train/epoch": 30, "train/avg_acc": 74.6875, "train/duration_sec": 17.982837915420532, "_timestamp": 1763658773.0393965, "_runtime": 972.2975285053253, "_step": 30, "gradients/prompt_learner.cluster_ctx": {"_type": "histogram", "values": [1.0, 0.0, 0.0, 0.0, 0.0, 0.0, 0.0, 0.0, 0.0, 0.0, 1.0, 0.0, 0.0, 0.0, 0.0, 0.0, 1.0, 0.0, 0.0, 2.0, 0.0, 3.0, 3.0, 2.0, 13.0, 10.0, 11.0, 29.0, 36.0, 68.0, 85.0, 115.0, 161.0, 201.0, 291.0, 314.0, 391.0, 519.0, 625.0, 823.0, 858.0, 800.0, 644.0, 498.0, 399.0, 316.0, 236.0, 204.0, 151.0, 111.0, 74.0, 60.0, 39.0, 36.0, 18.0, 14.0, 7.0, 6.0, 7.0, 3.0, 3.0, 1.0, 0.0, 2.0], "bins": [-0.7709716558456421, -0.751917839050293, -0.7328640222549438, -0.7138102650642395, -0.6947564482688904, -0.6757026314735413, -0.6566488146781921, -0.6375950574874878, -0.6185412406921387, -0.5994874238967896, -0.5804336071014404, -0.5613797903060913, -0.542326033115387, -0.5232722163200378, -0.5042183995246887, -0.485164612531662, -0.46611079573631287, -0.44705697894096375, -0.428003191947937, -0.4089493751525879, -0.38989558815956116, -0.37084177136421204, -0.3517879843711853, -0.3327341675758362, -0.31368035078048706, -0.2946265637874603, -0.2755727469921112, -0.2565189599990845, -0.23746514320373535, -0.21841134130954742, -0.1993575394153595, -0.18030373752117157, -0.16124996542930603, -0.1421961635351181, -0.12314236164093018, -0.10408855229616165, -0.08503475040197372, -0.0659809485077858, -0.04692714288830757, -0.027873339131474495, -0.008819535374641418, 0.010234268382191658, 0.029288072139024734, 0.04834187775850296, 0.06739567965269089, 0.08644948154687881, 0.10550329089164734, 0.12455709278583527, 0.1436108946800232, 0.16266469657421112, 0.18171849846839905, 0.20077230036258698, 0.2198261022567749, 0.23887991905212402, 0.25793370604515076, 0.2769875228404999, 0.2960413098335266, 0.31509512662887573, 0.33414894342422485, 0.3532027304172516, 0.3722565472126007, 0.39131033420562744, 0.41036415100097656, 0.4294179379940033, 0.4484717547893524]}, "gradients/prompt_learner.global_ctx": {"_type": "histogram", "values": [1.0, 0.0, 0.0, 0.0, 0.0, 0.0, 0.0, 0.0, 0.0, 0.0, 1.0, 0.0, 0.0, 0.0, 0.0, 0.0, 1.0, 0.0, 0.0, 2.0, 0.0, 3.0, 3.0, 2.0, 13.0, 10.0, 11.0, 29.0, 36.0, 68.0, 85.0, 115.0, 161.0, 201.0, 291.0, 314.0, 391.0, 519.0, 625.0, 823.0, 858.0, 800.0, 644.0, 498.0, 399.0, 316.0, 236.0, 204.0, 151.0, 111.0, 74.0, 60.0, 39.0, 36.0, 18.0, 14.0, 7.0, 6.0, 7.0, 3.0, 3.0, 1.0, 0.0, 2.0], "bins": [-1.5419433116912842, -1.503835678100586, -1.4657280445098877, -1.427620530128479, -1.3895128965377808, -1.3514052629470825, -1.3132976293563843, -1.2751901149749756, -1.2370824813842773, -1.198974847793579, -1.1608672142028809, -1.1227595806121826, -1.084652066230774, -1.0465444326400757, -1.0084367990493774, -0.970329225063324, -0.9322215914726257, -0.8941139578819275, -0.856006383895874, -0.8178987503051758, -0.7797911763191223, -0.7416835427284241, -0.7035759687423706, -0.6654683351516724, -0.6273607015609741, -0.5892531275749207, -0.5511454939842224, -0.513037919998169, -0.4749302864074707, -0.43682268261909485, -0.398715078830719, -0.36060747504234314, -0.32249993085861206, -0.2843923270702362, -0.24628472328186035, -0.2081771045923233, -0.17006950080394745, -0.1319618970155716, -0.09385428577661514, -0.05574667826294899, -0.017639070749282837, 0.020468536764383316, 0.05857614427804947, 0.09668375551700592, 0.13479135930538177, 0.17289896309375763, 0.21100658178329468, 0.24911418557167053, 0.2872217893600464, 0.32532939314842224, 0.3634369969367981, 0.40154460072517395, 0.4396522045135498, 0.47775983810424805, 0.5158674120903015, 0.5539750456809998, 0.5920826196670532, 0.6301902532577515, 0.6682978868484497, 0.7064054608345032, 0.7445130944252014, 0.7826206684112549, 0.8207283020019531, 0.8588358759880066, 0.8969435095787048]}, "gradients/prompt_learner.local_u_ctx": {"_type": "histogram", "values": [1.0, 0.0, 0.0, 1.0, 1.0, 0.0, 0.0, 2.0, 0.0, 0.0, 1.0, 0.0, 1.0, 0.0, 2.0, 0.0, 0.0, 1.0, 0.0, 1.0, 3.0, 3.0, 1.0, 3.0, 2.0, 1.0, 1.0, 2.0, 2.0, 1.0, 2.0, 2.0, 4.0, 2.0, 3.0, 2.0, 3.0, 2.0, 0.0, 1.0, 0.0, 1.0, 0.0, 0.0, 0.0, 3.0, 0.0, 3.0, 0.0, 1.0, 0.0, 0.0, 0.0, 1.0, 1.0, 0.0, 1.0, 1.0, 0.0, 0.0, 0.0, 0.0, 0.0, 1.0], "bins": [-0.30784183740615845, -0.29629215598106384, -0.2847425043582916, -0.273192822933197, -0.2616431713104248, -0.2500934898853302, -0.2385438233613968, -0.22699415683746338, -0.21544447541236877, -0.20389480888843536, -0.19234514236450195, -0.18079547584056854, -0.16924580931663513, -0.15769614279270172, -0.14614646136760712, -0.1345967948436737, -0.1230471283197403, -0.11149746179580688, -0.09994778782129288, -0.08839812129735947, -0.07684844732284546, -0.06529878079891205, -0.05374911427497864, -0.04219944402575493, -0.03064977377653122, -0.01910010352730751, -0.0075504351407289505, 0.003999234177172184, 0.015548903495073318, 0.027098573744297028, 0.03864824026823044, 0.05019791051745415, 0.061747580766677856, 0.07329724729061127, 0.08484692126512527, 0.09639658778905869, 0.10794626176357269, 0.1194959282875061, 0.13104559481143951, 0.14259526133537292, 0.15414494276046753, 0.16569460928440094, 0.17724427580833435, 0.18879394233226776, 0.20034360885620117, 0.21189327538013458, 0.2234429568052292, 0.2349926233291626, 0.246542289853096, 0.2580919563770294, 0.269641637802124, 0.28119128942489624, 0.29274097084999084, 0.30429062247276306, 0.31584030389785767, 0.32738998532295227, 0.3389396369457245, 0.3504893183708191, 0.3620389699935913, 0.3735886514186859, 0.3851383328437805, 0.39668798446655273, 0.40823766589164734, 0.41978731751441956, 0.43133699893951416]}, "gradients/prompt_learner.local_v_ctx": {"_type": "histogram", "values": [1.0, 1.0, 0.0, 1.0, 1.0, 2.0, 1.0, 0.0, 2.0, 4.0, 0.0, 4.0, 7.0, 8.0, 9.0, 14.0, 20.0, 19.0, 26.0, 28.0, 39.0, 52.0, 46.0, 60.0, 57.0, 76.0, 82.0, 80.0, 99.0, 91.0, 81.0, 76.0, 96.0, 91.0, 75.0, 106.0, 86.0, 109.0, 64.0, 63.0, 62.0, 44.0, 52.0, 32.0, 31.0, 35.0, 17.0, 22.0, 21.0, 12.0, 10.0, 9.0, 6.0, 5.0, 4.0, 2.0, 4.0, 0.0, 0.0, 1.0, 0.0, 1.0, 0.0, 1.0], "bins": [-0.727741539478302, -0.7052075862884521, -0.6826736330986023, -0.6601396799087524, -0.6376057863235474, -0.6150718331336975, -0.5925378799438477, -0.5700039267539978, -0.547469973564148, -0.5249360203742981, -0.5024020671844482, -0.4798681437969208, -0.4573341906070709, -0.43480023741722107, -0.4122663140296936, -0.38973236083984375, -0.3671984076499939, -0.34466445446014404, -0.3221305012702942, -0.2995965778827667, -0.27706262469291687, -0.254528671503067, -0.23199473321437836, -0.2094607949256897, -0.18692684173583984, -0.16439288854599, -0.14185895025730133, -0.11932500451803207, -0.09679105877876282, -0.07425711303949356, -0.051723167300224304, -0.029189221560955048, -0.006655275821685791, 0.015878669917583466, 0.03841261565685272, 0.06094656139612198, 0.08348050713539124, 0.10601445287466049, 0.12854839861392975, 0.1510823369026184, 0.17361629009246826, 0.19615024328231812, 0.21868418157100677, 0.24121811985969543, 0.2637520730495453, 0.28628602623939514, 0.3088199496269226, 0.33135390281677246, 0.3538878560066223, 0.37642180919647217, 0.398955762386322, 0.4214896857738495, 0.44402363896369934, 0.4665575921535492, 0.48909151554107666, 0.5116254687309265, 0.5341594219207764, 0.5566933751106262, 0.5792273283004761, 0.6017612814903259, 0.6242952346801758, 0.6468291282653809, 0.6693630814552307, 0.6918970346450806, 0.7144309878349304]}, "test/epoch": 30, "test/local_acc_avg": 86.20787736682296, "test/duration_sec": 140.00904035568237, "test/neighbor_acc_avg": 85.51990420886109, "summary/local_acc_max": 86.20787736682296, "summary/local_acc_mean": 84.3738829271539, "summary/neighbor_acc_max": 85.51990420886109, "summary/neighbor_acc_mean": 83.93215672567761, "_wandb": {"runtime": 969}}