{"train/epoch": 30, "train/avg_acc": 72.1875, "train/duration_sec": 5.319118022918701, "_timestamp": 1763681887.5831842, "_runtime": 1143.5884783267975, "_step": 30, "gradients/prompt_learner.cluster_ctx": {"_type": "histogram", "values": [1.0, 0.0, 0.0, 0.0, 0.0, 1.0, 0.0, 0.0, 0.0, 0.0, 0.0, 0.0, 1.0, 0.0, 0.0, 0.0, 0.0, 1.0, 1.0, 1.0, 0.0, 1.0, 3.0, 6.0, 13.0, 26.0, 26.0, 50.0, 71.0, 124.0, 190.0, 299.0, 440.0, 703.0, 837.0, 1002.0, 1062.0, 955.0, 782.0, 522.0, 381.0, 245.0, 164.0, 121.0, 75.0, 37.0, 14.0, 12.0, 8.0, 10.0, 3.0, 2.0, 1.0, 0.0, 0.0, 0.0, 0.0, 0.0, 0.0, 0.0, 0.0, 0.0, 0.0, 1.0], "bins": [-1.0438873767852783, -1.0151100158691406, -0.9863325357437134, -0.9575551748275757, -0.9287777543067932, -0.9000003337860107, -0.871222972869873, -0.8424455523490906, -0.8136681318283081, -0.7848907113075256, -0.7561132907867432, -0.7273359298706055, -0.698558509349823, -0.6697810888290405, -0.6410037279129028, -0.6122263073921204, -0.5834488868713379, -0.5546714663505554, -0.525894045829773, -0.49711668491363525, -0.4683392643928528, -0.4395618438720703, -0.41078445315361023, -0.38200706243515015, -0.3532296419143677, -0.3244522213935852, -0.2956748306751251, -0.26689743995666504, -0.23812001943588257, -0.2093426138162613, -0.18056520819664001, -0.15178780257701874, -0.12301039695739746, -0.09423299133777618, -0.06545558571815491, -0.03667818009853363, -0.007900774478912354, 0.020876631140708923, 0.0496540367603302, 0.07843144237995148, 0.10720884799957275, 0.13598625361919403, 0.1647636592388153, 0.19354106485843658, 0.22231847047805786, 0.25109589099884033, 0.2798732817173004, 0.3086506724357605, 0.33742809295654297, 0.36620551347732544, 0.3949829041957855, 0.4237602949142456, 0.4525377154350281, 0.48131513595581055, 0.5100924968719482, 0.5388699173927307, 0.5676473379135132, 0.5964247584342957, 0.6252021789550781, 0.6539795398712158, 0.6827569603919983, 0.7115343809127808, 0.7403117418289185, 0.7690891623497009, 0.7978665828704834]}, "gradients/prompt_learner.global_ctx": {"_type": "histogram", "values": [1.0, 0.0, 0.0, 0.0, 0.0, 1.0, 0.0, 0.0, 0.0, 0.0, 0.0, 0.0, 1.0, 0.0, 0.0, 0.0, 0.0, 1.0, 1.0, 1.0, 0.0, 1.0, 3.0, 6.0, 13.0, 26.0, 26.0, 50.0, 71.0, 124.0, 190.0, 299.0, 440.0, 703.0, 837.0, 1002.0, 1062.0, 955.0, 782.0, 522.0, 381.0, 245.0, 164.0, 121.0, 75.0, 37.0, 14.0, 12.0, 8.0, 10.0, 3.0, 2.0, 1.0, 0.0, 0.0, 0.0, 0.0, 0.0, 0.0, 0.0, 0.0, 0.0, 0.0, 1.0], "bins": [-2.0877747535705566, -2.0302200317382812, -1.9726650714874268, -1.9151103496551514, -1.8575555086135864, -1.8000006675720215, -1.742445945739746, -1.6848911046981812, -1.6273362636566162, -1.5697814226150513, -1.5122265815734863, -1.454671859741211, -1.397117018699646, -1.339562177658081, -1.2820074558258057, -1.2244526147842407, -1.1668977737426758, -1.1093429327011108, -1.051788091659546, -0.9942333698272705, -0.9366785287857056, -0.8791236877441406, -0.8215689063072205, -0.7640141248703003, -0.7064592838287354, -0.6489044427871704, -0.5913496613502502, -0.5337948799133301, -0.47624003887176514, -0.4186852276325226, -0.36113041639328003, -0.3035756051540375, -0.24602079391479492, -0.18846598267555237, -0.13091117143630981, -0.07335636019706726, -0.015801548957824707, 0.04175326228141785, 0.0993080735206604, 0.15686288475990295, 0.2144176959991455, 0.27197250723838806, 0.3295273184776306, 0.38708212971687317, 0.4446369409561157, 0.5021917819976807, 0.5597465634346008, 0.617301344871521, 0.6748561859130859, 0.7324110269546509, 0.789965808391571, 0.8475205898284912, 0.9050754308700562, 0.9626302719116211, 1.0201849937438965, 1.0777398347854614, 1.1352946758270264, 1.1928495168685913, 1.2504043579101562, 1.3079590797424316, 1.3655139207839966, 1.4230687618255615, 1.480623483657837, 1.5381783246994019, 1.5957331657409668]}, "gradients/prompt_learner.local_u_ctx": {"_type": "histogram", "values": [1.0, 0.0, 0.0, 0.0, 0.0, 1.0, 1.0, 0.0, 1.0, 4.0, 1.0, 1.0, 1.0, 0.0, 0.0, 0.0, 4.0, 4.0, 4.0, 4.0, 3.0, 4.0, 2.0, 5.0, 5.0, 6.0, 4.0, 6.0, 6.0, 2.0, 1.0, 2.0, 3.0, 5.0, 2.0, 5.0, 2.0, 7.0, 3.0, 1.0, 3.0, 4.0, 1.0, 2.0, 0.0, 3.0, 0.0, 2.0, 1.0, 2.0, 0.0, 2.0, 1.0, 0.0, 2.0, 1.0, 1.0, 0.0, 0.0, 1.0, 0.0, 0.0, 0.0, 1.0], "bins": [-0.38336750864982605, -0.3718464970588684, -0.36032548546791077, -0.3488044738769531, -0.3372834324836731, -0.32576242089271545, -0.3142414093017578, -0.30272039771080017, -0.29119938611984253, -0.2796783745288849, -0.26815733313560486, -0.2566363215446472, -0.24511530995368958, -0.23359429836273193, -0.2220732867717743, -0.21055226027965546, -0.19903124868869781, -0.18751023709774017, -0.17598921060562134, -0.1644681990146637, -0.15294718742370605, -0.14142616093158722, -0.12990514934062958, -0.11838413774967194, -0.1068631187081337, -0.09534209966659546, -0.08382108807563782, -0.07230006903409958, -0.06077905371785164, -0.0492580384016037, -0.03773701936006546, -0.02621600404381752, -0.01469498872756958, -0.0031739724799990654, 0.00834704376757145, 0.01986806094646454, 0.03138907626271248, 0.04291009157896042, 0.05443111062049866, 0.0659521222114563, 0.07747314125299454, 0.08899416029453278, 0.10051517188549042, 0.11203619092702866, 0.1235572099685669, 0.13507822155952454, 0.14659923315048218, 0.158120259642601, 0.16964127123355865, 0.1811622828245163, 0.19268330931663513, 0.20420432090759277, 0.21572533249855042, 0.22724635899066925, 0.2387673705816269, 0.2502883970737457, 0.26180940866470337, 0.273330420255661, 0.28485143184661865, 0.2963724434375763, 0.30789345502853394, 0.31941449642181396, 0.3309355080127716, 0.34245651960372925, 0.3539775311946869]}, "gradients/prompt_learner.local_v_ctx": {"_type": "histogram", "values": [1.0, 0.0, 0.0, 1.0, 1.0, 0.0, 0.0, 4.0, 1.0, 9.0, 9.0, 9.0, 12.0, 25.0, 22.0, 44.0, 65.0, 85.0, 139.0, 144.0, 186.0, 240.0, 238.0, 273.0, 324.0, 306.0, 321.0, 277.0, 262.0, 216.0, 196.0, 168.0, 134.0, 90.0, 91.0, 57.0, 46.0, 33.0, 23.0, 12.0, 10.0, 6.0, 1.0, 3.0, 3.0, 1.0, 3.0, 1.0, 1.0, 1.0, 0.0, 0.0, 0.0, 0.0, 0.0, 0.0, 0.0, 0.0, 0.0, 0.0, 0.0, 0.0, 0.0, 2.0], "bins": [-0.9962462782859802, -0.9576440453529358, -0.9190418720245361, -0.8804396390914917, -0.841837465763092, -0.8032352328300476, -0.764633059501648, -0.7260308265686035, -0.6874285936355591, -0.6488264203071594, -0.610224187374115, -0.5716220140457153, -0.5330197811126709, -0.49441757798194885, -0.4558153748512268, -0.41721317172050476, -0.3786109685897827, -0.34000876545906067, -0.3014065623283386, -0.2628043591976166, -0.22420214116573334, -0.1855999380350113, -0.14699772000312805, -0.108395516872406, -0.06979331374168396, -0.031191106885671616, 0.007411099970340729, 0.04601330682635307, 0.08461551368236542, 0.12321771681308746, 0.1618199348449707, 0.20042213797569275, 0.23902440071105957, 0.2776266038417816, 0.31622880697250366, 0.3548310101032257, 0.39343321323394775, 0.4320354461669922, 0.47063764929771423, 0.5092398524284363, 0.5478420257568359, 0.5864442586898804, 0.6250464916229248, 0.6636486649513245, 0.7022508978843689, 0.7408530712127686, 0.779455304145813, 0.8180574774742126, 0.8566597104072571, 0.8952619433403015, 0.9338641166687012, 0.9724663496017456, 1.01106858253479, 1.049670696258545, 1.0882729291915894, 1.1268751621246338, 1.1654773950576782, 1.2040796279907227, 1.2426817417144775, 1.281283974647522, 1.3198862075805664, 1.3584884405136108, 1.3970905542373657, 1.4356927871704102, 1.4742950201034546]}, "test/epoch": 30, "test/local_acc_avg": 85.49714939265218, "test/duration_sec": 324.0427837371826, "test/neighbor_acc_avg": 85.35670652592918, "summary/local_acc_max": 85.49714939265218, "summary/local_acc_mean": 81.6556905469521, "summary/neighbor_acc_max": 85.35670652592918, "summary/neighbor_acc_mean": 80.89200085082284, "_wandb": {"runtime": 1142}}