{"train/epoch": 30, "train/avg_acc": 53.4375, "train/duration_sec": 5.257405996322632, "_timestamp": 1763684197.1493237, "_runtime": 1125.316767692566, "_step": 30, "gradients/prompt_learner.global_ctx": {"_type": "histogram", "values": [1.0, 0.0, 0.0, 0.0, 0.0, 0.0, 0.0, 0.0, 0.0, 0.0, 0.0, 0.0, 0.0, 0.0, 2.0, 0.0, 3.0, 1.0, 4.0, 5.0, 9.0, 11.0, 18.0, 24.0, 28.0, 46.0, 64.0, 89.0, 113.0, 204.0, 296.0, 411.0, 594.0, 773.0, 948.0, 1013.0, 945.0, 744.0, 545.0, 409.0, 296.0, 209.0, 110.0, 78.0, 67.0, 40.0, 22.0, 25.0, 14.0, 8.0, 6.0, 4.0, 3.0, 3.0, 1.0, 1.0, 3.0, 0.0, 1.0, 0.0, 0.0, 0.0, 0.0, 1.0], "bins": [-3.823709726333618, -3.7158122062683105, -3.607914924621582, -3.5000176429748535, -3.392120122909546, -3.2842226028442383, -3.1763253211975098, -3.0684280395507812, -2.9605305194854736, -2.852632999420166, -2.7447357177734375, -2.636838436126709, -2.5289409160614014, -2.4210433959960938, -2.3131461143493652, -2.2052488327026367, -2.097351312637329, -1.989453911781311, -1.881556510925293, -1.773659110069275, -1.6657617092132568, -1.5578643083572388, -1.4499669075012207, -1.3420695066452026, -1.2341721057891846, -1.1262747049331665, -1.0183773040771484, -0.9104799032211304, -0.8025825023651123, -0.6946851015090942, -0.5867877006530762, -0.4788902997970581, -0.37099289894104004, -0.263095498085022, -0.1551980972290039, -0.04730069637298584, 0.06059670448303223, 0.1684941053390503, 0.27639150619506836, 0.3842889070510864, 0.4921863079071045, 0.6000837087631226, 0.7079811096191406, 0.8158785104751587, 0.9237759113311768, 1.0316733121871948, 1.139570713043213, 1.247468113899231, 1.355365514755249, 1.463262915611267, 1.5711603164672852, 1.6790577173233032, 1.7869551181793213, 1.8948525190353394, 2.0027499198913574, 2.110647201538086, 2.2185447216033936, 2.326442241668701, 2.4343395233154297, 2.542236804962158, 2.650134325027466, 2.7580318450927734, 2.865929126739502, 2.9738264083862305, 3.081723928451538]}, "gradients/prompt_learner.local_u_ctx": {"_type": "histogram", "values": [1.0, 0.0, 0.0, 0.0, 0.0, 0.0, 0.0, 0.0, 0.0, 0.0, 0.0, 0.0, 0.0, 0.0, 0.0, 1.0, 1.0, 0.0, 0.0, 0.0, 2.0, 0.0, 2.0, 0.0, 0.0, 0.0, 0.0, 1.0, 3.0, 1.0, 2.0, 2.0, 4.0, 3.0, 0.0, 0.0, 4.0, 4.0, 4.0, 1.0, 4.0, 3.0, 3.0, 2.0, 2.0, 2.0, 0.0, 1.0, 0.0, 2.0, 1.0, 2.0, 2.0, 1.0, 0.0, 1.0, 0.0, 0.0, 1.0, 0.0, 0.0, 0.0, 0.0, 1.0], "bins": [-1.291778802871704, -1.2553750276565552, -1.2189712524414062, -1.1825673580169678, -1.1461635828018188, -1.10975980758667, -1.0733559131622314, -1.0369521379470825, -1.0005483627319336, -0.9641445875167847, -0.927740752696991, -0.8913369178771973, -0.8549331426620483, -0.8185293674468994, -0.7821255326271057, -0.745721697807312, -0.7093179225921631, -0.6729141473770142, -0.6365103125572205, -0.6001064777374268, -0.5637027025222778, -0.5272989273071289, -0.4908950924873352, -0.4544912874698639, -0.4180874824523926, -0.38168367743492126, -0.34527987241744995, -0.30887606739997864, -0.2724722623825073, -0.236068457365036, -0.1996646523475647, -0.16326084733009338, -0.12685692310333252, -0.0904531180858612, -0.05404931306838989, -0.01764550805091858, 0.018758296966552734, 0.05516210198402405, 0.09156590700149536, 0.12796971201896667, 0.164373517036438, 0.2007773220539093, 0.23718112707138062, 0.27358493208885193, 0.30998873710632324, 0.34639254212379456, 0.38279634714126587, 0.4192001521587372, 0.4556039571762085, 0.4920077621936798, 0.5284115672111511, 0.5648154020309448, 0.6012191772460938, 0.6376229524612427, 0.6740267872810364, 0.7104306221008301, 0.746834397315979, 0.7832381725311279, 0.8196420073509216, 0.8560458421707153, 0.8924496173858643, 0.9288533926010132, 0.9652572274208069, 1.0016610622406006, 1.0380648374557495]}, "gradients/prompt_learner.local_v_ctx": {"_type": "histogram", "values": [1.0, 0.0, 0.0, 0.0, 0.0, 1.0, 4.0, 2.0, 7.0, 2.0, 3.0, 5.0, 20.0, 18.0, 21.0, 31.0, 37.0, 51.0, 84.0, 86.0, 100.0, 106.0, 131.0, 117.0, 144.0, 138.0, 147.0, 118.0, 107.0, 112.0, 100.0, 75.0, 72.0, 50.0, 44.0, 30.0, 16.0, 25.0, 11.0, 16.0, 6.0, 3.0, 2.0, 1.0, 0.0, 2.0, 0.0, 0.0, 0.0, 1.0, 0.0, 0.0, 0.0, 0.0, 0.0, 0.0, 0.0, 0.0, 0.0, 0.0, 0.0, 0.0, 0.0, 1.0], "bins": [-1.8081542253494263, -1.7370450496673584, -1.6659358739852905, -1.5948266983032227, -1.5237174034118652, -1.4526082277297974, -1.3814990520477295, -1.3103898763656616, -1.2392807006835938, -1.1681715250015259, -1.097062349319458, -1.0259531736373901, -0.9548439383506775, -0.8837347626686096, -0.812625527381897, -0.7415163516998291, -0.6704071760177612, -0.5992980003356934, -0.5281888246536255, -0.45707958936691284, -0.38597041368484497, -0.3148612380027771, -0.24375203251838684, -0.17264284193515778, -0.10153365135192871, -0.030424460768699646, 0.04068472981452942, 0.11179392039775848, 0.18290311098098755, 0.2540122866630554, 0.3251214921474457, 0.39623069763183594, 0.46733975410461426, 0.5384489297866821, 0.60955810546875, 0.6806673407554626, 0.7517765164375305, 0.8228856921195984, 0.893994927406311, 0.9651041030883789, 1.0362132787704468, 1.1073224544525146, 1.1784316301345825, 1.2495408058166504, 1.3206501007080078, 1.3917592763900757, 1.4628684520721436, 1.5339776277542114, 1.6050868034362793, 1.6761959791183472, 1.747305154800415, 1.818414330482483, 1.8895235061645508, 1.9606328010559082, 2.0317418575286865, 2.102851152420044, 2.1739602088928223, 2.2450695037841797, 2.316178798675537, 2.3872878551483154, 2.458397150039673, 2.529506206512451, 2.6006155014038086, 2.671724557876587, 2.7428338527679443]}, "test/epoch": 30, "test/local_acc_avg": 78.8960853560777, "test/duration_sec": 307.8894968032837, "test/neighbor_acc_avg": 76.87825315713583, "summary/local_acc_max": 78.8960853560777, "summary/local_acc_mean": 74.37459332555535, "summary/neighbor_acc_max": 76.87825315713583, "summary/neighbor_acc_mean": 72.77271216254583, "_wandb": {"runtime": 1124}}