{"train/epoch": 30, "train/avg_acc": 67.05357142857143, "train/duration_sec": 18.117436170578003, "_timestamp": 1763660764.1526802, "_runtime": 972.6122860908508, "_step": 30, "gradients/prompt_learner.global_ctx": {"_type": "histogram", "values": [1.0, 1.0, 0.0, 1.0, 2.0, 1.0, 0.0, 2.0, 2.0, 4.0, 6.0, 3.0, 7.0, 8.0, 11.0, 25.0, 30.0, 39.0, 52.0, 73.0, 95.0, 162.0, 218.0, 276.0, 354.0, 406.0, 500.0, 542.0, 629.0, 669.0, 631.0, 610.0, 579.0, 507.0, 423.0, 345.0, 237.0, 201.0, 163.0, 106.0, 75.0, 63.0, 36.0, 35.0, 22.0, 12.0, 9.0, 2.0, 5.0, 5.0, 1.0, 1.0, 0.0, 2.0, 0.0, 0.0, 1.0, 0.0, 0.0, 1.0, 0.0, 0.0, 0.0, 1.0], "bins": [-1.920776605606079, -1.8566864728927612, -1.7925963401794434, -1.7285062074661255, -1.6644160747528076, -1.6003258228302002, -1.5362356901168823, -1.4721455574035645, -1.4080554246902466, -1.3439652919769287, -1.2798751592636108, -1.215785026550293, -1.1516947746276855, -1.0876046419143677, -1.0235145092010498, -0.9594243764877319, -0.8953342437744141, -0.8312441110610962, -0.7671539783477783, -0.7030637860298157, -0.6389736533164978, -0.5748835206031799, -0.5107933282852173, -0.4467031955718994, -0.38261306285858154, -0.31852293014526367, -0.2544327676296234, -0.19034262001514435, -0.12625247240066528, -0.06216232478618622, 0.0019278228282928467, 0.06601797044277191, 0.13010811805725098, 0.19419826567173004, 0.2582884132862091, 0.32237857580184937, 0.38646870851516724, 0.4505588412284851, 0.5146490335464478, 0.5787391662597656, 0.6428292989730835, 0.7069194316864014, 0.7710095643997192, 0.8350997567176819, 0.8991898894309998, 0.9632800221443176, 1.0273702144622803, 1.0914603471755981, 1.155550479888916, 1.2196406126022339, 1.2837307453155518, 1.3478208780288696, 1.4119110107421875, 1.476001262664795, 1.5400913953781128, 1.6041815280914307, 1.6682716608047485, 1.7323617935180664, 1.7964519262313843, 1.8605420589447021, 1.9246323108673096, 1.9887224435806274, 2.0528125762939453, 2.1169025897979736, 2.180992841720581]}, "gradients/prompt_learner.local_u_ctx": {"_type": "histogram", "values": [1.0, 0.0, 0.0, 0.0, 0.0, 0.0, 0.0, 0.0, 0.0, 0.0, 0.0, 0.0, 0.0, 0.0, 1.0, 0.0, 0.0, 0.0, 1.0, 0.0, 0.0, 1.0, 0.0, 0.0, 0.0, 1.0, 2.0, 0.0, 0.0, 0.0, 2.0, 1.0, 1.0, 2.0, 2.0, 0.0, 3.0, 0.0, 1.0, 1.0, 1.0, 1.0, 1.0, 0.0, 1.0, 1.0, 1.0, 0.0, 0.0, 1.0, 0.0, 1.0, 0.0, 0.0, 2.0, 0.0, 0.0, 1.0, 0.0, 0.0, 0.0, 0.0, 0.0, 1.0], "bins": [-0.6805087924003601, -0.6603643298149109, -0.6402199268341064, -0.6200754642486572, -0.599931001663208, -0.5797865390777588, -0.5596421360969543, -0.5394976735115051, -0.5193532109260559, -0.4992087781429291, -0.47906434535980225, -0.458919882774353, -0.4387754499912262, -0.418630987405777, -0.39848655462265015, -0.3783420920372009, -0.3581976592540741, -0.33805322647094727, -0.31790876388549805, -0.2977643311023712, -0.277619868516922, -0.25747543573379517, -0.23733098804950714, -0.21718654036521912, -0.1970420926809311, -0.17689764499664307, -0.15675319731235504, -0.13660874962806702, -0.11646430939435959, -0.09631986171007156, -0.07617542147636414, -0.05603097379207611, -0.035886526107788086, -0.01574208028614521, 0.004402365535497665, 0.02454681135714054, 0.04469125717878342, 0.06483570486307144, 0.08498014509677887, 0.1051245927810669, 0.12526904046535492, 0.14541348814964294, 0.16555793583393097, 0.185702383518219, 0.20584681630134583, 0.22599126398563385, 0.24613571166992188, 0.2662801742553711, 0.2864246070384979, 0.30656903982162476, 0.326713502407074, 0.3468579351902008, 0.36700239777565, 0.38714683055877686, 0.4072912931442261, 0.4274357259273529, 0.44758015871047974, 0.46772462129592896, 0.4878690540790558, 0.5080134868621826, 0.5281579494476318, 0.548302412033081, 0.5684468746185303, 0.5885912775993347, 0.6087357401847839]}, "gradients/prompt_learner.local_v_ctx": {"_type": "histogram", "values": [4.0, 1.0, 4.0, 2.0, 5.0, 6.0, 4.0, 11.0, 17.0, 3.0, 15.0, 26.0, 22.0, 28.0, 25.0, 31.0, 42.0, 33.0, 39.0, 40.0, 56.0, 39.0, 48.0, 50.0, 55.0, 57.0, 38.0, 49.0, 33.0, 28.0, 28.0, 28.0, 31.0, 19.0, 14.0, 18.0, 20.0, 11.0, 10.0, 11.0, 4.0, 4.0, 2.0, 2.0, 1.0, 1.0, 2.0, 1.0, 1.0, 2.0, 0.0, 1.0, 0.0, 0.0, 0.0, 1.0, 0.0, 0.0, 0.0, 0.0, 0.0, 0.0, 0.0, 1.0], "bins": [-0.8095598816871643, -0.7746513485908508, -0.7397428750991821, -0.7048343420028687, -0.6699258685112, -0.6350173354148865, -0.6001088619232178, -0.5652003288269043, -0.5302917957305908, -0.4953833222389221, -0.46047481894493103, -0.42556631565093994, -0.39065778255462646, -0.3557492792606354, -0.3208407759666443, -0.2859322726726532, -0.2510237693786621, -0.21611526608467102, -0.18120676279067993, -0.14629824459552765, -0.11138974130153656, -0.07648123800754547, -0.041572727262973785, -0.006664220243692398, 0.02824428677558899, 0.06315279006958008, 0.09806130081415176, 0.13296981155872345, 0.16787831485271454, 0.20278681814670563, 0.2376953363418579, 0.272603839635849, 0.3075122833251953, 0.3424207866191864, 0.3773292899131775, 0.4122377932071686, 0.44714629650115967, 0.48205482959747314, 0.5169633030891418, 0.5518718361854553, 0.586780309677124, 0.6216888427734375, 0.656597375869751, 0.6915058493614197, 0.7264143824577332, 0.7613228559494019, 0.7962313890457153, 0.831139862537384, 0.8660483956336975, 0.900956928730011, 0.9358654022216797, 0.9707739353179932, 1.0056824684143066, 1.0405908823013306, 1.075499415397644, 1.1104079484939575, 1.145316481590271, 1.1802250146865845, 1.2151334285736084, 1.2500419616699219, 1.2849504947662354, 1.3198590278625488, 1.3547674417495728, 1.3896759748458862, 1.4245845079421997]}, "test/epoch": 30, "test/local_acc_avg": 81.22354659797408, "test/duration_sec": 140.6692419052124, "test/neighbor_acc_avg": 79.72430807285642, "summary/local_acc_max": 81.22354659797408, "summary/local_acc_mean": 74.77502608611178, "summary/neighbor_acc_max": 79.72430807285642, "summary/neighbor_acc_mean": 74.09476995388127, "_wandb": {"runtime": 967}}