{"train/epoch": 30, "train/avg_acc": 75.78125, "train/duration_sec": 5.238943099975586, "_timestamp": 1763672309.2799742, "_runtime": 1139.2120733261108, "_step": 30, "gradients/prompt_learner.global_ctx": {"_type": "histogram", "values": [1.0, 1.0, 0.0, 0.0, 0.0, 0.0, 0.0, 0.0, 2.0, 0.0, 1.0, 1.0, 0.0, 0.0, 1.0, 0.0, 1.0, 8.0, 6.0, 11.0, 14.0, 21.0, 18.0, 26.0, 38.0, 40.0, 70.0, 94.0, 108.0, 178.0, 217.0, 287.0, 383.0, 406.0, 520.0, 681.0, 672.0, 713.0, 715.0, 610.0, 475.0, 432.0, 358.0, 286.0, 218.0, 155.0, 133.0, 84.0, 53.0, 49.0, 27.0, 25.0, 19.0, 12.0, 8.0, 7.0, 4.0, 1.0, 0.0, 0.0, 0.0, 0.0, 1.0, 1.0], "bins": [-0.5609568357467651, -0.5459389090538025, -0.5309209823608398, -0.5159030556678772, -0.5008851289749146, -0.4858672022819519, -0.47084927558898926, -0.4558313488960266, -0.44081342220306396, -0.4257954955101013, -0.41077756881713867, -0.395759642124176, -0.3807417154312134, -0.36572378873825073, -0.3507058620452881, -0.33568793535232544, -0.3206700086593628, -0.30565208196640015, -0.2906341552734375, -0.27561622858047485, -0.2605983018875122, -0.24558037519454956, -0.23056244850158691, -0.21554452180862427, -0.20052659511566162, -0.18550866842269897, -0.17049074172973633, -0.15547281503677368, -0.14045488834381104, -0.1254369616508484, -0.11041903495788574, -0.0954011082649231, -0.08038318157196045, -0.0653652548789978, -0.050347328186035156, -0.03532940149307251, -0.020311474800109863, -0.005293548107147217, 0.00972437858581543, 0.024742305278778076, 0.03976023197174072, 0.05477815866470337, 0.06979608535766602, 0.08481401205062866, 0.09983193874359131, 0.11484986543655396, 0.1298677921295166, 0.14488571882247925, 0.1599036455154419, 0.17492157220840454, 0.1899394989013672, 0.20495742559432983, 0.21997535228729248, 0.23499327898025513, 0.2500112056732178, 0.2650291323661804, 0.28004705905914307, 0.2950649857521057, 0.31008291244506836, 0.325100839138031, 0.34011876583099365, 0.3551366925239563, 0.37015461921691895, 0.3851725459098816, 0.40019047260284424]}, "gradients/prompt_learner.local_u_ctx": {"_type": "histogram", "values": [1.0, 1.0, 0.0, 0.0, 0.0, 0.0, 0.0, 0.0, 1.0, 0.0, 0.0, 2.0, 1.0, 0.0, 0.0, 1.0, 0.0, 5.0, 3.0, 3.0, 1.0, 6.0, 2.0, 4.0, 4.0, 3.0, 3.0, 5.0, 4.0, 6.0, 4.0, 6.0, 6.0, 6.0, 6.0, 8.0, 3.0, 2.0, 4.0, 4.0, 3.0, 1.0, 2.0, 3.0, 2.0, 0.0, 3.0, 3.0, 1.0, 2.0, 0.0, 0.0, 0.0, 0.0, 1.0, 0.0, 1.0, 0.0, 0.0, 0.0, 0.0, 0.0, 0.0, 1.0], "bins": [-0.19730393588542938, -0.19042202830314636, -0.18354012072086334, -0.17665821313858032, -0.1697763055562973, -0.16289439797401428, -0.15601249039173126, -0.14913058280944824, -0.14224869012832642, -0.1353667825460434, -0.12848487496376038, -0.12160295993089676, -0.11472105979919434, -0.10783915221691132, -0.1009572446346283, -0.09407533705234528, -0.08719342947006226, -0.08031152188777924, -0.07342961430549622, -0.0665477067232132, -0.059665802866220474, -0.052783895283937454, -0.04590199142694473, -0.03902008384466171, -0.03213817626237869, -0.025256268680095673, -0.018374362960457802, -0.011492456309497356, -0.004610549658536911, 0.0022713569924235344, 0.00915326364338398, 0.01603516936302185, 0.022917062044143677, 0.029798969626426697, 0.03668087720870972, 0.04356278106570244, 0.05044468864798546, 0.05732659623026848, 0.0642085000872612, 0.07109040766954422, 0.07797231525182724, 0.08485422283411026, 0.09173613041639328, 0.0986180379986763, 0.10549993813037872, 0.11238184571266174, 0.11926375329494476, 0.12614566087722778, 0.1330275684595108, 0.13990947604179382, 0.14679138362407684, 0.15367329120635986, 0.16055519878864288, 0.1674371063709259, 0.17431901395320892, 0.18120092153549194, 0.18808281421661377, 0.1949647217988968, 0.2018466293811798, 0.20872853696346283, 0.21561044454574585, 0.22249235212802887, 0.2293742597103119, 0.2362561672925949, 0.24313807487487793]}, "gradients/prompt_learner.local_v_ctx": {"_type": "histogram", "values": [1.0, 0.0, 1.0, 0.0, 1.0, 1.0, 0.0, 2.0, 1.0, 0.0, 1.0, 2.0, 3.0, 7.0, 7.0, 16.0, 12.0, 28.0, 39.0, 47.0, 56.0, 53.0, 83.0, 86.0, 105.0, 154.0, 169.0, 209.0, 182.0, 221.0, 235.0, 232.0, 232.0, 254.0, 246.0, 235.0, 179.0, 182.0, 163.0, 128.0, 110.0, 101.0, 68.0, 58.0, 56.0, 30.0, 31.0, 18.0, 13.0, 11.0, 9.0, 4.0, 2.0, 1.0, 4.0, 2.0, 0.0, 1.0, 1.0, 1.0, 0.0, 1.0, 0.0, 1.0], "bins": [-0.3678935766220093, -0.3565067648887634, -0.34511998295783997, -0.3337331712245941, -0.32234635949134827, -0.3109595477581024, -0.29957276582717896, -0.2881859540939331, -0.27679914236068726, -0.2654123604297638, -0.25402554869651794, -0.2426387369632721, -0.23125194013118744, -0.2198651283979416, -0.20847833156585693, -0.19709151983261108, -0.18570472300052643, -0.17431792616844177, -0.16293111443519592, -0.15154431760311127, -0.14015750586986542, -0.12877070903778076, -0.11738390475511551, -0.10599710047245026, -0.094610296189785, -0.08322349190711975, -0.0718366876244545, -0.060449887067079544, -0.04906308278441429, -0.03767627850174904, -0.026289476081728935, -0.014902672730386257, -0.003515869379043579, 0.007870933972299099, 0.019257737323641777, 0.03064453974366188, 0.04203134402632713, 0.053418148308992386, 0.06480494886636734, 0.07619175314903259, 0.08757855743169785, 0.0989653617143631, 0.11035216599702835, 0.1217389702796936, 0.13312576711177826, 0.1445125788450241, 0.15589937567710876, 0.16728618741035461, 0.17867298424243927, 0.19005978107452393, 0.20144659280776978, 0.21283338963985443, 0.22422020137310028, 0.23560699820518494, 0.2469938099384308, 0.25838062167167664, 0.2697674036026001, 0.28115421533584595, 0.2925410270690918, 0.30392780900001526, 0.3153146207332611, 0.32670143246650696, 0.3380882441997528, 0.34947502613067627, 0.3608618378639221]}, "test/epoch": 30, "test/local_acc_avg": 83.45657730975206, "test/duration_sec": 326.36123728752136, "test/neighbor_acc_avg": 81.53065129955174, "summary/local_acc_max": 83.45657730975206, "summary/local_acc_mean": 80.84259731175906, "summary/neighbor_acc_max": 81.53065129955174, "summary/neighbor_acc_mean": 79.16262266842409, "_wandb": {"runtime": 1138}}