{"train/epoch": 30, "train/avg_acc": 68.97321428571429, "train/duration_sec": 17.951005458831787, "_timestamp": 1763656600.5634222, "_runtime": 980.0948812961578, "_step": 30, "gradients/prompt_learner.global_ctx": {"_type": "histogram", "values": [1.0, 0.0, 1.0, 1.0, 0.0, 0.0, 2.0, 0.0, 4.0, 6.0, 6.0, 8.0, 14.0, 14.0, 22.0, 24.0, 61.0, 73.0, 88.0, 117.0, 178.0, 216.0, 295.0, 369.0, 449.0, 528.0, 568.0, 651.0, 652.0, 634.0, 624.0, 579.0, 451.0, 360.0, 272.0, 256.0, 177.0, 145.0, 108.0, 64.0, 63.0, 33.0, 25.0, 15.0, 9.0, 14.0, 6.0, 3.0, 1.0, 3.0, 1.0, 0.0, 0.0, 0.0, 0.0, 0.0, 0.0, 0.0, 0.0, 0.0, 0.0, 0.0, 0.0, 1.0], "bins": [-1.7248635292053223, -1.6645454168319702, -1.6042273044586182, -1.5439093112945557, -1.4835911989212036, -1.4232730865478516, -1.3629549741744995, -1.3026368618011475, -1.242318868637085, -1.182000756263733, -1.1216826438903809, -1.0613645315170288, -1.0010464191436768, -0.9407283663749695, -0.8804102540016174, -0.8200922012329102, -0.7597740888595581, -0.699455976486206, -0.6391379237174988, -0.5788198113441467, -0.5185017585754395, -0.4581836462020874, -0.39786553382873535, -0.3375474512577057, -0.277229368686676, -0.21691128611564636, -0.1565931886434555, -0.09627509862184525, -0.035957008600234985, 0.024361081421375275, 0.08467917144298553, 0.1449972689151764, 0.20531535148620605, 0.2656334340572357, 0.3259515166282654, 0.38626962900161743, 0.4465877115726471, 0.5069057941436768, 0.5672239065170288, 0.6275419592857361, 0.6878600716590881, 0.7481781840324402, 0.8084962368011475, 0.8688143491744995, 0.9291324615478516, 0.9894505143165588, 1.0497685670852661, 1.1100866794586182, 1.1704047918319702, 1.2307229042053223, 1.2910410165786743, 1.3513590097427368, 1.4116771221160889, 1.471995234489441, 1.532313346862793, 1.592631459236145, 1.652949571609497, 1.7132675647735596, 1.7735856771469116, 1.8339037895202637, 1.8942219018936157, 1.9545400142669678, 2.0148580074310303, 2.075176239013672, 2.1354942321777344]}, "gradients/prompt_learner.local_u_ctx": {"_type": "histogram", "values": [1.0, 0.0, 0.0, 0.0, 0.0, 0.0, 2.0, 2.0, 0.0, 0.0, 0.0, 1.0, 0.0, 0.0, 2.0, 0.0, 1.0, 1.0, 1.0, 1.0, 1.0, 4.0, 3.0, 2.0, 3.0, 1.0, 2.0, 3.0, 3.0, 2.0, 3.0, 3.0, 0.0, 4.0, 1.0, 2.0, 0.0, 1.0, 4.0, 0.0, 0.0, 1.0, 0.0, 0.0, 0.0, 0.0, 1.0, 2.0, 0.0, 0.0, 0.0, 1.0, 0.0, 1.0, 0.0, 0.0, 0.0, 0.0, 0.0, 0.0, 0.0, 1.0, 2.0, 1.0], "bins": [-0.7004777789115906, -0.6771510243415833, -0.6538242697715759, -0.6304975152015686, -0.6071707606315613, -0.583844006061554, -0.5605172514915466, -0.5371904969215393, -0.5138638019561768, -0.49053701758384705, -0.4672102630138397, -0.4438835084438324, -0.42055678367614746, -0.39723002910614014, -0.3739032745361328, -0.3505765199661255, -0.32724976539611816, -0.30392301082611084, -0.2805962562561035, -0.2572695016860962, -0.23394276201725006, -0.21061600744724274, -0.1872892677783966, -0.16396251320838928, -0.14063575863838196, -0.11730900406837463, -0.0939822569489479, -0.07065550982952118, -0.047328755259513855, -0.02400200441479683, -0.0006752535700798035, 0.022651497274637222, 0.04597818851470947, 0.0693049430847168, 0.09263169020414352, 0.11595843732357025, 0.13928519189357758, 0.1626119464635849, 0.18593868613243103, 0.20926544070243835, 0.23259219527244568, 0.255918949842453, 0.2792457044124603, 0.30257245898246765, 0.3258991837501526, 0.3492259383201599, 0.37255269289016724, 0.39587944746017456, 0.4192062020301819, 0.4425329566001892, 0.46585971117019653, 0.48918646574020386, 0.5125132203102112, 0.5358399748802185, 0.5591667294502258, 0.5824934840202332, 0.6058201789855957, 0.629146933555603, 0.6524736881256104, 0.6758004426956177, 0.699127197265625, 0.7224539518356323, 0.7457807064056396, 0.769107460975647, 0.7924342155456543]}, "gradients/prompt_learner.local_v_ctx": {"_type": "histogram", "values": [1.0, 1.0, 0.0, 1.0, 2.0, 5.0, 2.0, 3.0, 8.0, 12.0, 11.0, 14.0, 27.0, 20.0, 36.0, 37.0, 44.0, 58.0, 78.0, 79.0, 76.0, 85.0, 95.0, 87.0, 111.0, 126.0, 107.0, 119.0, 87.0, 85.0, 93.0, 84.0, 85.0, 50.0, 66.0, 47.0, 48.0, 31.0, 30.0, 30.0, 14.0, 11.0, 9.0, 6.0, 9.0, 8.0, 2.0, 1.0, 0.0, 0.0, 2.0, 1.0, 2.0, 0.0, 1.0, 0.0, 0.0, 0.0, 0.0, 0.0, 0.0, 0.0, 0.0, 1.0], "bins": [-1.1050246953964233, -1.0628082752227783, -1.0205917358398438, -0.978375256061554, -0.9361587762832642, -0.8939423561096191, -0.8517258763313293, -0.8095093965530396, -0.7672929167747498, -0.72507643699646, -0.6828599572181702, -0.6406434774398804, -0.5984270572662354, -0.5562105774879456, -0.5139940977096558, -0.47177761793136597, -0.42956113815307617, -0.3873446583747864, -0.3451281785964966, -0.3029117286205292, -0.2606952488422394, -0.21847876906394958, -0.17626230418682098, -0.13404583930969238, -0.09182935953140259, -0.04961288720369339, -0.007396414875984192, 0.034820057451725006, 0.0770365297794342, 0.1192530021071434, 0.1614694744348526, 0.2036859393119812, 0.24590253829956055, 0.28811901807785034, 0.33033549785614014, 0.37255194783210754, 0.41476842761039734, 0.45698490738868713, 0.49920135736465454, 0.5414178371429443, 0.5836343169212341, 0.6258507966995239, 0.6680672764778137, 0.7102837562561035, 0.7525001764297485, 0.7947166562080383, 0.8369331359863281, 0.8791496157646179, 0.9213660955429077, 0.9635825753211975, 1.0057990550994873, 1.0480154752731323, 1.090232014656067, 1.132448434829712, 1.1746649742126465, 1.2168813943862915, 1.2590978145599365, 1.301314353942871, 1.3435307741165161, 1.3857473134994507, 1.4279637336730957, 1.4701802730560303, 1.5123966932296753, 1.5546132326126099, 1.5968296527862549]}, "test/epoch": 30, "test/local_acc_avg": 85.90924927711447, "test/duration_sec": 142.44309091567993, "test/neighbor_acc_avg": 84.4798293773492, "summary/local_acc_max": 85.90924927711447, "summary/local_acc_mean": 77.83046481609797, "summary/neighbor_acc_max": 84.4798293773492, "summary/neighbor_acc_mean": 76.86607208843822, "_wandb": {"runtime": 975}}