{"train/epoch": 30, "train/avg_acc": 69.84375, "train/duration_sec": 5.236289739608765, "_timestamp": 1763679442.2729998, "_runtime": 1140.5924317836761, "_step": 30, "gradients/prompt_learner.cluster_ctx": {"_type": "histogram", "values": [1.0, 0.0, 0.0, 0.0, 0.0, 0.0, 0.0, 0.0, 0.0, 0.0, 0.0, 0.0, 0.0, 0.0, 0.0, 0.0, 0.0, 0.0, 0.0, 0.0, 2.0, 3.0, 4.0, 11.0, 9.0, 19.0, 30.0, 54.0, 89.0, 136.0, 213.0, 380.0, 519.0, 742.0, 977.0, 1124.0, 1096.0, 936.0, 605.0, 463.0, 298.0, 183.0, 102.0, 75.0, 52.0, 20.0, 12.0, 9.0, 7.0, 7.0, 1.0, 2.0, 1.0, 1.0, 0.0, 4.0, 1.0, 0.0, 1.0, 0.0, 1.0, 0.0, 1.0, 1.0], "bins": [-0.758800208568573, -0.7376161217689514, -0.7164320349693298, -0.6952479481697083, -0.6740638017654419, -0.6528797149658203, -0.6316956281661987, -0.6105115413665771, -0.5893274545669556, -0.568143367767334, -0.5469592809677124, -0.5257751941680908, -0.5045911073684692, -0.48340699076652527, -0.4622228741645813, -0.4410387873649597, -0.41985470056533813, -0.39867061376571655, -0.37748652696609497, -0.356302410364151, -0.3351183235645294, -0.31393423676490784, -0.29275012016296387, -0.2715660333633423, -0.2503819465637207, -0.22919785976409912, -0.20801375806331635, -0.18682965636253357, -0.165645569562912, -0.1444614827632904, -0.12327738106250763, -0.10209328681230545, -0.0809091329574585, -0.05972503870725632, -0.03854094445705414, -0.01735685020685196, 0.0038272440433502197, 0.0250113382935524, 0.04619543254375458, 0.06737952679395676, 0.08856362104415894, 0.10974771529436111, 0.1309318095445633, 0.15211591124534607, 0.17329999804496765, 0.19448408484458923, 0.215668186545372, 0.23685228824615479, 0.25803637504577637, 0.27922046184539795, 0.30040454864501953, 0.3215886652469635, 0.3427727520465851, 0.36395683884620667, 0.38514095544815063, 0.4063250422477722, 0.4275091290473938, 0.4486932158470154, 0.46987730264663696, 0.49106141924858093, 0.5122455358505249, 0.5334296226501465, 0.5546137094497681, 0.5757977962493896, 0.5969818830490112]}, "gradients/prompt_learner.global_ctx": {"_type": "histogram", "values": [1.0, 0.0, 0.0, 0.0, 0.0, 0.0, 0.0, 0.0, 0.0, 0.0, 0.0, 0.0, 0.0, 0.0, 0.0, 0.0, 0.0, 0.0, 0.0, 0.0, 2.0, 3.0, 4.0, 11.0, 9.0, 19.0, 30.0, 54.0, 89.0, 136.0, 213.0, 380.0, 519.0, 742.0, 977.0, 1124.0, 1096.0, 936.0, 605.0, 463.0, 298.0, 183.0, 102.0, 75.0, 52.0, 20.0, 12.0, 9.0, 7.0, 7.0, 1.0, 2.0, 1.0, 1.0, 0.0, 4.0, 1.0, 0.0, 1.0, 0.0, 1.0, 0.0, 1.0, 1.0], "bins": [-1.517600417137146, -1.4752322435379028, -1.4328640699386597, -1.3904958963394165, -1.3481276035308838, -1.3057594299316406, -1.2633912563323975, -1.2210230827331543, -1.1786549091339111, -1.136286735534668, -1.0939185619354248, -1.0515503883361816, -1.0091822147369385, -0.9668139815330505, -0.9244457483291626, -0.8820775747299194, -0.8397094011306763, -0.7973412275314331, -0.7549730539321899, -0.712604820728302, -0.6702366471290588, -0.6278684735298157, -0.5855002403259277, -0.5431320667266846, -0.5007638931274414, -0.45839571952819824, -0.4160275161266327, -0.37365931272506714, -0.331291139125824, -0.2889229655265808, -0.24655476212501526, -0.2041865736246109, -0.161818265914917, -0.11945007741451263, -0.07708188891410828, -0.03471370041370392, 0.0076544880867004395, 0.0500226765871048, 0.09239086508750916, 0.1347590535879135, 0.17712724208831787, 0.21949543058872223, 0.2618636190891266, 0.30423182249069214, 0.3465999960899353, 0.38896816968917847, 0.431336373090744, 0.47370457649230957, 0.5160727500915527, 0.5584409236907959, 0.6008090972900391, 0.643177330493927, 0.6855455040931702, 0.7279136776924133, 0.7702819108963013, 0.8126500844955444, 0.8550182580947876, 0.8973864316940308, 0.9397546052932739, 0.9821228384971619, 1.0244910717010498, 1.066859245300293, 1.1092274188995361, 1.1515955924987793, 1.1939637660980225]}, "gradients/prompt_learner.local_u_ctx": {"_type": "histogram", "values": [2.0, 0.0, 0.0, 0.0, 0.0, 0.0, 0.0, 0.0, 0.0, 0.0, 0.0, 0.0, 0.0, 0.0, 1.0, 1.0, 0.0, 0.0, 1.0, 0.0, 1.0, 1.0, 0.0, 0.0, 2.0, 1.0, 1.0, 0.0, 0.0, 1.0, 1.0, 0.0, 0.0, 0.0, 0.0, 1.0, 0.0, 0.0, 0.0, 0.0, 0.0, 0.0, 0.0, 0.0, 0.0, 1.0, 0.0, 0.0, 0.0, 0.0, 0.0, 0.0, 0.0, 0.0, 0.0, 0.0, 0.0, 0.0, 0.0, 0.0, 0.0, 0.0, 0.0, 1.0], "bins": [-0.27822816371917725, -0.26778659224510193, -0.257345050573349, -0.24690347909927368, -0.23646190762519836, -0.22602035105228424, -0.21557879447937012, -0.2051372230052948, -0.19469566643238068, -0.18425410985946655, -0.17381253838539124, -0.1633709818124771, -0.152929425239563, -0.14248785376548767, -0.13204629719257355, -0.12160473316907883, -0.1111631691455841, -0.10072160512208939, -0.09028004109859467, -0.07983848452568054, -0.06939692050218582, -0.0589553564786911, -0.04851379618048668, -0.03807223588228226, -0.027630671858787537, -0.017189109697937965, -0.006747547537088394, 0.003694014623761177, 0.014135576784610748, 0.02457713894546032, 0.03501870110630989, 0.04546026140451431, 0.055901795625686646, 0.06634335964918137, 0.07678492367267609, 0.08722648024559021, 0.09766804426908493, 0.10810960829257965, 0.11855116486549377, 0.1289927363395691, 0.13943429291248322, 0.14987584948539734, 0.16031742095947266, 0.17075897753238678, 0.1812005341053009, 0.19164210557937622, 0.20208366215229034, 0.21252523362636566, 0.22296679019927979, 0.2334083467721939, 0.24384991824626923, 0.25429147481918335, 0.26473304629325867, 0.2751745879650116, 0.2856161594390869, 0.29605773091316223, 0.30649930238723755, 0.3169408440589905, 0.3273824155330658, 0.3378239870071411, 0.34826552867889404, 0.35870710015296936, 0.3691486716270447, 0.3795902132987976, 0.3900317847728729]}, "gradients/prompt_learner.local_v_ctx": {"_type": "histogram", "values": [1.0, 0.0, 0.0, 1.0, 1.0, 1.0, 1.0, 0.0, 3.0, 2.0, 3.0, 7.0, 4.0, 6.0, 6.0, 6.0, 11.0, 10.0, 9.0, 7.0, 12.0, 15.0, 18.0, 16.0, 18.0, 15.0, 14.0, 20.0, 24.0, 24.0, 21.0, 25.0, 20.0, 19.0, 20.0, 16.0, 21.0, 14.0, 17.0, 16.0, 7.0, 11.0, 9.0, 4.0, 6.0, 1.0, 4.0, 6.0, 4.0, 2.0, 5.0, 4.0, 1.0, 0.0, 0.0, 1.0, 1.0, 1.0, 0.0, 0.0, 0.0, 0.0, 0.0, 1.0], "bins": [-0.3612906336784363, -0.34919658303260803, -0.3371025621891022, -0.3250085115432739, -0.3129144608974457, -0.3008204400539398, -0.2887263894081116, -0.2766323387622833, -0.2645382881164551, -0.2524442672729492, -0.24035021662712097, -0.22825618088245392, -0.21616214513778687, -0.20406809449195862, -0.19197405874729156, -0.17988000810146332, -0.16778597235679626, -0.1556919366121292, -0.14359788596630096, -0.1315038502216339, -0.11940980702638626, -0.10731576383113861, -0.09522172808647156, -0.08312768489122391, -0.07103364169597626, -0.05893959850072861, -0.046845559030771255, -0.034751519560813904, -0.022657476365566254, -0.010563435032963753, 0.0015306062996387482, 0.013624647632241249, 0.025718718767166138, 0.03781276196241379, 0.04990680143237114, 0.06200084090232849, 0.07409488409757614, 0.08618892729282379, 0.09828296303749084, 0.1103770062327385, 0.12247104942798615, 0.1345650851726532, 0.14665913581848145, 0.1587531715631485, 0.17084720730781555, 0.1829412579536438, 0.19503529369831085, 0.2071293443441391, 0.21922338008880615, 0.2313174158334732, 0.24341146647930145, 0.2555055022239685, 0.26759955286979675, 0.2796935737133026, 0.29178762435913086, 0.3038816750049591, 0.31597572565078735, 0.3280697464942932, 0.34016379714012146, 0.3522578477859497, 0.36435186862945557, 0.3764459192752838, 0.38853996992111206, 0.4006339907646179, 0.41272804141044617]}, "test/epoch": 30, "test/local_acc_avg": 82.45297177257778, "test/duration_sec": 328.84704065322876, "test/neighbor_acc_avg": 80.82511129096477, "summary/local_acc_max": 86.16928410125601, "summary/local_acc_mean": 82.02289248379054, "summary/neighbor_acc_max": 83.85176974469059, "summary/neighbor_acc_mean": 80.2572607874074, "_wandb": {"runtime": 1139}}