{"train/epoch": 30, "train/avg_acc": 67.05357142857143, "train/duration_sec": 18.122414112091064, "_timestamp": 1763661763.106418, "_runtime": 971.7941060066223, "_step": 30, "gradients/prompt_learner.global_ctx": {"_type": "histogram", "values": [1.0, 0.0, 3.0, 1.0, 3.0, 0.0, 0.0, 5.0, 1.0, 6.0, 5.0, 7.0, 12.0, 9.0, 24.0, 38.0, 28.0, 59.0, 61.0, 88.0, 127.0, 168.0, 211.0, 246.0, 302.0, 389.0, 433.0, 513.0, 539.0, 585.0, 583.0, 602.0, 523.0, 497.0, 445.0, 370.0, 279.0, 252.0, 166.0, 168.0, 121.0, 90.0, 62.0, 45.0, 36.0, 28.0, 24.0, 8.0, 7.0, 7.0, 5.0, 0.0, 3.0, 2.0, 2.0, 0.0, 1.0, 1.0, 0.0, 0.0, 0.0, 0.0, 0.0, 1.0], "bins": [-1.6846106052398682, -1.629117727279663, -1.5736247301101685, -1.5181317329406738, -1.4626388549804688, -1.4071459770202637, -1.351652979850769, -1.2961599826812744, -1.2406671047210693, -1.1851742267608643, -1.1296812295913696, -1.074188232421875, -1.01869535446167, -0.9632024168968201, -0.9077094793319702, -0.8522165417671204, -0.7967236042022705, -0.7412306666374207, -0.6857377290725708, -0.630244791507721, -0.5747518539428711, -0.5192589163780212, -0.4637659788131714, -0.40827304124832153, -0.3527801036834717, -0.2972871661186218, -0.24179422855377197, -0.18630129098892212, -0.13080835342407227, -0.07531541585922241, -0.01982247829437256, 0.035670459270477295, 0.09116339683532715, 0.146656334400177, 0.20214927196502686, 0.2576422095298767, 0.31313514709472656, 0.3686280846595764, 0.42412102222442627, 0.4796139597892761, 0.535106897354126, 0.5905998349189758, 0.6460927724838257, 0.7015857100486755, 0.7570786476135254, 0.8125715851783752, 0.8680645227432251, 0.923557460308075, 0.9790503978729248, 1.0345432758331299, 1.0900362730026245, 1.1455292701721191, 1.2010221481323242, 1.2565150260925293, 1.312008023262024, 1.3675010204315186, 1.4229938983917236, 1.4784867763519287, 1.5339797735214233, 1.589472770690918, 1.644965648651123, 1.7004585266113281, 1.7559515237808228, 1.8114445209503174, 1.8669373989105225]}, "gradients/prompt_learner.local_u_ctx": {"_type": "histogram", "values": [1.0, 0.0, 0.0, 0.0, 0.0, 0.0, 0.0, 0.0, 1.0, 0.0, 1.0, 0.0, 0.0, 1.0, 1.0, 0.0, 0.0, 0.0, 0.0, 7.0, 0.0, 1.0, 3.0, 0.0, 1.0, 2.0, 1.0, 3.0, 2.0, 2.0, 3.0, 1.0, 0.0, 2.0, 7.0, 4.0, 1.0, 5.0, 0.0, 3.0, 1.0, 0.0, 0.0, 2.0, 1.0, 1.0, 1.0, 0.0, 1.0, 0.0, 1.0, 1.0, 0.0, 0.0, 0.0, 0.0, 0.0, 0.0, 0.0, 0.0, 0.0, 1.0, 0.0, 1.0], "bins": [-0.9122719764709473, -0.8842222094535828, -0.856172502040863, -0.8281227350234985, -0.800072968006134, -0.7720232009887695, -0.7439734935760498, -0.7159237265586853, -0.6878739595413208, -0.6598242521286011, -0.6317744851112366, -0.6037247180938721, -0.5756749510765076, -0.5476252436637878, -0.5195754766464233, -0.49152570962905884, -0.4634759724140167, -0.4354262351989746, -0.4073764681816101, -0.379326730966568, -0.3512769639492035, -0.3232272267341614, -0.2951774597167969, -0.26712772250175476, -0.23907797038555145, -0.21102821826934814, -0.18297846615314484, -0.15492871403694153, -0.12687897682189941, -0.09882921725511551, -0.0707794725894928, -0.04272972047328949, -0.014679968357086182, 0.013369781896471977, 0.041419532150030136, 0.06946928054094315, 0.09751903265714645, 0.12556877732276917, 0.15361852943897247, 0.18166828155517578, 0.2097180336713791, 0.2377677857875824, 0.2658175230026245, 0.293867290019989, 0.32191702723503113, 0.34996679425239563, 0.37801653146743774, 0.40606629848480225, 0.43411603569984436, 0.4621657729148865, 0.490215539932251, 0.5182653069496155, 0.5463150143623352, 0.5743647813796997, 0.6024145483970642, 0.6304643154144287, 0.6585140228271484, 0.6865637898445129, 0.7146135568618774, 0.7426632642745972, 0.7707130312919617, 0.7987627983093262, 0.8268125653266907, 0.8548622727394104, 0.8829120397567749]}, "gradients/prompt_learner.local_v_ctx": {"_type": "histogram", "values": [3.0, 0.0, 3.0, 4.0, 5.0, 8.0, 12.0, 12.0, 15.0, 10.0, 26.0, 41.0, 36.0, 37.0, 60.0, 64.0, 63.0, 87.0, 86.0, 82.0, 98.0, 111.0, 95.0, 118.0, 115.0, 106.0, 82.0, 94.0, 80.0, 74.0, 68.0, 58.0, 52.0, 53.0, 37.0, 35.0, 26.0, 18.0, 14.0, 13.0, 9.0, 9.0, 4.0, 9.0, 2.0, 4.0, 4.0, 0.0, 1.0, 0.0, 0.0, 3.0, 0.0, 1.0, 0.0, 0.0, 0.0, 0.0, 0.0, 0.0, 0.0, 0.0, 0.0, 1.0], "bins": [-0.9882632493972778, -0.9465176463127136, -0.9047720432281494, -0.8630264401435852, -0.821280837059021, -0.7795352339744568, -0.7377896308898926, -0.6960440278053284, -0.6542984247207642, -0.6125528216362, -0.5708072185516357, -0.5290616154670715, -0.4873160123825073, -0.4455704092979431, -0.4038248062133789, -0.3620792031288147, -0.3203336000442505, -0.2785879969596863, -0.23684239387512207, -0.19509679079055786, -0.15335118770599365, -0.11160558462142944, -0.06985998153686523, -0.028114378452301025, 0.013631224632263184, 0.05537682771682739, 0.0971224308013916, 0.1388680338859558, 0.18061363697052002, 0.22235924005508423, 0.26410484313964844, 0.30585044622421265, 0.34759604930877686, 0.38934165239334106, 0.4310872554779053, 0.4728328585624695, 0.5145784616470337, 0.5563240647315979, 0.5980696678161621, 0.6398152709007263, 0.6815608739852905, 0.7233064770698547, 0.765052080154419, 0.8067976832389832, 0.8485432863235474, 0.8902888894081116, 0.9320344924926758, 0.97378009557724, 1.0155256986618042, 1.0572712421417236, 1.0990169048309326, 1.1407625675201416, 1.182508111000061, 1.2242536544799805, 1.2659993171691895, 1.3077449798583984, 1.3494905233383179, 1.3912360668182373, 1.4329817295074463, 1.4747273921966553, 1.5164729356765747, 1.5582184791564941, 1.5999641418457031, 1.641709804534912, 1.6834553480148315]}, "test/epoch": 30, "test/local_acc_avg": 86.45498464090541, "test/duration_sec": 140.01201343536377, "test/neighbor_acc_avg": 84.41173542090526, "summary/local_acc_max": 86.45498464090541, "summary/local_acc_mean": 77.41794047640599, "summary/neighbor_acc_max": 84.41173542090526, "summary/neighbor_acc_mean": 76.10713943068224, "_wandb": {"runtime": 970}}