{"train/epoch": 30, "train/avg_acc": 74.53125, "train/duration_sec": 5.164355993270874, "_timestamp": 1763680592.3409088, "_runtime": 1129.8094508647919, "_step": 30, "gradients/prompt_learner.cluster_ctx": {"_type": "histogram", "values": [1.0, 1.0, 0.0, 0.0, 0.0, 0.0, 0.0, 0.0, 3.0, 3.0, 0.0, 3.0, 5.0, 3.0, 8.0, 11.0, 10.0, 14.0, 17.0, 31.0, 43.0, 68.0, 102.0, 119.0, 207.0, 287.0, 417.0, 560.0, 667.0, 880.0, 982.0, 891.0, 715.0, 599.0, 459.0, 317.0, 249.0, 157.0, 99.0, 73.0, 45.0, 41.0, 21.0, 12.0, 17.0, 10.0, 7.0, 10.0, 7.0, 1.0, 2.0, 2.0, 3.0, 2.0, 2.0, 1.0, 2.0, 1.0, 0.0, 0.0, 2.0, 1.0, 1.0, 1.0], "bins": [-0.32127779722213745, -0.3108149766921997, -0.30035215616226196, -0.2898893356323242, -0.2794265151023865, -0.26896369457244873, -0.2585009038448334, -0.24803806841373444, -0.23757526278495789, -0.22711244225502014, -0.2166496217250824, -0.20618680119514465, -0.1957239806652069, -0.18526116013526917, -0.17479835450649261, -0.16433553397655487, -0.15387271344661713, -0.14340989291667938, -0.13294707238674164, -0.12248425930738449, -0.11202144622802734, -0.1015586256980896, -0.09109580516815186, -0.08063299208879471, -0.07017017155885696, -0.05970735475420952, -0.04924453794956207, -0.03878171741962433, -0.028318900614976883, -0.017856083810329437, -0.007393265143036842, 0.003069552592933178, 0.013532370328903198, 0.023995187133550644, 0.03445800393819809, 0.044920824468135834, 0.05538364127278328, 0.06584645807743073, 0.07630927860736847, 0.08677209168672562, 0.09723491221666336, 0.1076977327466011, 0.11816054582595825, 0.128623366355896, 0.13908618688583374, 0.14954900741577148, 0.16001181304454803, 0.17047463357448578, 0.18093745410442352, 0.19140027463436127, 0.201863095164299, 0.21232590079307556, 0.2227887213230133, 0.23325154185295105, 0.2437143623828888, 0.25417718291282654, 0.2646400034427643, 0.275102823972702, 0.28556564450263977, 0.2960284352302551, 0.30649125576019287, 0.3169540762901306, 0.32741689682006836, 0.3378797173500061, 0.34834253787994385]}, "gradients/prompt_learner.global_ctx": {"_type": "histogram", "values": [1.0, 1.0, 0.0, 0.0, 0.0, 0.0, 0.0, 0.0, 3.0, 3.0, 0.0, 3.0, 5.0, 3.0, 8.0, 11.0, 10.0, 14.0, 17.0, 31.0, 43.0, 68.0, 102.0, 119.0, 207.0, 287.0, 417.0, 560.0, 667.0, 880.0, 982.0, 891.0, 715.0, 599.0, 459.0, 317.0, 249.0, 157.0, 99.0, 73.0, 45.0, 41.0, 21.0, 12.0, 17.0, 10.0, 7.0, 10.0, 7.0, 1.0, 2.0, 2.0, 3.0, 2.0, 2.0, 1.0, 2.0, 1.0, 0.0, 0.0, 2.0, 1.0, 1.0, 1.0], "bins": [-0.6425555944442749, -0.6216299533843994, -0.6007043123245239, -0.5797786712646484, -0.558853030204773, -0.5379273891448975, -0.5170018076896667, -0.49607613682746887, -0.47515052556991577, -0.4542248845100403, -0.4332992434501648, -0.4123736023902893, -0.3914479613304138, -0.37052232027053833, -0.34959670901298523, -0.32867106795310974, -0.30774542689323425, -0.28681978583335876, -0.2658941447734833, -0.24496851861476898, -0.2240428924560547, -0.2031172513961792, -0.1821916103363037, -0.16126598417758942, -0.14034034311771393, -0.11941470950841904, -0.09848907589912415, -0.07756343483924866, -0.056637801229953766, -0.035712167620658875, -0.014786530286073685, 0.006139105185866356, 0.027064740657806396, 0.04799037426710129, 0.06891600787639618, 0.08984164893627167, 0.11076728254556656, 0.13169291615486145, 0.15261855721473694, 0.17354418337345123, 0.19446982443332672, 0.2153954654932022, 0.2363210916519165, 0.257246732711792, 0.2781723737716675, 0.29909801483154297, 0.32002362608909607, 0.34094926714897156, 0.36187490820884705, 0.38280054926872253, 0.403726190328598, 0.4246518015861511, 0.4455774426460266, 0.4665030837059021, 0.4874287247657776, 0.5083543658256531, 0.5292800068855286, 0.550205647945404, 0.5711312890052795, 0.5920568704605103, 0.6129825115203857, 0.6339081525802612, 0.6548337936401367, 0.6757594347000122, 0.6966850757598877]}, "gradients/prompt_learner.local_u_ctx": {"_type": "histogram", "values": [1.0, 0.0, 0.0, 0.0, 0.0, 1.0, 0.0, 1.0, 0.0, 0.0, 0.0, 1.0, 0.0, 0.0, 0.0, 1.0, 2.0, 0.0, 0.0, 2.0, 0.0, 1.0, 2.0, 2.0, 1.0, 2.0, 2.0, 0.0, 3.0, 1.0, 0.0, 4.0, 3.0, 2.0, 1.0, 1.0, 5.0, 2.0, 2.0, 1.0, 4.0, 1.0, 0.0, 3.0, 0.0, 2.0, 2.0, 1.0, 1.0, 1.0, 1.0, 0.0, 1.0, 0.0, 1.0, 1.0, 0.0, 0.0, 0.0, 0.0, 0.0, 0.0, 0.0, 1.0], "bins": [-0.2858569025993347, -0.2782710790634155, -0.27068522572517395, -0.26309940218925476, -0.25551357865333557, -0.247927725315094, -0.2403419017791748, -0.23275606334209442, -0.22517022490501404, -0.21758440136909485, -0.20999856293201447, -0.20241272449493408, -0.1948268860578537, -0.1872410625219345, -0.17965522408485413, -0.17206938564777374, -0.16448354721069336, -0.15689772367477417, -0.1493118852376938, -0.1417260468006134, -0.1341402232646942, -0.12655438482761383, -0.11896854639053345, -0.11138271540403366, -0.10379688441753387, -0.09621104598045349, -0.0886252149939537, -0.08103937655687332, -0.07345354557037354, -0.06586770713329315, -0.058281876146793365, -0.05069604143500328, -0.043110206723213196, -0.03552437201142311, -0.027938537299633026, -0.02035270445048809, -0.012766869738698006, -0.005181035492569208, 0.0024047987535595894, 0.0099906325340271, 0.017576467245817184, 0.02516230195760727, 0.032748136669397354, 0.04033397138118744, 0.047919802367687225, 0.05550563707947731, 0.0630914717912674, 0.07067731022834778, 0.07826314121484756, 0.08584897220134735, 0.09343481063842773, 0.10102064162492752, 0.1086064800620079, 0.11619231104850769, 0.12377814948558807, 0.13136398792266846, 0.13894981145858765, 0.14653564989566803, 0.1541214883327484, 0.1617073118686676, 0.16929315030574799, 0.17687898874282837, 0.18446482717990875, 0.19205065071582794, 0.19963648915290833]}, "gradients/prompt_learner.local_v_ctx": {"_type": "histogram", "values": [1.0, 0.0, 0.0, 0.0, 0.0, 0.0, 0.0, 0.0, 0.0, 0.0, 0.0, 0.0, 0.0, 0.0, 0.0, 0.0, 0.0, 0.0, 0.0, 0.0, 0.0, 0.0, 1.0, 0.0, 0.0, 1.0, 0.0, 0.0, 0.0, 0.0, 0.0, 1.0, 1.0, 0.0, 4.0, 1.0, 5.0, 5.0, 22.0, 30.0, 61.0, 72.0, 103.0, 150.0, 199.0, 218.0, 229.0, 226.0, 210.0, 162.0, 126.0, 82.0, 56.0, 30.0, 22.0, 18.0, 4.0, 4.0, 1.0, 1.0, 1.0, 0.0, 0.0, 1.0], "bins": [-1.2375601530075073, -1.211005449295044, -1.1844507455825806, -1.1578960418701172, -1.1313414573669434, -1.10478675365448, -1.0782320499420166, -1.0516773462295532, -1.0251226425170898, -0.9985679388046265, -0.9720132350921631, -0.9454585909843445, -0.9189038872718811, -0.8923491835594177, -0.8657945394515991, -0.8392398357391357, -0.8126851320266724, -0.786130428314209, -0.7595757246017456, -0.733021080493927, -0.7064663767814636, -0.6799116730690002, -0.6533570289611816, -0.6268023252487183, -0.6002476215362549, -0.5736929178237915, -0.5471382141113281, -0.5205835700035095, -0.49402886629104614, -0.46747416257858276, -0.4409194886684418, -0.4143648147583008, -0.387810081243515, -0.361255407333374, -0.33470070362091064, -0.30814599990844727, -0.2815913259983063, -0.2550366520881653, -0.2284819483757019, -0.20192725956439972, -0.17537257075309753, -0.14881788194179535, -0.12226319313049316, -0.09570850431919098, -0.0691538155078888, -0.04259912669658661, -0.016044437885284424, 0.010510250926017761, 0.037064939737319946, 0.06361962854862213, 0.09017431735992432, 0.1167290061712265, 0.1432836949825287, 0.16983838379383087, 0.19639307260513306, 0.22294776141643524, 0.24950245022773743, 0.2760571241378784, 0.3026118278503418, 0.3291665315628052, 0.35572120547294617, 0.38227587938308716, 0.40883058309555054, 0.4353852868080139, 0.4619399607181549]}, "test/epoch": 30, "test/local_acc_avg": 84.55196768035049, "test/duration_sec": 326.619083404541, "test/neighbor_acc_avg": 82.98020088453904, "summary/local_acc_max": 86.59555589885625, "summary/local_acc_mean": 83.139339357825, "summary/neighbor_acc_max": 83.51795509603728, "summary/neighbor_acc_mean": 80.76576288490672, "_wandb": {"runtime": 1128}}