{"train/epoch": 30, "train/avg_acc": 65.13392857142857, "train/duration_sec": 18.031359434127808, "_timestamp": 1763660770.967255, "_runtime": 972.0241041183472, "_step": 30, "gradients/prompt_learner.global_ctx": {"_type": "histogram", "values": [1.0, 0.0, 0.0, 0.0, 0.0, 0.0, 0.0, 0.0, 0.0, 0.0, 0.0, 0.0, 0.0, 1.0, 1.0, 0.0, 0.0, 0.0, 0.0, 1.0, 3.0, 2.0, 10.0, 4.0, 19.0, 12.0, 19.0, 33.0, 44.0, 59.0, 91.0, 123.0, 171.0, 205.0, 297.0, 375.0, 447.0, 576.0, 579.0, 681.0, 687.0, 670.0, 639.0, 584.0, 463.0, 365.0, 289.0, 206.0, 159.0, 110.0, 72.0, 55.0, 44.0, 28.0, 26.0, 15.0, 8.0, 5.0, 6.0, 1.0, 2.0, 1.0, 1.0, 2.0], "bins": [-2.942720651626587, -2.869933605194092, -2.797146797180176, -2.7243597507476807, -2.6515729427337646, -2.5787858963012695, -2.5059988498687744, -2.4332120418548584, -2.3604249954223633, -2.2876381874084473, -2.214851140975952, -2.142064094543457, -2.069277286529541, -1.9964903593063354, -1.9237033128738403, -1.8509163856506348, -1.7781294584274292, -1.7053425312042236, -1.632555603981018, -1.559768557548523, -1.4869816303253174, -1.4141947031021118, -1.3414077758789062, -1.2686208486557007, -1.1958339214324951, -1.123046875, -1.0502599477767944, -0.9774730205535889, -0.9046860933303833, -0.831899106502533, -0.7591121792793274, -0.686325192451477, -0.613538384437561, -0.5407514572143555, -0.4679644703865051, -0.39517754316329956, -0.3223905861377716, -0.24960362911224365, -0.1768166869878769, -0.10402973741292953, -0.031242787837982178, 0.04154416173696518, 0.11433111131191254, 0.1871180534362793, 0.25990501046180725, 0.3326919674873352, 0.40547889471054077, 0.4782658517360687, 0.5510528087615967, 0.6238397359848022, 0.6966267228126526, 0.7694136500358582, 0.8422006368637085, 0.9149875640869141, 0.9877744913101196, 1.0605614185333252, 1.1333484649658203, 1.2061353921890259, 1.2789223194122314, 1.351709246635437, 1.4244961738586426, 1.4972831010818481, 1.5700701475143433, 1.6428570747375488, 1.7156440019607544]}, "gradients/prompt_learner.local_u_ctx": {"_type": "histogram", "values": [1.0, 0.0, 0.0, 0.0, 0.0, 0.0, 0.0, 0.0, 0.0, 0.0, 0.0, 0.0, 0.0, 0.0, 0.0, 0.0, 0.0, 0.0, 0.0, 1.0, 0.0, 0.0, 0.0, 0.0, 0.0, 0.0, 1.0, 0.0, 1.0, 0.0, 0.0, 0.0, 1.0, 0.0, 0.0, 0.0, 1.0, 1.0, 1.0, 1.0, 1.0, 0.0, 0.0, 0.0, 0.0, 0.0, 0.0, 0.0, 0.0, 1.0, 0.0, 0.0, 0.0, 2.0, 0.0, 1.0, 0.0, 0.0, 1.0, 0.0, 0.0, 0.0, 0.0, 1.0], "bins": [-0.9502646327018738, -0.929592490196228, -0.9089203476905823, -0.8882482647895813, -0.8675761222839355, -0.8469039797782898, -0.826231837272644, -0.8055596947669983, -0.7848875522613525, -0.7642154693603516, -0.7435433268547058, -0.7228711843490601, -0.7021990418434143, -0.6815268993377686, -0.6608548164367676, -0.6401826739311218, -0.6195105314254761, -0.5988383889198303, -0.5781662464141846, -0.5574941635131836, -0.5368220210075378, -0.5161498785018921, -0.49547773599624634, -0.474805623292923, -0.4541334807872772, -0.43346133828163147, -0.4127892255783081, -0.39211708307266235, -0.3714449405670166, -0.35077282786369324, -0.3301006853580475, -0.3094285726547241, -0.2887563705444336, -0.26808422803878784, -0.24741211533546448, -0.22673997282981873, -0.20606784522533417, -0.1853957176208496, -0.16472357511520386, -0.1440514475107193, -0.12337931990623474, -0.10270719230175018, -0.08203505724668503, -0.06136292591691017, -0.040690794587135315, -0.02001866325736046, 0.0006534680724143982, 0.021325599402189255, 0.04199773073196411, 0.06266985833644867, 0.08334199339151382, 0.10401412844657898, 0.12468625605106354, 0.1453583836555481, 0.16603052616119385, 0.1867026537656784, 0.20737478137016296, 0.22804690897464752, 0.24871903657913208, 0.26939117908477783, 0.2900633215904236, 0.31073543429374695, 0.3314075767993927, 0.35207968950271606, 0.3727518320083618]}, "gradients/prompt_learner.local_v_ctx": {"_type": "histogram", "values": [1.0, 1.0, 0.0, 1.0, 0.0, 4.0, 1.0, 3.0, 4.0, 3.0, 5.0, 6.0, 6.0, 15.0, 10.0, 13.0, 11.0, 14.0, 17.0, 18.0, 16.0, 18.0, 22.0, 13.0, 22.0, 20.0, 17.0, 18.0, 18.0, 24.0, 18.0, 15.0, 14.0, 15.0, 14.0, 9.0, 20.0, 13.0, 13.0, 15.0, 9.0, 11.0, 7.0, 2.0, 0.0, 3.0, 2.0, 0.0, 3.0, 2.0, 1.0, 0.0, 1.0, 0.0, 0.0, 0.0, 0.0, 1.0, 0.0, 1.0, 1.0, 0.0, 0.0, 1.0], "bins": [-1.1663823127746582, -1.123123288154602, -1.079864263534546, -1.0366051197052002, -0.993346095085144, -0.9500870704650879, -0.906827986240387, -0.863568902015686, -0.8203098773956299, -0.7770508527755737, -0.7337917685508728, -0.6905326843261719, -0.6472736597061157, -0.6040146350860596, -0.5607555508613586, -0.5174964666366577, -0.47423744201660156, -0.430978387594223, -0.3877193331718445, -0.34446027874946594, -0.3012012243270874, -0.25794216990470886, -0.21468311548233032, -0.17142406105995178, -0.12816500663757324, -0.0849059522151947, -0.04164689779281616, 0.001612156629562378, 0.04487121105194092, 0.08813026547431946, 0.131389319896698, 0.17464837431907654, 0.21790730953216553, 0.26116636395454407, 0.3044254183769226, 0.34768447279930115, 0.3909435272216797, 0.4342025816440582, 0.47746163606643677, 0.5207207202911377, 0.5639797449111938, 0.60723876953125, 0.6504978537559509, 0.6937569379806519, 0.737015962600708, 0.7802749872207642, 0.8235340714454651, 0.866793155670166, 0.9100521802902222, 0.9533112049102783, 0.9965702891349792, 1.0398293733596802, 1.0830883979797363, 1.1263474225997925, 1.1696064472198486, 1.2128655910491943, 1.2561246156692505, 1.2993836402893066, 1.3426427841186523, 1.3859018087387085, 1.4291608333587646, 1.4724198579788208, 1.515678882598877, 1.5589380264282227, 1.6021970510482788]}, "test/epoch": 30, "test/local_acc_avg": 84.12810588801845, "test/duration_sec": 140.78612232208252, "test/neighbor_acc_avg": 83.28484531872856, "summary/local_acc_max": 84.12810588801845, "summary/local_acc_mean": 76.2683843503168, "summary/neighbor_acc_max": 83.28484531872856, "summary/neighbor_acc_mean": 75.53082464955854, "_wandb": {"runtime": 969}}