{"train/epoch": 30, "train/avg_acc": 73.88392857142857, "train/duration_sec": 18.612688064575195, "_timestamp": 1763658780.997316, "_runtime": 982.7492988109589, "_step": 30, "gradients/prompt_learner.cluster_ctx": {"_type": "histogram", "values": [1.0, 0.0, 0.0, 0.0, 0.0, 0.0, 0.0, 0.0, 0.0, 0.0, 2.0, 0.0, 0.0, 2.0, 2.0, 1.0, 2.0, 4.0, 6.0, 12.0, 23.0, 39.0, 57.0, 115.0, 170.0, 232.0, 357.0, 494.0, 655.0, 820.0, 1092.0, 1190.0, 842.0, 644.0, 446.0, 328.0, 215.0, 184.0, 101.0, 66.0, 26.0, 30.0, 11.0, 5.0, 7.0, 3.0, 1.0, 2.0, 1.0, 2.0, 1.0, 0.0, 0.0, 0.0, 0.0, 0.0, 0.0, 0.0, 0.0, 0.0, 0.0, 0.0, 0.0, 1.0], "bins": [-1.1822645664215088, -1.1440855264663696, -1.1059064865112305, -1.0677274465560913, -1.0295484066009521, -0.9913693070411682, -0.953190267086029, -0.9150112271308899, -0.876832127571106, -0.8386530876159668, -0.8004740476608276, -0.7622950077056885, -0.7241159677505493, -0.6859369277954102, -0.6477578282356262, -0.6095787882804871, -0.5713997483253479, -0.5332207083702087, -0.4950416386127472, -0.45686259865760803, -0.4186835289001465, -0.3805044889450073, -0.34232544898986816, -0.3041463792324066, -0.26596733927726746, -0.2277882844209671, -0.18960922956466675, -0.1514301896095276, -0.11325113475322723, -0.07507207989692688, -0.03689303249120712, 0.0012860186398029327, 0.03946506977081299, 0.07764412462711334, 0.1158231720328331, 0.15400221943855286, 0.1921812742948532, 0.23036032915115356, 0.2685393691062927, 0.3067184388637543, 0.34489747881889343, 0.3830765187740326, 0.42125558853149414, 0.4594346284866333, 0.49761366844177246, 0.5357927083969116, 0.5739718079566956, 0.6121508479118347, 0.6503298878669739, 0.688508927822113, 0.7266879677772522, 0.7648670673370361, 0.8030461072921753, 0.8412251472473145, 0.8794041872024536, 0.9175832271575928, 0.9557622671127319, 0.9939413666725159, 1.0321203470230103, 1.070299506187439, 1.1084785461425781, 1.1466575860977173, 1.1848366260528564, 1.2230156660079956, 1.2611947059631348]}, "gradients/prompt_learner.global_ctx": {"_type": "histogram", "values": [1.0, 0.0, 0.0, 0.0, 0.0, 0.0, 0.0, 0.0, 0.0, 0.0, 2.0, 0.0, 0.0, 2.0, 2.0, 1.0, 2.0, 4.0, 6.0, 12.0, 23.0, 39.0, 57.0, 115.0, 170.0, 232.0, 357.0, 494.0, 655.0, 820.0, 1092.0, 1190.0, 842.0, 644.0, 446.0, 328.0, 215.0, 184.0, 101.0, 66.0, 26.0, 30.0, 11.0, 5.0, 7.0, 3.0, 1.0, 2.0, 1.0, 2.0, 1.0, 0.0, 0.0, 0.0, 0.0, 0.0, 0.0, 0.0, 0.0, 0.0, 0.0, 0.0, 0.0, 1.0], "bins": [-2.3645291328430176, -2.2881710529327393, -2.211812973022461, -2.1354548931121826, -2.0590968132019043, -1.9827386140823364, -1.906380534172058, -1.8300224542617798, -1.753664255142212, -1.6773061752319336, -1.6009480953216553, -1.524590015411377, -1.4482319355010986, -1.3718738555908203, -1.2955156564712524, -1.2191575765609741, -1.1427994966506958, -1.0664414167404175, -0.9900832772254944, -0.9137251973152161, -0.837367057800293, -0.7610089778900146, -0.6846508979797363, -0.6082927584648132, -0.5319346785545349, -0.4555765688419342, -0.3792184591293335, -0.3028603792190552, -0.22650226950645447, -0.15014415979385376, -0.07378606498241425, 0.0025720372796058655, 0.07893013954162598, 0.15528824925422668, 0.2316463440656662, 0.3080044388771057, 0.3843625485897064, 0.46072065830230713, 0.5370787382125854, 0.6134368777275085, 0.6897949576377869, 0.7661530375480652, 0.8425111770629883, 0.9188692569732666, 0.9952273368835449, 1.0715854167938232, 1.1479436159133911, 1.2243016958236694, 1.3006597757339478, 1.377017855644226, 1.4533759355545044, 1.5297341346740723, 1.6060922145843506, 1.682450294494629, 1.7588083744049072, 1.8351664543151855, 1.9115245342254639, 1.9878827333450317, 2.0642406940460205, 2.140599012374878, 2.2169570922851562, 2.2933151721954346, 2.369673252105713, 2.446031332015991, 2.5223894119262695]}, "gradients/prompt_learner.local_u_ctx": {"_type": "histogram", "values": [1.0, 0.0, 0.0, 0.0, 0.0, 0.0, 0.0, 0.0, 0.0, 1.0, 0.0, 0.0, 0.0, 0.0, 0.0, 0.0, 0.0, 1.0, 0.0, 0.0, 0.0, 0.0, 0.0, 1.0, 1.0, 0.0, 0.0, 0.0, 0.0, 3.0, 0.0, 0.0, 0.0, 1.0, 1.0, 0.0, 0.0, 0.0, 1.0, 0.0, 3.0, 0.0, 1.0, 0.0, 2.0, 1.0, 1.0, 1.0, 1.0, 2.0, 0.0, 0.0, 2.0, 0.0, 0.0, 0.0, 0.0, 1.0, 0.0, 1.0, 1.0, 0.0, 2.0, 2.0], "bins": [-0.5727124810218811, -0.55950927734375, -0.5463060736656189, -0.5331028699874878, -0.5198996663093567, -0.5066964626312256, -0.4934932589530945, -0.4802900552749634, -0.4670868515968323, -0.4538836181163788, -0.4406804144382477, -0.4274772107601166, -0.4142740070819855, -0.40107080340385437, -0.38786759972572327, -0.37466439604759216, -0.36146119236946106, -0.34825798869132996, -0.33505478501319885, -0.32185158133506775, -0.30864837765693665, -0.29544517397880554, -0.28224197030067444, -0.26903876662254333, -0.25583553314208984, -0.24263234436511993, -0.22942914068698883, -0.21622593700885773, -0.20302271842956543, -0.18981951475143433, -0.17661631107330322, -0.16341310739517212, -0.15020990371704102, -0.1370067000389099, -0.12380349636077881, -0.11060028523206711, -0.097397081553936, -0.0841938778758049, -0.0709906667470932, -0.0577874630689621, -0.044584259390830994, -0.03138105571269989, -0.018177848309278488, -0.004974642768502235, 0.008228562772274017, 0.02143176831305027, 0.03463497385382652, 0.047838181257247925, 0.06104138493537903, 0.07424458861351013, 0.08744779229164124, 0.10065100342035294, 0.11385420709848404, 0.12705741822719574, 0.14026062190532684, 0.15346382558345795, 0.16666702926158905, 0.17987023293972015, 0.19307343661785126, 0.20627664029598236, 0.21947985887527466, 0.23268306255340576, 0.24588626623153687, 0.25908946990966797, 0.2722926735877991]}, "gradients/prompt_learner.local_v_ctx": {"_type": "histogram", "values": [1.0, 0.0, 2.0, 0.0, 1.0, 1.0, 2.0, 1.0, 2.0, 7.0, 6.0, 10.0, 9.0, 27.0, 34.0, 41.0, 39.0, 50.0, 55.0, 61.0, 75.0, 81.0, 77.0, 71.0, 63.0, 63.0, 52.0, 43.0, 43.0, 31.0, 20.0, 19.0, 11.0, 9.0, 6.0, 5.0, 1.0, 2.0, 0.0, 2.0, 0.0, 0.0, 0.0, 0.0, 0.0, 0.0, 0.0, 0.0, 0.0, 0.0, 0.0, 0.0, 0.0, 0.0, 0.0, 0.0, 0.0, 0.0, 0.0, 0.0, 0.0, 0.0, 0.0, 1.0], "bins": [-1.1466259956359863, -1.0948683023452759, -1.043110728263855, -0.9913530349731445, -0.9395954012870789, -0.8878377676010132, -0.8360800743103027, -0.7843224406242371, -0.7325648069381714, -0.6808071732521057, -0.62904953956604, -0.5772918462753296, -0.5255342125892639, -0.47377657890319824, -0.4220189154148102, -0.3702612519264221, -0.31850361824035645, -0.26674598455429077, -0.2149883210659027, -0.16323067247867584, -0.11147302389144897, -0.05971537530422211, -0.00795772671699524, 0.04379992187023163, 0.0955575704574585, 0.14731521904468536, 0.19907286763191223, 0.2508305311203003, 0.30258816480636597, 0.35434579849243164, 0.4061034619808197, 0.45786112546920776, 0.5096187591552734, 0.5613763928413391, 0.6131340265274048, 0.6648917198181152, 0.7166493535041809, 0.7684069871902466, 0.820164680480957, 0.8719223141670227, 0.9236799478530884, 0.975437581539154, 1.0271952152252197, 1.0789529085159302, 1.1307106018066406, 1.1824681758880615, 1.234225869178772, 1.2859834432601929, 1.3377411365509033, 1.3894988298416138, 1.4412564039230347, 1.4930140972137451, 1.544771671295166, 1.5965293645858765, 1.648287057876587, 1.7000446319580078, 1.7518023252487183, 1.8035600185394287, 1.8553175926208496, 1.90707528591156, 1.9588329792022705, 2.0105905532836914, 2.0623481273651123, 2.1141059398651123, 2.165863513946533]}, "test/epoch": 30, "test/local_acc_avg": 85.97338906185715, "test/duration_sec": 140.71024346351624, "test/neighbor_acc_avg": 85.56076077688083, "summary/local_acc_max": 85.97338906185715, "summary/local_acc_mean": 83.89501866483484, "summary/neighbor_acc_max": 85.56076077688083, "summary/neighbor_acc_mean": 83.64151947200712, "_wandb": {"runtime": 975}}