{"gradients/prompt_learner.cluster_ctx": {"_type": "histogram", "values": [1.0, 0.0, 0.0, 0.0, 0.0, 0.0, 0.0, 0.0, 0.0, 0.0, 0.0, 0.0, 0.0, 0.0, 0.0, 0.0, 0.0, 0.0, 0.0, 0.0, 0.0, 0.0, 0.0, 0.0, 0.0, 0.0, 0.0, 0.0, 0.0, 1.0, 0.0, 1.0, 1.0, 0.0, 0.0, 3.0, 4.0, 5.0, 11.0, 29.0, 78.0, 157.0, 391.0, 714.0, 1238.0, 1588.0, 1527.0, 1081.0, 746.0, 339.0, 170.0, 55.0, 22.0, 12.0, 8.0, 2.0, 3.0, 1.0, 2.0, 1.0, 0.0, 0.0, 0.0, 1.0], "bins": [-2.8466577529907227, -2.7846903800964355, -2.7227232456207275, -2.6607558727264404, -2.5987887382507324, -2.5368213653564453, -2.4748542308807373, -2.41288685798645, -2.350919723510742, -2.288952350616455, -2.226985216140747, -2.16501784324646, -2.103050470352173, -2.041083335876465, -1.9791160821914673, -1.9171488285064697, -1.8551814556121826, -1.793214201927185, -1.7312469482421875, -1.66927969455719, -1.6073124408721924, -1.5453451871871948, -1.4833779335021973, -1.4214106798171997, -1.3594434261322021, -1.2974761724472046, -1.235508918762207, -1.17354154586792, -1.1115742921829224, -1.0496070384979248, -0.9876397848129272, -0.9256725311279297, -0.8637052774429321, -0.8017380237579346, -0.739770770072937, -0.6778034567832947, -0.6158362030982971, -0.5538689494132996, -0.491901695728302, -0.42993441224098206, -0.3679671585559845, -0.30599990487098694, -0.244032621383667, -0.18206536769866943, -0.12009809911251068, -0.05813083425164223, 0.003836430609226227, 0.06580369174480438, 0.12777096033096313, 0.1897382289171219, 0.25170549750328064, 0.3136727511882782, 0.37564003467559814, 0.4376072883605957, 0.49957454204559326, 0.5615417957305908, 0.6235090494155884, 0.6854763627052307, 0.7474436163902283, 0.8094108700752258, 0.8713781237602234, 0.933345377445221, 0.9953126907348633, 1.0572799444198608, 1.1192471981048584]}, "_timestamp": 1763646474.214453, "gradients/prompt_learner.global_ctx": {"_type": "histogram", "values": [1.0, 0.0, 0.0, 0.0, 0.0, 0.0, 0.0, 0.0, 0.0, 0.0, 0.0, 0.0, 0.0, 0.0, 0.0, 0.0, 0.0, 0.0, 0.0, 0.0, 0.0, 0.0, 0.0, 0.0, 0.0, 0.0, 0.0, 0.0, 0.0, 1.0, 0.0, 1.0, 1.0, 0.0, 0.0, 3.0, 4.0, 5.0, 11.0, 29.0, 78.0, 157.0, 391.0, 714.0, 1238.0, 1588.0, 1527.0, 1081.0, 746.0, 339.0, 170.0, 55.0, 22.0, 12.0, 8.0, 2.0, 3.0, 1.0, 2.0, 1.0, 0.0, 0.0, 0.0, 1.0], "bins": [-5.693315505981445, -5.569380760192871, -5.445446491241455, -5.321511745452881, -5.197577476501465, -5.073642730712891, -4.949708461761475, -4.8257737159729, -4.701839447021484, -4.57790470123291, -4.453970432281494, -4.33003568649292, -4.206100940704346, -4.08216667175293, -3.9582321643829346, -3.8342976570129395, -3.7103629112243652, -3.58642840385437, -3.462493896484375, -3.33855938911438, -3.2146248817443848, -3.0906903743743896, -2.9667558670043945, -2.8428213596343994, -2.7188868522644043, -2.594952344894409, -2.471017837524414, -2.34708309173584, -2.2231485843658447, -2.0992140769958496, -1.9752795696258545, -1.8513450622558594, -1.7274105548858643, -1.6034760475158691, -1.479541540145874, -1.3556069135665894, -1.2316724061965942, -1.1077378988265991, -0.983803391456604, -0.8598688244819641, -0.735934317111969, -0.6119998097419739, -0.488065242767334, -0.36413073539733887, -0.24019619822502136, -0.11626166850328445, 0.007672861218452454, 0.13160738348960876, 0.25554192066192627, 0.3794764578342438, 0.5034109950065613, 0.6273455023765564, 0.7512800693511963, 0.8752145767211914, 0.9991490840911865, 1.1230835914611816, 1.2470180988311768, 1.3709527254104614, 1.4948872327804565, 1.6188217401504517, 1.7427562475204468, 1.866690754890442, 1.9906253814697266, 2.1145598888397217, 2.238494396209717]}, "gradients/prompt_learner.local_u_ctx": {"_type": "histogram", "values": [1.0, 0.0, 0.0, 0.0, 0.0, 0.0, 0.0, 0.0, 1.0, 0.0, 0.0, 1.0, 0.0, 2.0, 0.0, 0.0, 2.0, 1.0, 2.0, 3.0, 1.0, 2.0, 2.0, 2.0, 5.0, 3.0, 3.0, 8.0, 5.0, 3.0, 5.0, 5.0, 4.0, 7.0, 7.0, 2.0, 5.0, 6.0, 5.0, 3.0, 5.0, 5.0, 3.0, 4.0, 5.0, 1.0, 1.0, 1.0, 1.0, 1.0, 0.0, 1.0, 1.0, 0.0, 0.0, 1.0, 0.0, 0.0, 0.0, 0.0, 0.0, 0.0, 1.0, 1.0], "bins": [-0.8243883848190308, -0.799413800239563, -0.77443927526474, -0.749464750289917, -0.7244901657104492, -0.6995155811309814, -0.6745410561561584, -0.6495665311813354, -0.6245919466018677, -0.5996173620223999, -0.5746428370475769, -0.5496683120727539, -0.5246937274932861, -0.49971917271614075, -0.47474461793899536, -0.44977006316185, -0.4247955083847046, -0.3998209536075592, -0.3748463988304138, -0.34987184405326843, -0.32489728927612305, -0.29992273449897766, -0.2749481797218323, -0.2499736249446869, -0.2249990701675415, -0.20002451539039612, -0.17504996061325073, -0.15007540583610535, -0.12510085105895996, -0.10012629628181458, -0.07515174150466919, -0.050177186727523804, -0.025202691555023193, -0.00022813677787780762, 0.024746417999267578, 0.049720972776412964, 0.07469552755355835, 0.09967008233070374, 0.12464463710784912, 0.1496191918849945, 0.1745937466621399, 0.19956830143928528, 0.22454285621643066, 0.24951741099357605, 0.27449196577072144, 0.2994665205478668, 0.3244410753250122, 0.3494156301021576, 0.374390184879303, 0.39936473965644836, 0.42433929443359375, 0.44931384921073914, 0.4742884039878845, 0.4992629587650299, 0.5242375135421753, 0.5492120981216431, 0.5741866230964661, 0.5991611480712891, 0.6241357326507568, 0.6491103172302246, 0.6740848422050476, 0.6990593671798706, 0.7240339517593384, 0.7490085363388062, 0.7739830613136292]}, "gradients/prompt_learner.local_v_ctx": {"_type": "histogram", "values": [1.0, 0.0, 0.0, 0.0, 0.0, 0.0, 0.0, 0.0, 0.0, 0.0, 1.0, 0.0, 0.0, 0.0, 0.0, 0.0, 1.0, 0.0, 1.0, 3.0, 0.0, 7.0, 14.0, 26.0, 53.0, 125.0, 218.0, 328.0, 513.0, 572.0, 613.0, 543.0, 444.0, 291.0, 181.0, 73.0, 44.0, 19.0, 15.0, 7.0, 1.0, 0.0, 0.0, 0.0, 0.0, 0.0, 0.0, 1.0, 0.0, 0.0, 0.0, 0.0, 0.0, 0.0, 0.0, 0.0, 0.0, 0.0, 0.0, 0.0, 0.0, 0.0, 0.0, 1.0], "bins": [-2.843736171722412, -2.749887466430664, -2.656038761138916, -2.562189817428589, -2.468341112136841, -2.3744924068450928, -2.2806437015533447, -2.1867947578430176, -2.0929460525512695, -1.9990973472595215, -1.9052486419677734, -1.8113998174667358, -1.7175511121749878, -1.6237022876739502, -1.5298535823822021, -1.4360047578811646, -1.3421560525894165, -1.2483073472976685, -1.1544585227966309, -1.0606098175048828, -0.9667609930038452, -0.8729122877120972, -0.7790635228157043, -0.6852147579193115, -0.5913659930229187, -0.4975172281265259, -0.40366846323013306, -0.3098197281360626, -0.2159709632396698, -0.12212220579385757, -0.02827344834804535, 0.06557530909776688, 0.1594240665435791, 0.2532728314399719, 0.34712159633636475, 0.4409703314304352, 0.5348191261291504, 0.6286678314208984, 0.7225165963172913, 0.8163653612136841, 0.9102141261100769, 1.0040628910064697, 1.0979115962982178, 1.1917604207992554, 1.2856091260910034, 1.379457950592041, 1.473306655883789, 1.5671554803848267, 1.6610041856765747, 1.7548528909683228, 1.8487017154693604, 1.9425504207611084, 2.0363991260528564, 2.1302480697631836, 2.2240967750549316, 2.3179454803466797, 2.4117941856384277, 2.505642890930176, 2.599491834640503, 2.693340539932251, 2.787189245223999, 2.881037950515747, 2.974886894226074, 3.0687355995178223, 3.1625843048095703]}, "_runtime": 55.40721297264099, "_step": 0}