{"train/epoch": 30, "train/avg_acc": 75.9375, "train/duration_sec": 5.353216171264648, "_timestamp": 1763671146.4143388, "_runtime": 1138.1070809364319, "_step": 30, "gradients/prompt_learner.global_ctx": {"_type": "histogram", "values": [1.0, 0.0, 0.0, 0.0, 1.0, 0.0, 0.0, 0.0, 0.0, 0.0, 0.0, 0.0, 0.0, 1.0, 2.0, 1.0, 0.0, 1.0, 2.0, 3.0, 8.0, 4.0, 13.0, 18.0, 25.0, 41.0, 61.0, 79.0, 122.0, 172.0, 247.0, 273.0, 416.0, 522.0, 590.0, 703.0, 770.0, 749.0, 674.0, 606.0, 498.0, 446.0, 311.0, 242.0, 191.0, 135.0, 67.0, 67.0, 53.0, 22.0, 18.0, 14.0, 3.0, 7.0, 2.0, 1.0, 0.0, 2.0, 4.0, 1.0, 1.0, 1.0, 0.0, 1.0], "bins": [-0.4831330478191376, -0.4700985848903656, -0.45706409215927124, -0.44402962923049927, -0.4309951663017273, -0.41796067357063293, -0.40492621064186096, -0.391891747713089, -0.37885725498199463, -0.36582279205322266, -0.3527883291244507, -0.3397538661956787, -0.32671937346458435, -0.3136849105358124, -0.3006504476070404, -0.28761595487594604, -0.2745814919471741, -0.2615470290184021, -0.24851255118846893, -0.23547807335853577, -0.2224436104297638, -0.20940913259983063, -0.19637465476989746, -0.1833401918411255, -0.17030571401119232, -0.15727123618125916, -0.14423677325248718, -0.13120229542255402, -0.11816782504320145, -0.10513335466384888, -0.09209887683391571, -0.07906440645456314, -0.06602996587753296, -0.05299549549818039, -0.03996102139353752, -0.026926549151539803, -0.013892076909542084, -0.0008576046675443649, 0.012176867574453354, 0.025211339816451073, 0.03824581205844879, 0.05128028243780136, 0.06431475281715393, 0.0773492306470871, 0.09038370102643967, 0.10341817140579224, 0.1164526492357254, 0.12948711216449738, 0.14252158999443054, 0.1555560678243637, 0.16859053075313568, 0.18162500858306885, 0.19465947151184082, 0.207693949341774, 0.22072842717170715, 0.23376289010047913, 0.2467973679304123, 0.25983184576034546, 0.27286630868911743, 0.2859007716178894, 0.29893526434898376, 0.31196972727775574, 0.3250041902065277, 0.33803868293762207, 0.35107314586639404]}, "gradients/prompt_learner.local_u_ctx": {"_type": "histogram", "values": [1.0, 1.0, 0.0, 0.0, 0.0, 0.0, 0.0, 1.0, 1.0, 0.0, 0.0, 0.0, 2.0, 0.0, 0.0, 0.0, 1.0, 0.0, 0.0, 1.0, 0.0, 0.0, 0.0, 1.0, 3.0, 2.0, 2.0, 0.0, 0.0, 1.0, 1.0, 1.0, 1.0, 1.0, 0.0, 0.0, 0.0, 0.0, 0.0, 1.0, 1.0, 1.0, 0.0, 0.0, 1.0, 1.0, 0.0, 1.0, 1.0, 0.0, 0.0, 2.0, 0.0, 1.0, 0.0, 0.0, 0.0, 0.0, 0.0, 0.0, 0.0, 0.0, 0.0, 1.0], "bins": [-0.09389980137348175, -0.0907544493675232, -0.08760909736156464, -0.08446373790502548, -0.08131838589906693, -0.07817303389310837, -0.07502768188714981, -0.07188232988119125, -0.0687369704246521, -0.06559161841869354, -0.062446266412734985, -0.05930091440677643, -0.05615556240081787, -0.053010206669569016, -0.04986485466361046, -0.0467194989323616, -0.043574146926403046, -0.04042879492044449, -0.03728343918919563, -0.034138087183237076, -0.03099273331463337, -0.027847379446029663, -0.024702027440071106, -0.0215566735714674, -0.018411319702863693, -0.015265965834259987, -0.012120612896978855, -0.008975259959697723, -0.005829906091094017, -0.002684552688151598, 0.0004608007147908211, 0.00360615411773324, 0.006751507520675659, 0.009896861389279366, 0.013042214326560497, 0.01618756726384163, 0.019332921132445335, 0.022478275001049042, 0.0256236270070076, 0.028768980875611305, 0.03191433474421501, 0.03505968675017357, 0.038205042481422424, 0.04135039448738098, 0.04449574649333954, 0.047641102224588394, 0.05078645423054695, 0.05393180996179581, 0.057077161967754364, 0.06022251397371292, 0.06336786597967148, 0.06651322543621063, 0.06965857744216919, 0.07280392944812775, 0.0759492814540863, 0.07909463346004486, 0.08223998546600342, 0.08538534492254257, 0.08853069692850113, 0.09167604893445969, 0.09482140094041824, 0.0979667529463768, 0.10111211240291595, 0.10425746440887451, 0.10740281641483307]}, "gradients/prompt_learner.local_v_ctx": {"_type": "histogram", "values": [3.0, 0.0, 0.0, 0.0, 0.0, 1.0, 0.0, 0.0, 0.0, 0.0, 2.0, 1.0, 2.0, 0.0, 2.0, 5.0, 1.0, 5.0, 6.0, 10.0, 11.0, 9.0, 15.0, 17.0, 22.0, 28.0, 28.0, 22.0, 32.0, 42.0, 40.0, 38.0, 42.0, 41.0, 40.0, 61.0, 50.0, 46.0, 43.0, 40.0, 32.0, 43.0, 29.0, 31.0, 29.0, 22.0, 23.0, 17.0, 19.0, 14.0, 9.0, 13.0, 10.0, 7.0, 4.0, 3.0, 4.0, 2.0, 2.0, 0.0, 1.0, 1.0, 2.0, 2.0], "bins": [-0.24304652214050293, -0.23625952005386353, -0.22947251796722412, -0.22268551588058472, -0.2158985286951065, -0.2091115266084671, -0.2023245245218277, -0.1955375224351883, -0.1887505203485489, -0.18196351826190948, -0.17517653107643127, -0.16838952898979187, -0.16160252690315247, -0.15481552481651306, -0.14802852272987366, -0.14124152064323425, -0.13445451855659485, -0.12766753137111664, -0.12088052928447723, -0.11409352719783783, -0.10730652511119843, -0.10051953047513962, -0.09373252838850021, -0.08694552630186081, -0.080158531665802, -0.0733715295791626, -0.0665845274925232, -0.05979752913117409, -0.05301053076982498, -0.04622352868318558, -0.03943653032183647, -0.03264952823519707, -0.02586252987384796, -0.019075529649853706, -0.012288530357182026, -0.005501530598849058, 0.0012854691594839096, 0.008072469383478165, 0.014859468676149845, 0.021646467968821526, 0.02843346819281578, 0.035220466554164886, 0.04200746864080429, 0.0487944670021534, 0.0555814653635025, 0.06236846745014191, 0.06915546953678131, 0.07594246417284012, 0.08272946625947952, 0.08951646834611893, 0.09630346298217773, 0.10309046506881714, 0.10987746715545654, 0.11666446179151535, 0.12345146387815475, 0.13023845851421356, 0.13702546060085297, 0.14381246268749237, 0.15059946477413177, 0.15738646686077118, 0.16417346894741058, 0.1709604561328888, 0.1777474582195282, 0.1845344603061676, 0.191321462392807]}, "test/epoch": 30, "test/local_acc_avg": 83.05451651961938, "test/duration_sec": 320.44168496131897, "test/neighbor_acc_avg": 81.5392894810471, "summary/local_acc_max": 83.05451651961938, "summary/local_acc_mean": 81.36591112663932, "summary/neighbor_acc_max": 81.5392894810471, "summary/neighbor_acc_mean": 79.86032921587207, "_wandb": {"runtime": 1137}}