{"train/epoch": 30, "train/avg_acc": 61.294642857142854, "train/duration_sec": 18.879499435424805, "_timestamp": 1763666914.4097307, "_runtime": 970.0254416465759, "_step": 30, "gradients/prompt_learner.global_ctx": {"_type": "histogram", "values": [1.0, 0.0, 0.0, 0.0, 0.0, 0.0, 0.0, 0.0, 0.0, 0.0, 1.0, 0.0, 2.0, 2.0, 2.0, 3.0, 1.0, 1.0, 3.0, 4.0, 3.0, 4.0, 10.0, 12.0, 11.0, 19.0, 16.0, 33.0, 30.0, 37.0, 80.0, 131.0, 169.0, 301.0, 437.0, 646.0, 908.0, 1127.0, 1115.0, 910.0, 691.0, 518.0, 306.0, 200.0, 130.0, 92.0, 45.0, 47.0, 37.0, 21.0, 16.0, 16.0, 11.0, 9.0, 9.0, 6.0, 2.0, 7.0, 2.0, 3.0, 2.0, 1.0, 0.0, 2.0], "bins": [-5.713817596435547, -5.563978672027588, -5.414139747619629, -5.264300346374512, -5.114461421966553, -4.964622497558594, -4.814783573150635, -4.664944648742676, -4.515105247497559, -4.3652663230896, -4.215427398681641, -4.065588474273682, -3.9157495498657227, -3.7659103870391846, -3.6160714626312256, -3.4662322998046875, -3.3163933753967285, -3.1665544509887695, -3.0167152881622314, -2.8668763637542725, -2.7170372009277344, -2.5671982765197754, -2.4173593521118164, -2.2675201892852783, -2.1176812648773193, -1.9678422212600708, -1.8180031776428223, -1.6681642532348633, -1.5183252096176147, -1.3684861660003662, -1.2186472415924072, -1.0688081979751587, -0.9189691543579102, -0.7691301107406616, -0.6192911267280579, -0.4694521129131317, -0.31961309909820557, -0.16977408528327942, -0.01993507146835327, 0.12990394234657288, 0.279742956161499, 0.42958196997642517, 0.5794209837913513, 0.7292599678039551, 0.8790990114212036, 1.0289380550384521, 1.1787769794464111, 1.3286160230636597, 1.4784550666809082, 1.6282941102981567, 1.7781331539154053, 1.9279720783233643, 2.0778112411499023, 2.2276501655578613, 2.3774890899658203, 2.5273282527923584, 2.6771671772003174, 2.8270061016082764, 2.9768452644348145, 3.1266841888427734, 3.2765231132507324, 3.4263622760772705, 3.5762012004852295, 3.7260403633117676, 3.8758792877197266]}, "gradients/prompt_learner.local_u_ctx": {"_type": "histogram", "values": [1.0, 0.0, 0.0, 1.0, 0.0, 0.0, 0.0, 0.0, 0.0, 2.0, 1.0, 0.0, 1.0, 1.0, 0.0, 0.0, 1.0, 1.0, 3.0, 4.0, 0.0, 3.0, 7.0, 3.0, 4.0, 4.0, 2.0, 13.0, 13.0, 6.0, 5.0, 6.0, 7.0, 7.0, 1.0, 6.0, 7.0, 1.0, 3.0, 1.0, 0.0, 6.0, 0.0, 1.0, 0.0, 1.0, 0.0, 0.0, 0.0, 1.0, 0.0, 1.0, 0.0, 1.0, 0.0, 0.0, 0.0, 0.0, 1.0, 0.0, 0.0, 0.0, 0.0, 1.0], "bins": [-1.8721433877944946, -1.8098437786102295, -1.747544288635254, -1.6852446794509888, -1.6229450702667236, -1.5606454610824585, -1.4983458518981934, -1.4360463619232178, -1.3737467527389526, -1.3114471435546875, -1.249147653579712, -1.1868480443954468, -1.1245484352111816, -1.0622488260269165, -0.9999492764472961, -0.9376497268676758, -0.8753501176834106, -0.8130505084991455, -0.7507509589195251, -0.6884514093399048, -0.6261518001556396, -0.5638521909713745, -0.5015526413917542, -0.4392530620098114, -0.37695348262786865, -0.3146539032459259, -0.25235432386398315, -0.1900547444820404, -0.12775516510009766, -0.06545558571815491, -0.003156006336212158, 0.05914357304573059, 0.12144303321838379, 0.18374261260032654, 0.2460421919822693, 0.30834177136421204, 0.3706413507461548, 0.43294093012809753, 0.4952405095100403, 0.5575400590896606, 0.6198396682739258, 0.6821392774581909, 0.7444388270378113, 0.8067383766174316, 0.8690379858016968, 0.9313375949859619, 0.9936371445655823, 1.0559366941452026, 1.1182363033294678, 1.180535912513733, 1.242835521697998, 1.3051350116729736, 1.3674346208572388, 1.429734230041504, 1.4920337200164795, 1.5543333292007446, 1.6166329383850098, 1.678932547569275, 1.74123215675354, 1.8035316467285156, 1.8658312559127808, 1.928130865097046, 1.9904303550720215, 2.052730083465576, 2.1150295734405518]}, "gradients/prompt_learner.local_v_ctx": {"_type": "histogram", "values": [1.0, 1.0, 4.0, 3.0, 2.0, 6.0, 2.0, 7.0, 14.0, 13.0, 13.0, 19.0, 25.0, 42.0, 45.0, 55.0, 71.0, 118.0, 135.0, 203.0, 253.0, 278.0, 318.0, 372.0, 341.0, 337.0, 296.0, 222.0, 214.0, 161.0, 136.0, 101.0, 75.0, 64.0, 43.0, 24.0, 19.0, 17.0, 14.0, 3.0, 9.0, 6.0, 3.0, 5.0, 0.0, 3.0, 0.0, 1.0, 0.0, 0.0, 0.0, 1.0, 0.0, 0.0, 0.0, 0.0, 0.0, 0.0, 0.0, 0.0, 0.0, 0.0, 0.0, 1.0], "bins": [-3.0468945503234863, -2.9209773540496826, -2.795060396194458, -2.6691431999206543, -2.5432260036468506, -2.417309045791626, -2.2913918495178223, -2.1654746532440186, -2.039557456970215, -1.9136404991149902, -1.7877233028411865, -1.6618062257766724, -1.5358891487121582, -1.4099719524383545, -1.2840548753738403, -1.1581376791000366, -1.0322206020355225, -0.9063034653663635, -0.7803863286972046, -0.6544692516326904, -0.5285521149635315, -0.40263497829437256, -0.276717871427536, -0.15080074965953827, -0.024883627891540527, 0.10103349387645721, 0.22695061564445496, 0.3528677225112915, 0.47878485918045044, 0.6047019958496094, 0.7306190729141235, 0.8565362095832825, 0.9824533462524414, 1.1083704233169556, 1.2342876195907593, 1.3602046966552734, 1.4861218929290771, 1.6120389699935913, 1.7379560470581055, 1.8638732433319092, 1.9897903203964233, 2.1157073974609375, 2.241624593734741, 2.367541790008545, 2.4934587478637695, 2.6193759441375732, 2.745293140411377, 2.8712100982666016, 2.9971272945404053, 3.123044490814209, 3.2489614486694336, 3.3748786449432373, 3.500795841217041, 3.6267127990722656, 3.7526299953460693, 3.878547191619873, 4.004464149475098, 4.1303815841674805, 4.256298542022705, 4.38221549987793, 4.5081329345703125, 4.634049892425537, 4.759966850280762, 4.8858842849731445, 5.011801242828369]}, "test/epoch": 30, "test/local_acc_avg": 79.93708979388735, "test/duration_sec": 136.8912742137909, "test/neighbor_acc_avg": 77.58575518069742, "summary/local_acc_max": 79.93708979388735, "summary/local_acc_mean": 70.32057232643582, "summary/neighbor_acc_max": 77.58575518069742, "summary/neighbor_acc_mean": 70.01986162201415, "_wandb": {"runtime": 968}}