{"train/epoch": 30, "train/avg_acc": 75.46875, "train/duration_sec": 5.445918798446655, "_timestamp": 1763671119.9294748, "_runtime": 1175.5921468734741, "_step": 30, "gradients/prompt_learner.global_ctx": {"_type": "histogram", "values": [1.0, 0.0, 0.0, 0.0, 0.0, 0.0, 0.0, 0.0, 0.0, 0.0, 0.0, 0.0, 1.0, 0.0, 0.0, 1.0, 1.0, 1.0, 0.0, 0.0, 0.0, 1.0, 3.0, 7.0, 13.0, 25.0, 41.0, 53.0, 105.0, 180.0, 240.0, 342.0, 537.0, 720.0, 826.0, 923.0, 953.0, 861.0, 651.0, 557.0, 402.0, 244.0, 192.0, 116.0, 74.0, 53.0, 38.0, 12.0, 8.0, 5.0, 2.0, 1.0, 0.0, 0.0, 0.0, 0.0, 0.0, 0.0, 0.0, 0.0, 1.0, 0.0, 0.0, 1.0], "bins": [-0.8088802099227905, -0.7864726185798645, -0.7640650272369385, -0.7416574358940125, -0.7192498445510864, -0.6968422532081604, -0.6744346618652344, -0.6520270705223083, -0.6296194791793823, -0.6072118878364563, -0.5848042964935303, -0.5623967051506042, -0.5399891138076782, -0.5175815224647522, -0.49517393112182617, -0.47276633977890015, -0.4503587484359741, -0.4279511570930481, -0.40554356575012207, -0.38313597440719604, -0.36072838306427, -0.338320791721344, -0.31591320037841797, -0.29350560903549194, -0.2710980176925659, -0.2486904263496399, -0.22628283500671387, -0.20387524366378784, -0.18146765232086182, -0.1590600609779358, -0.13665246963500977, -0.11424487829208374, -0.09183728694915771, -0.06942969560623169, -0.047022104263305664, -0.02461451292037964, -0.0022069215774536133, 0.020200669765472412, 0.04260826110839844, 0.06501585245132446, 0.08742344379425049, 0.10983103513717651, 0.13223862648010254, 0.15464621782302856, 0.1770538091659546, 0.19946140050888062, 0.22186899185180664, 0.24427658319473267, 0.2666841745376587, 0.2890917658805847, 0.31149935722351074, 0.33390694856643677, 0.3563145399093628, 0.3787221312522888, 0.40112972259521484, 0.42353731393814087, 0.4459449052810669, 0.4683524966239929, 0.49076008796691895, 0.513167679309845, 0.535575270652771, 0.557982861995697, 0.580390453338623, 0.6027980446815491, 0.6252056360244751]}, "gradients/prompt_learner.local_u_ctx": {"_type": "histogram", "values": [1.0, 0.0, 0.0, 0.0, 0.0, 0.0, 0.0, 0.0, 0.0, 0.0, 0.0, 0.0, 0.0, 0.0, 0.0, 0.0, 0.0, 0.0, 0.0, 0.0, 0.0, 0.0, 0.0, 0.0, 0.0, 0.0, 0.0, 0.0, 0.0, 0.0, 0.0, 0.0, 0.0, 0.0, 1.0, 0.0, 0.0, 1.0, 0.0, 1.0, 0.0, 0.0, 1.0, 1.0, 1.0, 3.0, 1.0, 0.0, 1.0, 0.0, 0.0, 0.0, 0.0, 0.0, 0.0, 2.0, 0.0, 0.0, 0.0, 0.0, 1.0, 0.0, 0.0, 1.0], "bins": [-0.18962344527244568, -0.1849309653043747, -0.1802384853363037, -0.17554599046707153, -0.17085351049900055, -0.16616103053092957, -0.16146855056285858, -0.1567760705947876, -0.15208357572555542, -0.14739109575748444, -0.14269861578941345, -0.13800613582134247, -0.13331365585327148, -0.1286211758852005, -0.12392868846654892, -0.11923620104789734, -0.11454372107982635, -0.10985124111175537, -0.10515875369310379, -0.1004662737250328, -0.09577378630638123, -0.09108130633831024, -0.08638882637023926, -0.08169633895158768, -0.0770038589835167, -0.07231137901544571, -0.06761889159679413, -0.06292641162872314, -0.05823392793536186, -0.05354144424200058, -0.048848964273929596, -0.044156480580568314, -0.039464011788368225, -0.03477152809500694, -0.03007904626429081, -0.025386564433574677, -0.020694080740213394, -0.016001597046852112, -0.011309115216135979, -0.006616632454097271, -0.0019241496920585632, 0.0027683330699801445, 0.007460815832018852, 0.01215329859405756, 0.016845781356096268, 0.02153826504945755, 0.026230746880173683, 0.030923228710889816, 0.0356157124042511, 0.04030819609761238, 0.04500067979097366, 0.04969315975904465, 0.05438564345240593, 0.05907812714576721, 0.0637706071138382, 0.06846309453248978, 0.07315557450056076, 0.07784805446863174, 0.08254054188728333, 0.08723302185535431, 0.09192550182342529, 0.09661798924207687, 0.10131046921014786, 0.10600295662879944, 0.11069543659687042]}, "gradients/prompt_learner.local_v_ctx": {"_type": "histogram", "values": [1.0, 0.0, 0.0, 1.0, 2.0, 0.0, 0.0, 0.0, 1.0, 1.0, 1.0, 0.0, 0.0, 4.0, 6.0, 3.0, 5.0, 3.0, 11.0, 11.0, 14.0, 10.0, 11.0, 11.0, 10.0, 14.0, 12.0, 16.0, 23.0, 21.0, 23.0, 14.0, 17.0, 22.0, 19.0, 19.0, 20.0, 13.0, 19.0, 21.0, 13.0, 12.0, 13.0, 17.0, 10.0, 12.0, 5.0, 5.0, 11.0, 4.0, 9.0, 6.0, 4.0, 2.0, 0.0, 2.0, 2.0, 2.0, 0.0, 1.0, 0.0, 2.0, 0.0, 1.0], "bins": [-0.33565860986709595, -0.32562553882598877, -0.3155924379825592, -0.305559366941452, -0.29552626609802246, -0.2854931950569153, -0.2754601240158081, -0.26542702317237854, -0.25539395213127136, -0.245360866189003, -0.23532778024673462, -0.22529470920562744, -0.21526162326335907, -0.2052285373210907, -0.19519546627998352, -0.18516238033771515, -0.17512929439544678, -0.1650962084531784, -0.15506312251091003, -0.14503005146980286, -0.13499696552753448, -0.12496387958526611, -0.11493080109357834, -0.10489772260189056, -0.09486463665962219, -0.08483155071735382, -0.07479847222566605, -0.06476539373397827, -0.0547323077917099, -0.04469922557473183, -0.034666143357753754, -0.02463306114077568, -0.014599978923797607, -0.004566896706819534, 0.005466185510158539, 0.015499267727136612, 0.025532349944114685, 0.03556543216109276, 0.04559851437807083, 0.055631596595048904, 0.06566467881202698, 0.07569776475429535, 0.08573084324598312, 0.0957639217376709, 0.10579700767993927, 0.11583009362220764, 0.12586316466331482, 0.1358962506055832, 0.14592933654785156, 0.15596242249011993, 0.1659955084323883, 0.17602857947349548, 0.18606166541576385, 0.19609475135803223, 0.2061278223991394, 0.21616090834140778, 0.22619399428367615, 0.23622708022594452, 0.2462601661682129, 0.25629323720932007, 0.26632630825042725, 0.2763594090938568, 0.286392480134964, 0.29642558097839355, 0.30645865201950073]}, "test/epoch": 30, "test/local_acc_avg": 83.10325181221279, "test/duration_sec": 324.0193681716919, "test/neighbor_acc_avg": 81.5130512949848, "summary/local_acc_max": 83.10325181221279, "summary/local_acc_mean": 81.45691663556161, "summary/neighbor_acc_max": 81.5130512949848, "summary/neighbor_acc_mean": 79.97521295979503, "_wandb": {"runtime": 1174}}