{"gradients/prompt_learner.global_ctx": {"_type": "histogram", "values": [2.0, 0.0, 0.0, 0.0, 0.0, 1.0, 2.0, 0.0, 0.0, 2.0, 2.0, 4.0, 3.0, 2.0, 6.0, 13.0, 7.0, 25.0, 22.0, 46.0, 54.0, 74.0, 86.0, 111.0, 171.0, 237.0, 305.0, 390.0, 469.0, 591.0, 673.0, 703.0, 704.0, 679.0, 579.0, 504.0, 421.0, 318.0, 230.0, 196.0, 143.0, 113.0, 80.0, 69.0, 41.0, 28.0, 21.0, 18.0, 14.0, 8.0, 7.0, 6.0, 4.0, 4.0, 2.0, 0.0, 1.0, 0.0, 0.0, 0.0, 0.0, 0.0, 0.0, 1.0], "bins": [-2.109973192214966, -2.0444087982177734, -1.978844165802002, -1.9132797718048096, -1.8477152585983276, -1.7821507453918457, -1.7165863513946533, -1.6510218381881714, -1.5854573249816895, -1.5198928117752075, -1.4543282985687256, -1.3887639045715332, -1.3231993913650513, -1.2576348781585693, -1.192070484161377, -1.126505970954895, -1.060941457748413, -0.9953769445419312, -0.929812490940094, -0.8642480373382568, -0.7986835241317749, -0.733119010925293, -0.6675545573234558, -0.6019901037216187, -0.5364255905151367, -0.4708611071109772, -0.4052966237068176, -0.3397321403026581, -0.27416765689849854, -0.208603173494339, -0.14303869009017944, -0.0774742066860199, -0.011909961700439453, 0.05365452170372009, 0.11921900510787964, 0.18478348851203918, 0.25034797191619873, 0.3159124553203583, 0.3814769387245178, 0.44704142212867737, 0.5126059055328369, 0.5781704187393188, 0.643734872341156, 0.7092993259429932, 0.7748638391494751, 0.840428352355957, 0.9059928059577942, 0.9715572595596313, 1.0371217727661133, 1.1026862859725952, 1.1682507991790771, 1.2338151931762695, 1.2993797063827515, 1.3649442195892334, 1.4305086135864258, 1.4960731267929077, 1.5616376399993896, 1.6272021532058716, 1.6927666664123535, 1.758331060409546, 1.8238955736160278, 1.8894600868225098, 1.9550244808197021, 2.0205891132354736, 2.086153507232666]}, "_timestamp": 1763651067.387268, "gradients/prompt_learner.local_ctx": {"_type": "histogram", "values": [2.0, 0.0, 0.0, 0.0, 0.0, 1.0, 2.0, 0.0, 0.0, 2.0, 2.0, 4.0, 3.0, 2.0, 6.0, 13.0, 7.0, 25.0, 22.0, 46.0, 54.0, 74.0, 86.0, 111.0, 171.0, 237.0, 305.0, 390.0, 469.0, 591.0, 673.0, 703.0, 704.0, 679.0, 579.0, 504.0, 421.0, 318.0, 230.0, 196.0, 143.0, 113.0, 80.0, 69.0, 41.0, 28.0, 21.0, 18.0, 14.0, 8.0, 7.0, 6.0, 4.0, 4.0, 2.0, 0.0, 1.0, 0.0, 0.0, 0.0, 0.0, 0.0, 0.0, 1.0], "bins": [-2.109973192214966, -2.0444087982177734, -1.978844165802002, -1.9132797718048096, -1.8477152585983276, -1.7821507453918457, -1.7165863513946533, -1.6510218381881714, -1.5854573249816895, -1.5198928117752075, -1.4543282985687256, -1.3887639045715332, -1.3231993913650513, -1.2576348781585693, -1.192070484161377, -1.126505970954895, -1.060941457748413, -0.9953769445419312, -0.929812490940094, -0.8642480373382568, -0.7986835241317749, -0.733119010925293, -0.6675545573234558, -0.6019901037216187, -0.5364255905151367, -0.4708611071109772, -0.4052966237068176, -0.3397321403026581, -0.27416765689849854, -0.208603173494339, -0.14303869009017944, -0.0774742066860199, -0.011909961700439453, 0.05365452170372009, 0.11921900510787964, 0.18478348851203918, 0.25034797191619873, 0.3159124553203583, 0.3814769387245178, 0.44704142212867737, 0.5126059055328369, 0.5781704187393188, 0.643734872341156, 0.7092993259429932, 0.7748638391494751, 0.840428352355957, 0.9059928059577942, 0.9715572595596313, 1.0371217727661133, 1.1026862859725952, 1.1682507991790771, 1.2338151931762695, 1.2993797063827515, 1.3649442195892334, 1.4305086135864258, 1.4960731267929077, 1.5616376399993896, 1.6272021532058716, 1.6927666664123535, 1.758331060409546, 1.8238955736160278, 1.8894600868225098, 1.9550244808197021, 2.0205891132354736, 2.086153507232666]}, "_runtime": 238.37594604492188, "_step": 3, "train/epoch": 3, "train/avg_acc": 35.375, "train/duration_sec": 57.49332284927368}