{"train/epoch": 30, "train/avg_acc": 67.1875, "train/duration_sec": 18.806567668914795, "_timestamp": 1763669990.9255812, "_runtime": 969.4293451309204, "_step": 30, "gradients/prompt_learner.cluster_ctx": {"_type": "histogram", "values": [1.0, 0.0, 0.0, 0.0, 0.0, 0.0, 1.0, 0.0, 0.0, 0.0, 0.0, 1.0, 1.0, 0.0, 1.0, 3.0, 3.0, 3.0, 4.0, 10.0, 10.0, 24.0, 32.0, 41.0, 47.0, 71.0, 86.0, 122.0, 146.0, 187.0, 210.0, 290.0, 322.0, 458.0, 462.0, 533.0, 573.0, 595.0, 614.0, 569.0, 521.0, 406.0, 360.0, 335.0, 280.0, 198.0, 152.0, 140.0, 84.0, 73.0, 50.0, 49.0, 29.0, 22.0, 21.0, 14.0, 8.0, 10.0, 5.0, 4.0, 3.0, 4.0, 1.0, 3.0], "bins": [-0.491940975189209, -0.47891104221343994, -0.4658811092376709, -0.45285114645957947, -0.4398212134838104, -0.4267912805080414, -0.41376134753227234, -0.4007313847541809, -0.38770145177841187, -0.3746715188026428, -0.3616415858268738, -0.34861165285110474, -0.3355816900730133, -0.32255175709724426, -0.3095218241214752, -0.2964918911457062, -0.28346192836761475, -0.2704319953918457, -0.25740206241607666, -0.24437212944030762, -0.23134218156337738, -0.21831224858760834, -0.2052823007106781, -0.19225236773490906, -0.17922243475914001, -0.16619248688220978, -0.15316255390644073, -0.1401326060295105, -0.12710267305374146, -0.11407273262739182, -0.10104279220104218, -0.08801285177469254, -0.0749829113483429, -0.061952970921993256, -0.048923030495643616, -0.035893093794584274, -0.022863153368234634, -0.009833213873207569, 0.003196725621819496, 0.016226664185523987, 0.029256604611873627, 0.04228654503822327, 0.055316485464572906, 0.06834642589092255, 0.08137635886669159, 0.09440629929304123, 0.10743623971939087, 0.12046618014574051, 0.13349612057209015, 0.1465260535478592, 0.15955600142478943, 0.17258593440055847, 0.1856158822774887, 0.19864581525325775, 0.211675763130188, 0.22470569610595703, 0.23773562908172607, 0.2507655620574951, 0.26379552483558655, 0.2768254578113556, 0.28985539078712463, 0.3028853237628937, 0.3159152865409851, 0.32894521951675415, 0.3419751524925232]}, "gradients/prompt_learner.global_ctx": {"_type": "histogram", "values": [1.0, 0.0, 0.0, 0.0, 0.0, 0.0, 1.0, 0.0, 0.0, 0.0, 0.0, 1.0, 1.0, 0.0, 1.0, 3.0, 3.0, 3.0, 4.0, 10.0, 10.0, 24.0, 32.0, 41.0, 47.0, 71.0, 86.0, 122.0, 146.0, 187.0, 210.0, 290.0, 322.0, 458.0, 462.0, 533.0, 573.0, 595.0, 614.0, 569.0, 521.0, 406.0, 360.0, 335.0, 280.0, 198.0, 152.0, 140.0, 84.0, 73.0, 50.0, 49.0, 29.0, 22.0, 21.0, 14.0, 8.0, 10.0, 5.0, 4.0, 3.0, 4.0, 1.0, 3.0], "bins": [-0.983881950378418, -0.9578220844268799, -0.9317622184753418, -0.9057022929191589, -0.8796424269676208, -0.8535825610160828, -0.8275226950645447, -0.8014627695083618, -0.7754029035568237, -0.7493430376052856, -0.7232831716537476, -0.6972233057022095, -0.6711633801460266, -0.6451035141944885, -0.6190436482429504, -0.5929837822914124, -0.5669238567352295, -0.5408639907836914, -0.5148041248321533, -0.48874425888061523, -0.46268436312675476, -0.4366244971752167, -0.4105646014213562, -0.3845047354698181, -0.35844486951828003, -0.33238497376441956, -0.30632510781288147, -0.280265212059021, -0.2542053461074829, -0.22814546525478363, -0.20208558440208435, -0.17602570354938507, -0.1499658226966858, -0.12390594184398651, -0.09784606099128723, -0.07178618758916855, -0.04572630673646927, -0.019666427746415138, 0.006393451243638992, 0.032453328371047974, 0.05851320922374725, 0.08457309007644653, 0.11063297092914581, 0.1366928517818451, 0.16275271773338318, 0.18881259858608246, 0.21487247943878174, 0.24093236029148102, 0.2669922411441803, 0.2930521070957184, 0.31911200284957886, 0.34517186880111694, 0.3712317645549774, 0.3972916305065155, 0.423351526260376, 0.44941139221191406, 0.47547125816345215, 0.5015311241149902, 0.5275910496711731, 0.5536509156227112, 0.5797107815742493, 0.6057706475257874, 0.6318305730819702, 0.6578904390335083, 0.6839503049850464]}, "gradients/prompt_learner.local_u_ctx": {"_type": "histogram", "values": [1.0, 1.0, 0.0, 0.0, 0.0, 1.0, 1.0, 3.0, 0.0, 0.0, 0.0, 2.0, 1.0, 2.0, 1.0, 4.0, 4.0, 2.0, 5.0, 8.0, 5.0, 5.0, 4.0, 12.0, 10.0, 13.0, 8.0, 14.0, 9.0, 10.0, 7.0, 11.0, 9.0, 6.0, 15.0, 13.0, 5.0, 7.0, 6.0, 10.0, 9.0, 3.0, 5.0, 2.0, 4.0, 3.0, 2.0, 0.0, 1.0, 1.0, 0.0, 4.0, 1.0, 3.0, 1.0, 1.0, 0.0, 0.0, 0.0, 0.0, 0.0, 0.0, 0.0, 1.0], "bins": [-0.4459327161312103, -0.43132418394088745, -0.4167156517505646, -0.4021071195602417, -0.3874985873699188, -0.37289005517959595, -0.35828152298927307, -0.3436729907989502, -0.3290644884109497, -0.31445595622062683, -0.29984742403030396, -0.2852388918399811, -0.2706303596496582, -0.2560218274593353, -0.24141329526901245, -0.22680476307868958, -0.2121962308883667, -0.19758769869804382, -0.18297916650772095, -0.16837063431739807, -0.1537621021270752, -0.1391535848379135, -0.12454505264759064, -0.10993652045726776, -0.09532798826694489, -0.08071945607662201, -0.06611092388629913, -0.051502399146556854, -0.03689386695623398, -0.02228533662855625, -0.007676806300878525, 0.006931724026799202, 0.02154022455215454, 0.03614875674247742, 0.050757285207509995, 0.06536581367254257, 0.07997434586286545, 0.09458287805318832, 0.1091914027929306, 0.12379993498325348, 0.13840846717357635, 0.15301699936389923, 0.1676255315542221, 0.18223406374454498, 0.19684258103370667, 0.21145111322402954, 0.22605964541435242, 0.2406681776046753, 0.25527670979499817, 0.26988524198532104, 0.2844937741756439, 0.2991023063659668, 0.3137108385562897, 0.32831937074661255, 0.3429279029369354, 0.3575364351272583, 0.3721449375152588, 0.38675346970558167, 0.40136200189590454, 0.4159705340862274, 0.4305790662765503, 0.44518759846687317, 0.45979613065719604, 0.4744046628475189, 0.4890131950378418]}, "gradients/prompt_learner.local_v_ctx": {"_type": "histogram", "values": [1.0, 0.0, 0.0, 0.0, 2.0, 1.0, 2.0, 1.0, 5.0, 0.0, 2.0, 1.0, 6.0, 8.0, 20.0, 25.0, 35.0, 32.0, 39.0, 81.0, 79.0, 98.0, 161.0, 167.0, 212.0, 268.0, 290.0, 360.0, 386.0, 443.0, 452.0, 476.0, 440.0, 507.0, 514.0, 452.0, 438.0, 389.0, 322.0, 305.0, 235.0, 194.0, 160.0, 138.0, 110.0, 90.0, 75.0, 38.0, 34.0, 32.0, 15.0, 13.0, 12.0, 6.0, 9.0, 3.0, 2.0, 2.0, 1.0, 0.0, 1.0, 1.0, 0.0, 1.0], "bins": [-0.765413224697113, -0.7421616911888123, -0.7189100980758667, -0.6956585645675659, -0.6724070310592651, -0.6491554379463196, -0.6259039044380188, -0.602652370929718, -0.5794007778167725, -0.5561492443084717, -0.5328977108001709, -0.5096461176872253, -0.48639458417892456, -0.4631430208683014, -0.4398914575576782, -0.41663992404937744, -0.3933883607387543, -0.3701367974281311, -0.3468852639198303, -0.32363370060920715, -0.300382137298584, -0.2771306037902832, -0.25387904047966003, -0.23062747716903687, -0.2073759287595749, -0.18412438035011292, -0.16087281703948975, -0.13762126863002777, -0.1143697127699852, -0.09111815690994263, -0.06786660850048065, -0.04461505264043808, -0.021363496780395508, 0.001888057217001915, 0.025139611214399338, 0.04839116334915161, 0.07164271920919418, 0.09489427506923676, 0.11814582347869873, 0.1413973867893219, 0.16464893519878387, 0.18790048360824585, 0.21115204691886902, 0.234403595328331, 0.25765514373779297, 0.28090670704841614, 0.3041582703590393, 0.3274098038673401, 0.35066136717796326, 0.3739129304885864, 0.3971644639968872, 0.4204160273075104, 0.44366759061813354, 0.4669191241264343, 0.4901706874370575, 0.5134222507476807, 0.5366737842559814, 0.559925377368927, 0.5831769108772278, 0.6064284443855286, 0.6296800374984741, 0.6529315710067749, 0.6761831045150757, 0.6994346976280212, 0.722686231136322]}, "test/epoch": 30, "test/local_acc_avg": 77.50196410958146, "test/duration_sec": 138.6714084148407, "test/neighbor_acc_avg": 75.56767202197344, "summary/local_acc_max": 77.50196410958146, "summary/local_acc_mean": 76.68667795023775, "summary/neighbor_acc_max": 77.6165533699772, "summary/neighbor_acc_mean": 76.7027599238281, "_wandb": {"runtime": 968}}