{"train/epoch": 30, "train/avg_acc": 77.03125, "train/duration_sec": 5.309153318405151, "_timestamp": 1763672283.8408673, "_runtime": 1144.3408393859863, "_step": 30, "gradients/prompt_learner.global_ctx": {"_type": "histogram", "values": [1.0, 0.0, 0.0, 0.0, 0.0, 0.0, 0.0, 0.0, 0.0, 0.0, 0.0, 0.0, 0.0, 1.0, 2.0, 3.0, 7.0, 4.0, 17.0, 18.0, 35.0, 50.0, 70.0, 137.0, 212.0, 336.0, 531.0, 846.0, 1105.0, 1226.0, 1083.0, 872.0, 609.0, 395.0, 253.0, 128.0, 97.0, 54.0, 34.0, 18.0, 7.0, 13.0, 6.0, 6.0, 4.0, 3.0, 1.0, 0.0, 0.0, 0.0, 1.0, 1.0, 0.0, 2.0, 1.0, 0.0, 1.0, 0.0, 0.0, 0.0, 1.0, 0.0, 0.0, 1.0], "bins": [-0.8657606840133667, -0.8365476131439209, -0.8073345422744751, -0.7781214714050293, -0.7489084005355835, -0.7196953296661377, -0.6904822587966919, -0.6612691879272461, -0.6320561170578003, -0.6028430461883545, -0.5736299753189087, -0.5444169044494629, -0.5152038335800171, -0.4859907925128937, -0.4567777216434479, -0.4275646507740021, -0.3983515799045563, -0.3691385090351105, -0.3399254381656647, -0.31071236729621887, -0.28149929642677307, -0.25228622555732727, -0.22307316958904266, -0.19386009871959686, -0.16464702785015106, -0.13543395698070526, -0.10622088611125946, -0.07700782269239426, -0.047794751822948456, -0.018581682816147804, 0.010631386190652847, 0.03984445333480835, 0.06905752420425415, 0.09827059507369995, 0.12748366594314575, 0.15669673681259155, 0.18590980768203735, 0.21512286365032196, 0.24433593451976776, 0.27354902029037476, 0.30276209115982056, 0.33197513222694397, 0.36118820309638977, 0.39040127396583557, 0.41961434483528137, 0.4488274157047272, 0.478040486574173, 0.5072535872459412, 0.5364665985107422, 0.565679669380188, 0.5948927402496338, 0.6241058111190796, 0.6533188819885254, 0.6825319528579712, 0.711745023727417, 0.7409580945968628, 0.7701711654663086, 0.7993842363357544, 0.8285973072052002, 0.857810378074646, 0.8870234489440918, 0.9162365198135376, 0.9454495906829834, 0.9746626615524292, 1.003875732421875]}, "gradients/prompt_learner.local_u_ctx": {"_type": "histogram", "values": [2.0, 0.0, 1.0, 0.0, 1.0, 0.0, 0.0, 1.0, 1.0, 0.0, 0.0, 0.0, 1.0, 2.0, 2.0, 1.0, 1.0, 1.0, 0.0, 1.0, 3.0, 2.0, 1.0, 3.0, 1.0, 2.0, 3.0, 3.0, 4.0, 2.0, 1.0, 6.0, 0.0, 1.0, 0.0, 2.0, 2.0, 2.0, 3.0, 4.0, 1.0, 0.0, 1.0, 0.0, 0.0, 1.0, 0.0, 0.0, 0.0, 0.0, 0.0, 0.0, 0.0, 0.0, 0.0, 0.0, 0.0, 0.0, 0.0, 0.0, 0.0, 0.0, 0.0, 1.0], "bins": [-0.22050580382347107, -0.21319273114204407, -0.20587964355945587, -0.19856657087802887, -0.19125348329544067, -0.18394041061401367, -0.17662733793258667, -0.16931425034999847, -0.16200117766857147, -0.15468810498714447, -0.14737501740455627, -0.14006194472312927, -0.13274887204170227, -0.12543578445911407, -0.11812271177768707, -0.11080963164567947, -0.10349655151367188, -0.09618347138166428, -0.08887039124965668, -0.08155731856822968, -0.07424423843622208, -0.06693115830421448, -0.05961808189749718, -0.05230500549077988, -0.04499192535877228, -0.03767884522676468, -0.03036576882004738, -0.02305269055068493, -0.01573961228132248, -0.00842653401196003, -0.00111345574259758, 0.00619962252676487, 0.013512715697288513, 0.020825793966650963, 0.028138872236013412, 0.03545194864273071, 0.04276502877473831, 0.05007810890674591, 0.05739118531346321, 0.06470426172018051, 0.07201734185218811, 0.07933042198419571, 0.08664350211620331, 0.09395657479763031, 0.10126965492963791, 0.10858273506164551, 0.11589580774307251, 0.12320888787508011, 0.1305219680070877, 0.1378350406885147, 0.1451481282711029, 0.1524612009525299, 0.1597742736339569, 0.1670873612165451, 0.1744004338979721, 0.1817135214805603, 0.1890265941619873, 0.1963396668434143, 0.2036527544260025, 0.2109658271074295, 0.2182789146900177, 0.2255919873714447, 0.2329050600528717, 0.2402181476354599, 0.2475312203168869]}, "gradients/prompt_learner.local_v_ctx": {"_type": "histogram", "values": [1.0, 0.0, 0.0, 0.0, 0.0, 0.0, 0.0, 0.0, 0.0, 0.0, 0.0, 0.0, 0.0, 0.0, 0.0, 0.0, 0.0, 1.0, 1.0, 5.0, 6.0, 10.0, 30.0, 33.0, 53.0, 68.0, 110.0, 143.0, 152.0, 205.0, 199.0, 209.0, 229.0, 168.0, 134.0, 95.0, 74.0, 41.0, 40.0, 15.0, 12.0, 6.0, 0.0, 2.0, 1.0, 0.0, 0.0, 0.0, 1.0, 0.0, 1.0, 0.0, 1.0, 0.0, 0.0, 0.0, 0.0, 0.0, 0.0, 0.0, 0.0, 0.0, 0.0, 2.0], "bins": [-0.7576094269752502, -0.733144223690033, -0.7086790800094604, -0.6842138767242432, -0.6597487330436707, -0.6352835297584534, -0.6108183860778809, -0.5863531827926636, -0.5618880391120911, -0.5374228358268738, -0.5129576921463013, -0.488492488861084, -0.4640273153781891, -0.4395621418952942, -0.4150969684123993, -0.3906317949295044, -0.3661666214466095, -0.3417014479637146, -0.3172362744808197, -0.2927711009979248, -0.2683059275150299, -0.24384073913097382, -0.21937556564807892, -0.19491039216518402, -0.17044521868228912, -0.14598004519939423, -0.12151487171649933, -0.09704969078302383, -0.07258451730012894, -0.04811934381723404, -0.023654166609048843, 0.0008110087364912033, 0.02527618408203125, 0.04974135756492615, 0.07420653104782104, 0.09867171198129654, 0.12313688546419144, 0.14760206639766693, 0.17206723988056183, 0.19653241336345673, 0.22099758684635162, 0.24546276032924652, 0.2699279487133026, 0.2943931221961975, 0.3188582956790924, 0.3433234691619873, 0.3677886426448822, 0.3922538161277771, 0.416718989610672, 0.4411841630935669, 0.4656493365764618, 0.4901145100593567, 0.514579713344574, 0.5390448570251465, 0.5635100603103638, 0.5879752039909363, 0.6124404072761536, 0.6369055509567261, 0.6613707542419434, 0.6858358979225159, 0.7103011012077332, 0.7347662448883057, 0.759231448173523, 0.7836965918540955, 0.8081617951393127]}, "test/epoch": 30, "test/local_acc_avg": 80.97525045499708, "test/duration_sec": 328.91459441185, "test/neighbor_acc_avg": 79.37065798037409, "summary/local_acc_max": 81.49901865030986, "summary/local_acc_mean": 80.82317127114491, "summary/neighbor_acc_max": 79.82887302080557, "summary/neighbor_acc_mean": 79.23565982170636, "_wandb": {"runtime": 1143}}