{"gradients/prompt_learner.cluster_ctx": {"_type": "histogram", "values": [1.0, 0.0, 0.0, 0.0, 0.0, 0.0, 2.0, 0.0, 0.0, 1.0, 2.0, 0.0, 1.0, 0.0, 0.0, 0.0, 6.0, 2.0, 2.0, 1.0, 6.0, 7.0, 12.0, 12.0, 13.0, 22.0, 38.0, 44.0, 72.0, 129.0, 187.0, 327.0, 564.0, 823.0, 1025.0, 1221.0, 1134.0, 934.0, 584.0, 390.0, 223.0, 145.0, 92.0, 46.0, 38.0, 22.0, 14.0, 11.0, 10.0, 8.0, 3.0, 1.0, 3.0, 5.0, 3.0, 1.0, 1.0, 0.0, 2.0, 0.0, 0.0, 0.0, 1.0, 1.0], "bins": [-0.04961535334587097, -0.04822247847914696, -0.04682960733771324, -0.04543673247098923, -0.04404386132955551, -0.0426509864628315, -0.04125811159610748, -0.03986524045467377, -0.03847236558794975, -0.03707949072122574, -0.03568661957979202, -0.03429374471306801, -0.032900869846343994, -0.03150799870491028, -0.030115123838186264, -0.0287222508341074, -0.027329377830028534, -0.02593650482594967, -0.024543631821870804, -0.02315075695514679, -0.021757883951067924, -0.02036501094698906, -0.018972136080265045, -0.01757926307618618, -0.016186390072107315, -0.01479351706802845, -0.01340064313262701, -0.01200776919722557, -0.010614896193146706, -0.00922202318906784, -0.007829149253666401, -0.0064362757839262486, -0.005043406039476395, -0.0036505325697362423, -0.00225765909999609, -0.0008647856302559376, 0.0005280878394842148, 0.0019209613092243671, 0.0033138347789645195, 0.004706708248704672, 0.006099581718444824, 0.007492455188184977, 0.008885328657925129, 0.010278202593326569, 0.011671075597405434, 0.013063948601484299, 0.014456822536885738, 0.015849696472287178, 0.017242569476366043, 0.018635442480444908, 0.020028315484523773, 0.021421190351247787, 0.022814063355326653, 0.024206936359405518, 0.025599811226129532, 0.026992684230208397, 0.028385557234287262, 0.029778430238366127, 0.031171303242444992, 0.032564178109169006, 0.03395704925060272, 0.035349924117326736, 0.03674279898405075, 0.03813567012548447, 0.03952854499220848]}, "_timestamp": 1763561308.1624565, "gradients/prompt_learner.global_ctx": {"_type": "histogram", "values": [1.0, 0.0, 0.0, 0.0, 0.0, 0.0, 2.0, 0.0, 0.0, 1.0, 2.0, 0.0, 1.0, 0.0, 0.0, 0.0, 6.0, 2.0, 2.0, 1.0, 6.0, 7.0, 12.0, 12.0, 13.0, 22.0, 38.0, 44.0, 72.0, 129.0, 187.0, 327.0, 564.0, 823.0, 1025.0, 1221.0, 1134.0, 934.0, 584.0, 390.0, 223.0, 145.0, 92.0, 46.0, 38.0, 22.0, 14.0, 11.0, 10.0, 8.0, 3.0, 1.0, 3.0, 5.0, 3.0, 1.0, 1.0, 0.0, 2.0, 0.0, 0.0, 0.0, 1.0, 1.0], "bins": [-0.09923070669174194, -0.09644495695829391, -0.09365921467542648, -0.09087346494197845, -0.08808772265911102, -0.085301972925663, -0.08251622319221497, -0.07973048090934753, -0.0769447311758995, -0.07415898144245148, -0.07137323915958405, -0.06858748942613602, -0.06580173969268799, -0.06301599740982056, -0.06023024767637253, -0.0574445016682148, -0.05465875566005707, -0.05187300965189934, -0.04908726364374161, -0.04630151391029358, -0.04351576790213585, -0.04073002189397812, -0.03794427216053009, -0.03515852615237236, -0.03237278014421463, -0.0295870341360569, -0.02680128626525402, -0.02401553839445114, -0.02122979238629341, -0.01844404637813568, -0.015658298507332802, -0.012872551567852497, -0.01008681207895279, -0.007301065139472485, -0.00451531819999218, -0.0017295712605118752, 0.0010561756789684296, 0.0038419226184487343, 0.006627669557929039, 0.009413416497409344, 0.012199163436889648, 0.014984910376369953, 0.017770657315850258, 0.020556405186653137, 0.023342151194810867, 0.026127897202968597, 0.028913645073771477, 0.031699392944574356, 0.034485138952732086, 0.037270884960889816, 0.040056630969047546, 0.042842380702495575, 0.045628126710653305, 0.048413872718811035, 0.051199622452259064, 0.053985368460416794, 0.056771114468574524, 0.059556860476732254, 0.062342606484889984, 0.06512835621833801, 0.06791409850120544, 0.07069984823465347, 0.0734855979681015, 0.07627134025096893, 0.07905708998441696]}, "gradients/prompt_learner.local_u_ctx": {"_type": "histogram", "values": [1.0, 0.0, 0.0, 0.0, 0.0, 0.0, 0.0, 0.0, 0.0, 0.0, 0.0, 0.0, 0.0, 0.0, 0.0, 0.0, 0.0, 0.0, 1.0, 0.0, 1.0, 1.0, 0.0, 0.0, 2.0, 0.0, 0.0, 2.0, 1.0, 1.0, 3.0, 5.0, 4.0, 3.0, 8.0, 11.0, 4.0, 4.0, 2.0, 9.0, 15.0, 12.0, 11.0, 2.0, 3.0, 3.0, 5.0, 5.0, 3.0, 1.0, 1.0, 0.0, 2.0, 0.0, 0.0, 1.0, 0.0, 0.0, 0.0, 0.0, 0.0, 0.0, 0.0, 1.0], "bins": [-0.05032867193222046, -0.04905792325735092, -0.04778717830777168, -0.046516433358192444, -0.045245684683322906, -0.04397493600845337, -0.04270419105887413, -0.04143344610929489, -0.040162697434425354, -0.03889194875955582, -0.03762120380997658, -0.03635045886039734, -0.0350797101855278, -0.033808961510658264, -0.032538216561079025, -0.031267471611499786, -0.02999672293663025, -0.02872597612440586, -0.027455229312181473, -0.026184482499957085, -0.024913735687732697, -0.02364298887550831, -0.02237224206328392, -0.021101495251059532, -0.019830748438835144, -0.018560001626610756, -0.017289254814386368, -0.01601850800216198, -0.014747761189937592, -0.013477014377713203, -0.012206267565488815, -0.010935520753264427, -0.00966477021574974, -0.008394023403525352, -0.007123276591300964, -0.005852529779076576, -0.004581782966852188, -0.0033110361546278, -0.002040289342403412, -0.0007695425301790237, 0.0005012042820453644, 0.0017719510942697525, 0.0030426979064941406, 0.004313444718718529, 0.005584191530942917, 0.006854938343167305, 0.008125685155391693, 0.009396431967616081, 0.01066717877984047, 0.011937925592064857, 0.013208672404289246, 0.014479419216513634, 0.015750166028738022, 0.01702091284096241, 0.018291659653186798, 0.019562406465411186, 0.020833153277635574, 0.022103900089859962, 0.02337464690208435, 0.02464539371430874, 0.025916140526533127, 0.027186887338757515, 0.028457634150981903, 0.02972838096320629, 0.03099912777543068]}, "gradients/prompt_learner.local_v_ctx": {"_type": "histogram", "values": [1.0, 0.0, 0.0, 0.0, 1.0, 0.0, 0.0, 1.0, 2.0, 0.0, 1.0, 4.0, 4.0, 4.0, 16.0, 9.0, 11.0, 29.0, 35.0, 27.0, 62.0, 65.0, 60.0, 117.0, 138.0, 145.0, 175.0, 187.0, 234.0, 235.0, 260.0, 288.0, 275.0, 247.0, 243.0, 201.0, 193.0, 157.0, 160.0, 134.0, 87.0, 81.0, 45.0, 44.0, 27.0, 30.0, 14.0, 14.0, 10.0, 5.0, 4.0, 3.0, 3.0, 1.0, 1.0, 0.0, 1.0, 3.0, 1.0, 0.0, 0.0, 0.0, 0.0, 1.0], "bins": [-0.04990650340914726, -0.04833514243364334, -0.04676378518342972, -0.045192427933216095, -0.04362106695771217, -0.04204970598220825, -0.04047834873199463, -0.038906991481781006, -0.037335630506277084, -0.03576426953077316, -0.03419291228055954, -0.03262155503034592, -0.031050194054841995, -0.029478834941983223, -0.02790747582912445, -0.02633611671626568, -0.024764757603406906, -0.023193398490548134, -0.02162203937768936, -0.02005068026483059, -0.018479321151971817, -0.016907962039113045, -0.015336602926254272, -0.0137652438133955, -0.012193884700536728, -0.010622525587677956, -0.009051166474819183, -0.007479807361960411, -0.005908448249101639, -0.0043370891362428665, -0.0027657300233840942, -0.001194370910525322, 0.00037698447704315186, 0.0019483435899019241, 0.0035197027027606964, 0.005091061815619469, 0.006662420928478241, 0.008233780041337013, 0.009805139154195786, 0.011376498267054558, 0.01294785737991333, 0.014519216492772102, 0.016090575605630875, 0.017661934718489647, 0.01923329383134842, 0.02080465294420719, 0.022376012057065964, 0.023947371169924736, 0.02551873028278351, 0.02709008939564228, 0.028661448508501053, 0.030232807621359825, 0.0318041667342186, 0.03337552398443222, 0.03494688495993614, 0.036518245935440063, 0.038089603185653687, 0.03966096043586731, 0.04123232141137123, 0.04280368238687515, 0.044375039637088776, 0.0459463968873024, 0.04751775786280632, 0.04908911883831024, 0.050660476088523865]}, "_runtime": 336.90566062927246, "_step": 3, "train/epoch": 3, "train/avg_acc": 64.04017857142857, "train/duration_sec": 79.0604293346405, "summary/local_acc_max": 65.15567810263772, "summary/local_acc_mean": 65.15567810263772, "summary/neighbor_acc_max": 65.21110327255144, "summary/neighbor_acc_mean": 65.21110327255144, "_wandb": {"runtime": 335}, "test/epoch": 3, "test/local_acc_avg": 65.15567810263772, "test/duration_sec": 91.5876350402832,