{"train/epoch": 30, "train/avg_acc": 77.1875, "train/duration_sec": 5.171170234680176, "_timestamp": 1763675853.6072726, "_runtime": 1132.747763633728, "_step": 30, "gradients/prompt_learner.cluster_ctx": {"_type": "histogram", "values": [1.0, 0.0, 0.0, 0.0, 0.0, 0.0, 0.0, 0.0, 0.0, 0.0, 0.0, 0.0, 0.0, 0.0, 0.0, 0.0, 0.0, 0.0, 0.0, 0.0, 0.0, 0.0, 0.0, 0.0, 0.0, 0.0, 0.0, 0.0, 0.0, 1.0, 0.0, 2.0, 0.0, 5.0, 7.0, 2.0, 8.0, 14.0, 30.0, 47.0, 102.0, 200.0, 400.0, 949.0, 1553.0, 1907.0, 1443.0, 754.0, 354.0, 191.0, 90.0, 54.0, 30.0, 18.0, 8.0, 10.0, 3.0, 3.0, 2.0, 2.0, 1.0, 0.0, 0.0, 1.0], "bins": [-0.6793565154075623, -0.6643978357315063, -0.6494391560554504, -0.6344804763793945, -0.6195217370986938, -0.6045630574226379, -0.589604377746582, -0.5746456980705261, -0.5596870183944702, -0.5447283387184143, -0.5297696590423584, -0.5148109793663025, -0.4998522698879242, -0.4848935902118683, -0.46993488073349, -0.4549762010574341, -0.4400175213813782, -0.42505884170532227, -0.41010016202926636, -0.39514145255088806, -0.38018277287483215, -0.36522409319877625, -0.35026538372039795, -0.33530670404434204, -0.32034802436828613, -0.3053893446922302, -0.2904306650161743, -0.275471955537796, -0.2605132758617401, -0.2455545961856842, -0.2305959016084671, -0.21563720703125, -0.2006785273551941, -0.18571984767913818, -0.17076115310192108, -0.15580245852470398, -0.14084377884864807, -0.12588509917259216, -0.11092640459537506, -0.09596771746873856, -0.08100903034210205, -0.06605034321546555, -0.05109165608882904, -0.036132968962192535, -0.02117428183555603, -0.006215594708919525, 0.00874309241771698, 0.023701779544353485, 0.03866046667098999, 0.053619153797626495, 0.068577840924263, 0.0835365280508995, 0.09849521517753601, 0.11345390230417252, 0.12841258943080902, 0.14337128400802612, 0.15832996368408203, 0.17328864336013794, 0.18824733793735504, 0.20320603251457214, 0.21816471219062805, 0.23312339186668396, 0.24808208644390106, 0.26304078102111816, 0.2779994606971741]}, "gradients/prompt_learner.global_ctx": {"_type": "histogram", "values": [1.0, 0.0, 0.0, 0.0, 0.0, 0.0, 0.0, 0.0, 0.0, 0.0, 0.0, 0.0, 0.0, 0.0, 0.0, 0.0, 0.0, 0.0, 0.0, 0.0, 0.0, 0.0, 0.0, 0.0, 0.0, 0.0, 0.0, 0.0, 0.0, 1.0, 0.0, 2.0, 0.0, 5.0, 7.0, 2.0, 8.0, 14.0, 30.0, 47.0, 102.0, 200.0, 400.0, 949.0, 1553.0, 1907.0, 1443.0, 754.0, 354.0, 191.0, 90.0, 54.0, 30.0, 18.0, 8.0, 10.0, 3.0, 3.0, 2.0, 2.0, 1.0, 0.0, 0.0, 1.0], "bins": [-1.3587130308151245, -1.3287956714630127, -1.2988783121109009, -1.268960952758789, -1.2390434741973877, -1.2091261148452759, -1.179208755493164, -1.1492913961410522, -1.1193740367889404, -1.0894566774368286, -1.0595393180847168, -1.029621958732605, -0.9997045397758484, -0.9697871804237366, -0.93986976146698, -0.9099524021148682, -0.8800350427627563, -0.8501176834106445, -0.8202003240585327, -0.7902829051017761, -0.7603655457496643, -0.7304481863975525, -0.7005307674407959, -0.6706134080886841, -0.6406960487365723, -0.6107786893844604, -0.5808613300323486, -0.550943911075592, -0.5210265517234802, -0.4911091923713684, -0.4611918032169342, -0.4312744140625, -0.4013570547103882, -0.37143969535827637, -0.34152230620384216, -0.31160491704940796, -0.28168755769729614, -0.2517701983451843, -0.22185280919075012, -0.1919354349374771, -0.1620180606842041, -0.1321006864309311, -0.10218331217765808, -0.07226593792438507, -0.04234856367111206, -0.01243118941783905, 0.01748618483543396, 0.04740355908870697, 0.07732093334197998, 0.10723830759525299, 0.137155681848526, 0.167073056101799, 0.19699043035507202, 0.22690780460834503, 0.25682517886161804, 0.28674256801605225, 0.31665992736816406, 0.3465772867202759, 0.3764946758747101, 0.4064120650291443, 0.4363294243812561, 0.4662467837333679, 0.4961641728878021, 0.5260815620422363, 0.5559989213943481]}, "gradients/prompt_learner.local_u_ctx": {"_type": "histogram", "values": [1.0, 0.0, 1.0, 0.0, 1.0, 0.0, 0.0, 0.0, 0.0, 0.0, 0.0, 0.0, 1.0, 1.0, 0.0, 0.0, 1.0, 1.0, 0.0, 1.0, 2.0, 2.0, 1.0, 1.0, 2.0, 1.0, 4.0, 2.0, 4.0, 2.0, 5.0, 3.0, 8.0, 17.0, 13.0, 14.0, 15.0, 15.0, 10.0, 13.0, 15.0, 14.0, 14.0, 15.0, 11.0, 8.0, 10.0, 4.0, 4.0, 3.0, 2.0, 1.0, 2.0, 3.0, 2.0, 0.0, 2.0, 1.0, 1.0, 0.0, 1.0, 0.0, 0.0, 1.0], "bins": [-0.29803991317749023, -0.29053667187690735, -0.2830334007740021, -0.2755301594734192, -0.2680269181728363, -0.26052364706993103, -0.25302040576934814, -0.24551714956760406, -0.23801389336585999, -0.2305106520652771, -0.22300739586353302, -0.21550413966178894, -0.20800089836120605, -0.20049764215946198, -0.1929943859577179, -0.185491144657135, -0.17798788845539093, -0.17048463225364685, -0.16298139095306396, -0.15547813475131989, -0.1479748785495758, -0.14047163724899292, -0.13296838104724884, -0.12546512484550476, -0.11796187609434128, -0.1104586273431778, -0.10295537114143372, -0.09545212239027023, -0.08794887363910675, -0.08044561743736267, -0.07294236868619919, -0.06543911248445511, -0.057935863733291626, -0.050432611256837845, -0.042929358780384064, -0.03542611002922058, -0.0279228575527668, -0.02041960507631302, -0.012916354462504387, -0.00541310291737318, 0.002090148627758026, 0.009593400172889233, 0.01709665171802044, 0.02459990233182907, 0.03210315480828285, 0.03960640728473663, 0.047109656035900116, 0.0546129085123539, 0.06211616098880768, 0.06961940973997116, 0.07712266594171524, 0.08462591469287872, 0.0921291708946228, 0.09963241964578629, 0.10713566839694977, 0.11463892459869385, 0.12214217334985733, 0.1296454221010208, 0.1371486783027649, 0.14465193450450897, 0.15215517580509186, 0.15965843200683594, 0.16716168820858002, 0.1746649295091629, 0.18216818571090698]}, "gradients/prompt_learner.local_v_ctx": {"_type": "histogram", "values": [1.0, 0.0, 1.0, 0.0, 0.0, 0.0, 0.0, 0.0, 0.0, 0.0, 0.0, 1.0, 1.0, 0.0, 0.0, 1.0, 0.0, 2.0, 2.0, 1.0, 5.0, 8.0, 28.0, 42.0, 63.0, 112.0, 210.0, 266.0, 499.0, 649.0, 767.0, 894.0, 945.0, 903.0, 780.0, 658.0, 499.0, 350.0, 209.0, 131.0, 79.0, 39.0, 17.0, 12.0, 4.0, 3.0, 3.0, 0.0, 0.0, 1.0, 1.0, 1.0, 0.0, 0.0, 0.0, 1.0, 1.0, 0.0, 0.0, 0.0, 0.0, 0.0, 1.0, 1.0], "bins": [-0.6187113523483276, -0.5997245907783508, -0.580737829208374, -0.561751127243042, -0.5427643656730652, -0.5237776041030884, -0.5047908425331116, -0.48580411076545715, -0.46681734919548035, -0.44783058762550354, -0.4288438558578491, -0.4098570942878723, -0.3908703327178955, -0.3718836009502411, -0.3528968393802643, -0.33391010761260986, -0.31492334604263306, -0.29593658447265625, -0.27694985270500183, -0.257963091135025, -0.2389763444662094, -0.2199895977973938, -0.201002836227417, -0.18201608955860138, -0.16302934288978577, -0.14404259622097015, -0.12505584955215454, -0.10606908798217773, -0.08708234131336212, -0.06809559464454651, -0.0491088405251503, -0.030122090131044388, -0.011135399341583252, 0.00785135105252266, 0.02683810144662857, 0.04582485184073448, 0.0648116022348404, 0.083798348903656, 0.10278510302305222, 0.12177185714244843, 0.14075860381126404, 0.15974535048007965, 0.17873209714889526, 0.19771885871887207, 0.21670560538768768, 0.2356923520565033, 0.2546791136264801, 0.2736658453941345, 0.29265260696411133, 0.31163936853408813, 0.33062610030174255, 0.34961286187171936, 0.3685995936393738, 0.3875863552093506, 0.4065731167793274, 0.4255598485469818, 0.4445466101169586, 0.4635333716869354, 0.48252010345458984, 0.5015068650245667, 0.5204936265945435, 0.5394803881645203, 0.5584670901298523, 0.5774538516998291, 0.5964406132698059]}, "test/epoch": 30, "test/local_acc_avg": 76.23008851347247, "test/duration_sec": 325.57537508010864, "test/neighbor_acc_avg": 74.33114520825978, "summary/local_acc_max": 85.56903357626479, "summary/local_acc_mean": 78.0839609857722, "summary/neighbor_acc_max": 83.75629121143916, "summary/neighbor_acc_mean": 77.5540552746951, "_wandb": {"runtime": 1131}}