{"gradients/prompt_learner.global_ctx": {"_type": "histogram", "values": [1.0, 0.0, 0.0, 0.0, 0.0, 0.0, 0.0, 0.0, 0.0, 1.0, 1.0, 3.0, 4.0, 5.0, 10.0, 19.0, 22.0, 38.0, 49.0, 94.0, 118.0, 167.0, 225.0, 317.0, 460.0, 640.0, 780.0, 974.0, 923.0, 856.0, 695.0, 523.0, 386.0, 279.0, 193.0, 125.0, 90.0, 63.0, 45.0, 27.0, 16.0, 19.0, 8.0, 4.0, 2.0, 2.0, 2.0, 0.0, 0.0, 0.0, 1.0, 0.0, 1.0, 0.0, 0.0, 1.0, 0.0, 0.0, 0.0, 0.0, 1.0, 1.0, 0.0, 1.0], "bins": [-3.2229998111724854, -3.108778476715088, -2.9945571422576904, -2.880335807800293, -2.7661142349243164, -2.651892900466919, -2.5376715660095215, -2.423450231552124, -2.3092288970947266, -2.195007562637329, -2.0807862281799316, -1.9665647745132446, -1.8523434400558472, -1.7381221055984497, -1.6239006519317627, -1.5096793174743652, -1.3954579830169678, -1.2812366485595703, -1.1670153141021729, -1.0527938604354858, -0.9385725259780884, -0.8243511915206909, -0.7101297974586487, -0.5959084033966064, -0.481687068939209, -0.36746570467948914, -0.2532443404197693, -0.13902297616004944, -0.02480161190032959, 0.08941975235939026, 0.2036411166191101, 0.31786248087882996, 0.4320840835571289, 0.5463054180145264, 0.6605268120765686, 0.7747482061386108, 0.8889695405960083, 1.0031908750534058, 1.1174123287200928, 1.2316336631774902, 1.3458549976348877, 1.4600763320922852, 1.5742976665496826, 1.6885191202163696, 1.802740454673767, 1.9169617891311646, 2.0311832427978516, 2.145404577255249, 2.2596259117126465, 2.373847246170044, 2.4880685806274414, 2.602289915084839, 2.7165112495422363, 2.830732822418213, 2.9449541568756104, 3.059175491333008, 3.1733968257904053, 3.2876181602478027, 3.4018394947052, 3.5160608291625977, 3.630282402038574, 3.7445037364959717, 3.858725070953369, 3.9729464054107666, 4.087167739868164]}, "_timestamp": 1763653423.0239727, "_runtime": 1555.5280306339264, "_step": 26, "train/epoch": 26, "train/avg_acc": 35.825, "train/duration_sec": 57.4958119392395}