{"gradients/prompt_learner.global_ctx": {"_type": "histogram", "values": [1.0, 0.0, 1.0, 1.0, 0.0, 0.0, 1.0, 1.0, 2.0, 5.0, 7.0, 11.0, 12.0, 15.0, 22.0, 32.0, 32.0, 70.0, 90.0, 123.0, 147.0, 198.0, 268.0, 338.0, 463.0, 547.0, 693.0, 762.0, 774.0, 732.0, 650.0, 517.0, 423.0, 311.0, 241.0, 185.0, 144.0, 93.0, 79.0, 54.0, 38.0, 38.0, 19.0, 11.0, 14.0, 9.0, 3.0, 3.0, 2.0, 3.0, 1.0, 0.0, 1.0, 1.0, 1.0, 1.0, 0.0, 0.0, 1.0, 0.0, 0.0, 0.0, 0.0, 1.0], "bins": [-2.4155876636505127, -2.3303658962249756, -2.2451441287994385, -2.1599221229553223, -2.074700355529785, -1.989478588104248, -1.904256820678711, -1.8190349340438843, -1.7338131666183472, -1.64859139919281, -1.5633695125579834, -1.4781477451324463, -1.3929259777069092, -1.3077040910720825, -1.2224823236465454, -1.1372604370117188, -1.0520386695861816, -0.9668168425559998, -0.8815950155258179, -0.7963732481002808, -0.7111514210700989, -0.625929594039917, -0.5407078266143799, -0.455485999584198, -0.3702641725540161, -0.28504234552383423, -0.19982054829597473, -0.11459873616695404, -0.02937692403793335, 0.05584488809108734, 0.14106670022010803, 0.22628851234912872, 0.3115105628967285, 0.3967323899269104, 0.4819541871547699, 0.5671759843826294, 0.6523978114128113, 0.7376196384429932, 0.8228414058685303, 0.9080632328987122, 0.993285059928894, 1.0785068273544312, 1.1637287139892578, 1.248950481414795, 1.334172248840332, 1.4193941354751587, 1.5046159029006958, 1.5898377895355225, 1.6750595569610596, 1.7602813243865967, 1.8455032110214233, 1.9307249784469604, 2.015946865081787, 2.101168632507324, 2.1863903999328613, 2.2716121673583984, 2.3568339347839355, 2.4420559406280518, 2.527277708053589, 2.612499475479126, 2.697721242904663, 2.7829430103302, 2.8681650161743164, 2.9533867835998535, 3.0386085510253906]}, "_timestamp": 1763653377.1809568, "_runtime": 1509.6850147247314, "_step": 25, "train/epoch": 25, "train/avg_acc": 35.7375, "train/duration_sec": 57.73424029350281}