{"train/epoch": 30, "train/avg_acc": 78.90625, "train/duration_sec": 5.285812139511108, "_timestamp": 1763681749.9957194, "_runtime": 1137.0597774982452, "_step": 30, "gradients/prompt_learner.cluster_ctx": {"_type": "histogram", "values": [1.0, 0.0, 0.0, 0.0, 0.0, 0.0, 0.0, 0.0, 0.0, 0.0, 0.0, 0.0, 0.0, 0.0, 0.0, 0.0, 0.0, 0.0, 1.0, 0.0, 0.0, 0.0, 0.0, 1.0, 1.0, 1.0, 6.0, 10.0, 23.0, 38.0, 53.0, 125.0, 193.0, 325.0, 435.0, 692.0, 885.0, 1046.0, 1099.0, 991.0, 807.0, 561.0, 363.0, 208.0, 147.0, 76.0, 47.0, 23.0, 14.0, 10.0, 1.0, 4.0, 1.0, 0.0, 0.0, 3.0, 0.0, 0.0, 0.0, 0.0, 0.0, 0.0, 0.0, 1.0], "bins": [-0.5381290912628174, -0.5240450501441956, -0.5099610686302185, -0.49587705731391907, -0.48179304599761963, -0.4677090346813202, -0.45362502336502075, -0.4395410120487213, -0.4254570007324219, -0.41137298941612244, -0.397288978099823, -0.38320496678352356, -0.3691209554672241, -0.3550369441509247, -0.34095293283462524, -0.3268689215183258, -0.31278491020202637, -0.29870086908340454, -0.2846168577671051, -0.27053284645080566, -0.2564488351345062, -0.24236483871936798, -0.22828082740306854, -0.2141968160867691, -0.20011278986930847, -0.18602877855300903, -0.1719447672367096, -0.15786075592041016, -0.14377674460411072, -0.12969273328781128, -0.11560872197151184, -0.1015247106552124, -0.08744069933891296, -0.07335668802261353, -0.05927267670631409, -0.04518866166472435, -0.03110465034842491, -0.017020639032125473, -0.0029366258531808853, 0.011147386394441128, 0.02523139864206314, 0.03931540995836258, 0.05339942127466202, 0.06748343259096146, 0.08156745135784149, 0.09565146267414093, 0.10973547399044037, 0.12381948530673981, 0.13790349662303925, 0.15198750793933868, 0.16607151925563812, 0.18015553057193756, 0.194239541888237, 0.20832355320453644, 0.22240756452083588, 0.23649157583713531, 0.25057560205459595, 0.2646596133708954, 0.2787436246871948, 0.29282763600349426, 0.3069116473197937, 0.32099565863609314, 0.3350796699523926, 0.349163681268692, 0.36324769258499146]}, "gradients/prompt_learner.global_ctx": {"_type": "histogram", "values": [1.0, 0.0, 0.0, 0.0, 0.0, 0.0, 0.0, 0.0, 0.0, 0.0, 0.0, 0.0, 0.0, 0.0, 0.0, 0.0, 0.0, 0.0, 1.0, 0.0, 0.0, 0.0, 0.0, 1.0, 1.0, 1.0, 6.0, 10.0, 23.0, 38.0, 53.0, 125.0, 193.0, 325.0, 435.0, 692.0, 885.0, 1046.0, 1099.0, 991.0, 807.0, 561.0, 363.0, 208.0, 147.0, 76.0, 47.0, 23.0, 14.0, 10.0, 1.0, 4.0, 1.0, 0.0, 0.0, 3.0, 0.0, 0.0, 0.0, 0.0, 0.0, 0.0, 0.0, 1.0], "bins": [-1.0762581825256348, -1.0480901002883911, -1.019922137260437, -0.9917541146278381, -0.9635860919952393, -0.9354180693626404, -0.9072500467300415, -0.8790820240974426, -0.8509140014648438, -0.8227459788322449, -0.794577956199646, -0.7664099335670471, -0.7382419109344482, -0.7100738883018494, -0.6819058656692505, -0.6537378430366516, -0.6255698204040527, -0.5974017381668091, -0.5692337155342102, -0.5410656929016113, -0.5128976702690125, -0.48472967743873596, -0.4565616548061371, -0.4283936321735382, -0.40022557973861694, -0.37205755710601807, -0.3438895344734192, -0.3157215118408203, -0.28755348920822144, -0.25938546657562256, -0.23121744394302368, -0.2030494213104248, -0.17488139867782593, -0.14671337604522705, -0.11854535341262817, -0.0903773233294487, -0.06220930069684982, -0.034041278064250946, -0.005873251706361771, 0.022294772788882256, 0.05046279728412628, 0.07863081991672516, 0.10679884254932404, 0.1349668651819229, 0.16313490271568298, 0.19130292534828186, 0.21947094798088074, 0.24763897061347961, 0.2758069932460785, 0.30397501587867737, 0.33214303851127625, 0.3603110611438751, 0.388479083776474, 0.4166471064090729, 0.44481512904167175, 0.47298315167427063, 0.5011512041091919, 0.5293192267417908, 0.5574872493743896, 0.5856552720069885, 0.6138232946395874, 0.6419913172721863, 0.6701593399047852, 0.698327362537384, 0.7264953851699829]}, "gradients/prompt_learner.local_u_ctx": {"_type": "histogram", "values": [1.0, 1.0, 0.0, 0.0, 0.0, 1.0, 0.0, 0.0, 1.0, 1.0, 0.0, 2.0, 2.0, 4.0, 2.0, 2.0, 1.0, 2.0, 1.0, 4.0, 5.0, 4.0, 6.0, 10.0, 12.0, 6.0, 12.0, 5.0, 8.0, 6.0, 6.0, 6.0, 12.0, 13.0, 14.0, 9.0, 13.0, 9.0, 11.0, 10.0, 4.0, 2.0, 2.0, 4.0, 7.0, 4.0, 6.0, 3.0, 8.0, 1.0, 2.0, 2.0, 1.0, 0.0, 1.0, 2.0, 1.0, 0.0, 0.0, 1.0, 0.0, 2.0, 0.0, 1.0], "bins": [-0.26730772852897644, -0.25925689935684204, -0.25120607018470764, -0.24315522611141205, -0.23510438203811646, -0.22705355286598206, -0.21900270879268646, -0.21095187962055206, -0.20290103554725647, -0.19485020637512207, -0.18679937720298767, -0.17874853312969208, -0.17069770395755768, -0.16264685988426208, -0.15459603071212769, -0.1465451866388321, -0.1384943574666977, -0.1304435282945633, -0.1223926842212677, -0.1143418475985527, -0.10629101097583771, -0.09824018180370331, -0.09018934518098831, -0.08213850855827332, -0.07408767193555832, -0.06603683531284332, -0.057985998690128326, -0.04993516579270363, -0.04188432916998863, -0.033833492547273636, -0.02578265778720379, -0.01773182302713394, -0.00968100130558014, -0.0016301656141877174, 0.006420670077204704, 0.014471505768597126, 0.022522341459989548, 0.030573178082704544, 0.03862401098012924, 0.04667484760284424, 0.054725684225559235, 0.06277652084827423, 0.07082735747098923, 0.07887819409370422, 0.08692902326583862, 0.09497985988855362, 0.10303069651126862, 0.11108153313398361, 0.11913236975669861, 0.127183198928833, 0.1352340430021286, 0.143284872174263, 0.1513357162475586, 0.159386545419693, 0.1674373894929886, 0.17548821866512299, 0.18353906273841858, 0.19158989191055298, 0.19964072108268738, 0.20769156515598297, 0.21574239432811737, 0.22379323840141296, 0.23184406757354736, 0.23989491164684296, 0.24794574081897736]}, "gradients/prompt_learner.local_v_ctx": {"_type": "histogram", "values": [1.0, 1.0, 0.0, 0.0, 0.0, 0.0, 0.0, 2.0, 0.0, 1.0, 0.0, 0.0, 1.0, 1.0, 1.0, 0.0, 3.0, 0.0, 10.0, 7.0, 14.0, 20.0, 35.0, 55.0, 106.0, 143.0, 205.0, 268.0, 355.0, 480.0, 552.0, 592.0, 635.0, 650.0, 708.0, 665.0, 586.0, 511.0, 418.0, 368.0, 236.0, 189.0, 147.0, 77.0, 59.0, 30.0, 29.0, 9.0, 8.0, 4.0, 2.0, 0.0, 0.0, 1.0, 0.0, 0.0, 0.0, 2.0, 2.0, 1.0, 1.0, 0.0, 0.0, 1.0], "bins": [-0.648621678352356, -0.629481852054596, -0.6103420257568359, -0.5912022590637207, -0.5720624327659607, -0.5529226064682007, -0.5337828397750854, -0.5146430134773254, -0.49550318717956543, -0.4763633608818054, -0.4572235643863678, -0.4380837678909302, -0.41894394159317017, -0.39980411529541016, -0.38066431879997253, -0.3615245223045349, -0.3423846960067749, -0.3232448697090149, -0.30410507321357727, -0.28496527671813965, -0.26582545042037964, -0.24668563902378082, -0.227545827627182, -0.2084060162305832, -0.18926620483398438, -0.17012639343738556, -0.15098658204078674, -0.13184677064418793, -0.11270695924758911, -0.0935671478509903, -0.07442733645439148, -0.055287525057792664, -0.03614771366119385, -0.017007902264595032, 0.002131909132003784, 0.0212717205286026, 0.040411531925201416, 0.05955134332180023, 0.07869115471839905, 0.09783096611499786, 0.11697077751159668, 0.1361105889081955, 0.1552504003047943, 0.17439021170139313, 0.19353002309799194, 0.21266983449459076, 0.23180964589118958, 0.2509494423866272, 0.2700892686843872, 0.2892290949821472, 0.30836889147758484, 0.32750868797302246, 0.34664851427078247, 0.3657883405685425, 0.3849281370639801, 0.4040679335594177, 0.42320775985717773, 0.44234758615493774, 0.46148738265037537, 0.480627179145813, 0.499767005443573, 0.518906831741333, 0.5380465984344482, 0.5571864247322083, 0.5763262510299683]}, "test/epoch": 30, "test/local_acc_avg": 84.68138950875203, "test/duration_sec": 325.697758436203, "test/neighbor_acc_avg": 82.60397486443414, "summary/local_acc_max": 84.68138950875203, "summary/local_acc_mean": 83.93136088349604, "summary/neighbor_acc_max": 82.60397486443414, "summary/neighbor_acc_mean": 82.27001946429773, "_wandb": {"runtime": 1136}}