{"gradients/prompt_learner.cluster_ctx": {"_type": "histogram", "values": [1.0, 0.0, 0.0, 0.0, 0.0, 0.0, 0.0, 0.0, 0.0, 0.0, 0.0, 0.0, 2.0, 0.0, 1.0, 2.0, 5.0, 9.0, 12.0, 26.0, 26.0, 61.0, 107.0, 170.0, 243.0, 355.0, 457.0, 605.0, 794.0, 809.0, 849.0, 852.0, 706.0, 610.0, 486.0, 333.0, 268.0, 148.0, 102.0, 62.0, 35.0, 18.0, 9.0, 2.0, 6.0, 1.0, 1.0, 0.0, 2.0, 1.0, 2.0, 1.0, 1.0, 2.0, 2.0, 2.0, 0.0, 1.0, 0.0, 2.0, 0.0, 2.0, 0.0, 1.0], "bins": [-0.9506654739379883, -0.9195080399513245, -0.8883506059646606, -0.8571931719779968, -0.826035737991333, -0.7948783040046692, -0.7637208700180054, -0.7325634360313416, -0.7014060020446777, -0.6702485084533691, -0.6390910744667053, -0.6079336404800415, -0.5767762064933777, -0.5456187725067139, -0.51446133852005, -0.48330390453338623, -0.4521464705467224, -0.4209890365600586, -0.3898316025733948, -0.35867416858673096, -0.32751673460006714, -0.29635927081108093, -0.2652018368244171, -0.2340444028377533, -0.20288696885108948, -0.17172953486442566, -0.14057210087776184, -0.10941465198993683, -0.07825721800327301, -0.04709978029131889, -0.015942342579364777, 0.01521509513258934, 0.04637253284454346, 0.07752996683120728, 0.10868740826845169, 0.1398448497056961, 0.17100228369235992, 0.20215971767902374, 0.23331716656684875, 0.2644746005535126, 0.2956320345401764, 0.3267894685268402, 0.35794690251350403, 0.38910433650016785, 0.42026180028915405, 0.45141923427581787, 0.4825766682624817, 0.5137341022491455, 0.5448915362358093, 0.5760489702224731, 0.607206404209137, 0.6383638381958008, 0.6695212721824646, 0.7006787061691284, 0.7318361401557922, 0.762993574142456, 0.7941510677337646, 0.8253085017204285, 0.8564659357070923, 0.8876233696937561, 0.9187808036804199, 0.9499382376670837, 0.9810956716537476, 1.0122530460357666, 1.0434105396270752]}, "_timestamp": 1763644495.30062, "gradients/prompt_learner.global_ctx": {"_type": "histogram", "values": [1.0, 0.0, 0.0, 0.0, 0.0, 0.0, 0.0, 0.0, 0.0, 0.0, 0.0, 0.0, 2.0, 0.0, 1.0, 2.0, 5.0, 9.0, 12.0, 26.0, 26.0, 61.0, 107.0, 170.0, 243.0, 355.0, 457.0, 605.0, 794.0, 809.0, 849.0, 852.0, 706.0, 610.0, 486.0, 333.0, 268.0, 148.0, 102.0, 62.0, 35.0, 18.0, 9.0, 2.0, 6.0, 1.0, 1.0, 0.0, 2.0, 1.0, 2.0, 1.0, 1.0, 2.0, 2.0, 2.0, 0.0, 1.0, 0.0, 2.0, 0.0, 2.0, 0.0, 1.0], "bins": [-1.9013309478759766, -1.839016079902649, -1.7767012119293213, -1.7143863439559937, -1.652071475982666, -1.5897566080093384, -1.5274417400360107, -1.465126872062683, -1.4028120040893555, -1.3404970169067383, -1.2781821489334106, -1.215867280960083, -1.1535524129867554, -1.0912375450134277, -1.0289226770401, -0.9666078090667725, -0.9042929410934448, -0.8419780731201172, -0.7796632051467896, -0.7173483371734619, -0.6550334692001343, -0.5927185416221619, -0.5304036736488342, -0.4680888056755066, -0.40577393770217896, -0.3434590697288513, -0.2811442017555237, -0.21882930397987366, -0.15651443600654602, -0.09419956058263779, -0.03188468515872955, 0.03043019026517868, 0.09274506568908691, 0.15505993366241455, 0.21737481653690338, 0.2796896994113922, 0.34200456738471985, 0.4043194353580475, 0.4666343331336975, 0.5289492011070251, 0.5912640690803528, 0.6535789370536804, 0.7158938050270081, 0.7782086730003357, 0.8405236005783081, 0.9028384685516357, 0.9651533365249634, 1.027468204498291, 1.0897830724716187, 1.1520979404449463, 1.214412808418274, 1.2767276763916016, 1.3390425443649292, 1.4013574123382568, 1.4636722803115845, 1.525987148284912, 1.5883021354675293, 1.650617003440857, 1.7129318714141846, 1.7752467393875122, 1.8375616073608398, 1.8998764753341675, 1.9621913433074951, 2.024506092071533, 2.0868210792541504]}, "gradients/prompt_learner.local_u_ctx": {"_type": "histogram", "values": [2.0, 0.0, 1.0, 0.0, 2.0, 1.0, 0.0, 2.0, 1.0, 5.0, 3.0, 5.0, 1.0, 5.0, 2.0, 3.0, 8.0, 5.0, 3.0, 6.0, 1.0, 9.0, 6.0, 6.0, 5.0, 2.0, 3.0, 1.0, 4.0, 4.0, 2.0, 5.0, 6.0, 2.0, 1.0, 2.0, 1.0, 1.0, 1.0, 3.0, 2.0, 0.0, 0.0, 0.0, 0.0, 0.0, 0.0, 0.0, 1.0, 0.0, 0.0, 2.0, 0.0, 1.0, 0.0, 0.0, 1.0, 0.0, 0.0, 0.0, 0.0, 0.0, 0.0, 1.0], "bins": [-0.3753352761268616, -0.35707640647888184, -0.3388175368309021, -0.32055866718292236, -0.3022997975349426, -0.2840409576892853, -0.26578208804130554, -0.2475232183933258, -0.22926434874534607, -0.21100547909736633, -0.1927466094493866, -0.17448775470256805, -0.15622888505458832, -0.13797001540660858, -0.11971115320920944, -0.1014522910118103, -0.08319342136383057, -0.06493455171585083, -0.04667568951845169, -0.028416823595762253, -0.010157957673072815, 0.008100908249616623, 0.02635977417230606, 0.0446186400949955, 0.06287750601768494, 0.08113637566566467, 0.09939523786306381, 0.11765410006046295, 0.1359129697084427, 0.15417183935642242, 0.17243069410324097, 0.1906895637512207, 0.20894849300384521, 0.22720736265182495, 0.2454662322998047, 0.2637251019477844, 0.28198397159576416, 0.3002428114414215, 0.31850168108940125, 0.336760550737381, 0.3550194203853607, 0.37327829003334045, 0.3915371596813202, 0.4097960293292999, 0.4280548691749573, 0.446313738822937, 0.46457260847091675, 0.4828314781188965, 0.5010903477668762, 0.519349217414856, 0.5376080870628357, 0.5558669567108154, 0.5741258263587952, 0.5923846960067749, 0.6106435656547546, 0.6289024353027344, 0.6471612453460693, 0.6654201149940491, 0.6836789846420288, 0.7019378542900085, 0.7201967239379883, 0.738455593585968, 0.7567144632339478, 0.7749733328819275, 0.7932322025299072]}, "gradients/prompt_learner.local_v_ctx": {"_type": "histogram", "values": [1.0, 0.0, 0.0, 0.0, 0.0, 0.0, 0.0, 0.0, 0.0, 0.0, 0.0, 0.0, 0.0, 0.0, 0.0, 0.0, 0.0, 0.0, 0.0, 0.0, 1.0, 0.0, 0.0, 0.0, 0.0, 0.0, 0.0, 0.0, 0.0, 0.0, 0.0, 2.0, 0.0, 1.0, 0.0, 1.0, 2.0, 6.0, 18.0, 39.0, 78.0, 116.0, 203.0, 329.0, 430.0, 541.0, 611.0, 548.0, 402.0, 324.0, 194.0, 117.0, 56.0, 38.0, 22.0, 9.0, 0.0, 3.0, 2.0, 1.0, 0.0, 0.0, 0.0, 1.0], "bins": [-3.883828639984131, -3.8002026081085205, -3.71657657623291, -3.6329505443573, -3.5493245124816895, -3.465698480606079, -3.3820724487304688, -3.2984464168548584, -3.214820384979248, -3.1311943531036377, -3.0475683212280273, -2.963942289352417, -2.8803162574768066, -2.7966902256011963, -2.713064193725586, -2.6294381618499756, -2.5458121299743652, -2.462186336517334, -2.3785603046417236, -2.2949342727661133, -2.211308240890503, -2.1276822090148926, -2.0440561771392822, -1.9604300260543823, -1.8768041133880615, -1.7931780815124512, -1.7095520496368408, -1.6259260177612305, -1.5422999858856201, -1.4586739540100098, -1.3750479221343994, -1.291421890258789, -1.2077958583831787, -1.1241698265075684, -1.040543794631958, -0.9569177627563477, -0.8732917308807373, -0.7896657586097717, -0.7060397267341614, -0.622413694858551, -0.5387876629829407, -0.4551616311073303, -0.37153559923171997, -0.287909597158432, -0.20428356528282166, -0.1206575408577919, -0.037031516432762146, 0.04659450799226761, 0.13022053241729736, 0.21384656429290771, 0.29747259616851807, 0.38109859824180603, 0.4647246301174164, 0.5483506321907043, 0.6319766640663147, 0.715602695941925, 0.7992287278175354, 0.8828547596931458, 0.9664807915687561, 1.0501067638397217, 1.133732795715332, 1.2173588275909424, 1.3009848594665527, 1.384610891342163, 1.4682369232177734]}, "_runtime": 279.1388511657715, "_step": 3, "train/epoch": 3, "train/avg_acc": 48.57142857142857, "train/duration_sec": 64.62404751777649, "summary/local_acc_max": 50.117016160412085, "summary/local_acc_mean": 50.117016160412085, "summary/neighbor_acc_max": 49.86261097191697, "summary/neighbor_acc_mean": 49.86261097191697, "_wandb": {"runtime": 1189}, "test/epoch": 3, "test/local_acc_avg": 50.117016160412085, "test/duration_sec": 73.72837686538696, "test/neighbor_acc_avg": 49.86261097191697}