{"train/epoch": 30, "train/avg_acc": 73.97321428571429, "train/duration_sec": 17.78261685371399, "_timestamp": 1763659773.2319734, "_runtime": 971.340104341507, "_step": 30, "gradients/prompt_learner.cluster_ctx": {"_type": "histogram", "values": [1.0, 0.0, 0.0, 0.0, 0.0, 0.0, 0.0, 0.0, 0.0, 0.0, 1.0, 0.0, 0.0, 0.0, 2.0, 0.0, 0.0, 0.0, 0.0, 5.0, 4.0, 9.0, 20.0, 30.0, 62.0, 79.0, 131.0, 197.0, 312.0, 392.0, 558.0, 737.0, 1044.0, 1204.0, 1023.0, 733.0, 509.0, 353.0, 295.0, 179.0, 105.0, 75.0, 56.0, 27.0, 20.0, 12.0, 6.0, 4.0, 2.0, 1.0, 1.0, 2.0, 0.0, 0.0, 0.0, 0.0, 0.0, 0.0, 0.0, 0.0, 0.0, 0.0, 0.0, 1.0], "bins": [-1.6192580461502075, -1.570786714553833, -1.522315263748169, -1.4738439321517944, -1.4253724813461304, -1.3769011497497559, -1.3284296989440918, -1.2799583673477173, -1.2314870357513428, -1.1830155849456787, -1.1345442533493042, -1.0860728025436401, -1.0376014709472656, -0.9891300797462463, -0.940658688545227, -0.8921872973442078, -0.8437159061431885, -0.7952445149421692, -0.7467731237411499, -0.6983017325401306, -0.6498303413391113, -0.6013590097427368, -0.5528876185417175, -0.5044162273406982, -0.45594483613967896, -0.40747344493865967, -0.3590020537376404, -0.3105306923389435, -0.2620593011379242, -0.2135879099369049, -0.16511653363704681, -0.11664514988660812, -0.06817364692687988, -0.019702263176441193, 0.028769120573997498, 0.07724050432443619, 0.12571188807487488, 0.17418327927589417, 0.22265465557575226, 0.27112603187561035, 0.31959742307662964, 0.3680688142776489, 0.4165402054786682, 0.4650115668773651, 0.513482928276062, 0.5619543194770813, 0.6104257106781006, 0.6588971018791199, 0.7073684930801392, 0.7558398842811584, 0.8043112754821777, 0.852782666683197, 0.9012540578842163, 0.9497253894805908, 0.9981967806816101, 1.0466681718826294, 1.095139503479004, 1.143610954284668, 1.1920822858810425, 1.2405537366867065, 1.289025068283081, 1.3374965190887451, 1.3859678506851196, 1.4344393014907837, 1.4829106330871582]}, "gradients/prompt_learner.global_ctx": {"_type": "histogram", "values": [1.0, 0.0, 0.0, 0.0, 0.0, 0.0, 0.0, 0.0, 0.0, 0.0, 1.0, 0.0, 0.0, 0.0, 2.0, 0.0, 0.0, 0.0, 0.0, 5.0, 4.0, 9.0, 20.0, 30.0, 62.0, 79.0, 131.0, 197.0, 312.0, 392.0, 558.0, 737.0, 1044.0, 1204.0, 1023.0, 733.0, 509.0, 353.0, 295.0, 179.0, 105.0, 75.0, 56.0, 27.0, 20.0, 12.0, 6.0, 4.0, 2.0, 1.0, 1.0, 2.0, 0.0, 0.0, 0.0, 0.0, 0.0, 0.0, 0.0, 0.0, 0.0, 0.0, 0.0, 1.0], "bins": [-3.238516092300415, -3.141573429107666, -3.044630527496338, -2.947687864303589, -2.8507449626922607, -2.7538022994995117, -2.6568593978881836, -2.5599167346954346, -2.4629740715026855, -2.3660311698913574, -2.2690885066986084, -2.1721456050872803, -2.0752029418945312, -1.9782601594924927, -1.881317377090454, -1.7843745946884155, -1.687431812286377, -1.5904890298843384, -1.4935462474822998, -1.3966034650802612, -1.2996606826782227, -1.2027180194854736, -1.105775237083435, -1.0088324546813965, -0.9118896722793579, -0.8149468898773193, -0.7180041074752808, -0.621061384677887, -0.5241186022758484, -0.4271758198738098, -0.33023306727409363, -0.23329029977321625, -0.13634729385375977, -0.039404526352882385, 0.057538241147994995, 0.15448100864887238, 0.25142377614974976, 0.34836655855178833, 0.4453093111515045, 0.5422520637512207, 0.6391948461532593, 0.7361376285552979, 0.8330804109573364, 0.9300231337547302, 1.026965856552124, 1.1239086389541626, 1.2208514213562012, 1.3177942037582397, 1.4147369861602783, 1.511679768562317, 1.6086225509643555, 1.705565333366394, 1.8025081157684326, 1.8994507789611816, 1.9963935613632202, 2.093336343765259, 2.190279006958008, 2.287221908569336, 2.384164571762085, 2.481107473373413, 2.578050136566162, 2.6749930381774902, 2.7719357013702393, 2.8688786029815674, 2.9658212661743164]}, "gradients/prompt_learner.local_u_ctx": {"_type": "histogram", "values": [1.0, 0.0, 0.0, 0.0, 0.0, 0.0, 2.0, 0.0, 3.0, 2.0, 0.0, 2.0, 2.0, 1.0, 2.0, 2.0, 3.0, 3.0, 4.0, 3.0, 3.0, 4.0, 6.0, 7.0, 6.0, 9.0, 9.0, 19.0, 20.0, 20.0, 13.0, 17.0, 16.0, 13.0, 6.0, 10.0, 6.0, 8.0, 6.0, 2.0, 4.0, 2.0, 4.0, 2.0, 2.0, 2.0, 2.0, 0.0, 4.0, 0.0, 0.0, 1.0, 1.0, 0.0, 0.0, 0.0, 0.0, 0.0, 0.0, 0.0, 1.0, 0.0, 0.0, 1.0], "bins": [-1.2020992040634155, -1.1610971689224243, -1.1200950145721436, -1.0790929794311523, -1.0380909442901611, -0.9970888495445251, -0.9560867547988892, -0.915084719657898, -0.874082624912262, -0.833080530166626, -0.7920784950256348, -0.7510764002799988, -0.7100743055343628, -0.6690722703933716, -0.6280701756477356, -0.5870681405067444, -0.5460660457611084, -0.5050639510154724, -0.4640619158744812, -0.4230598211288452, -0.3820577561855316, -0.341055691242218, -0.30005359649658203, -0.25905153155326843, -0.21804946660995483, -0.17704740166664124, -0.13604532182216644, -0.09504324942827225, -0.05404117703437805, -0.013039104640483856, 0.02796296775341034, 0.06896504014730453, 0.10996723175048828, 0.15096929669380188, 0.19197137653827667, 0.23297345638275146, 0.27397552132606506, 0.31497758626937866, 0.35597968101501465, 0.39698174595832825, 0.43798381090164185, 0.47898587584495544, 0.519987940788269, 0.560990035533905, 0.601992130279541, 0.6429941654205322, 0.6839962601661682, 0.7249982953071594, 0.7660003900527954, 0.8070024847984314, 0.8480045199394226, 0.8890066146850586, 0.9300086498260498, 0.9710107445716858, 1.0120128393173218, 1.053014874458313, 1.0940170288085938, 1.135019063949585, 1.1760210990905762, 1.2170231342315674, 1.2580252885818481, 1.2990273237228394, 1.3400293588638306, 1.3810315132141113, 1.4220335483551025]}, "gradients/prompt_learner.local_v_ctx": {"_type": "histogram", "values": [1.0, 1.0, 1.0, 0.0, 4.0, 1.0, 3.0, 2.0, 4.0, 4.0, 12.0, 8.0, 23.0, 27.0, 38.0, 71.0, 87.0, 123.0, 168.0, 215.0, 286.0, 345.0, 395.0, 485.0, 526.0, 648.0, 627.0, 589.0, 588.0, 547.0, 487.0, 439.0, 358.0, 264.0, 220.0, 173.0, 129.0, 83.0, 75.0, 43.0, 27.0, 18.0, 22.0, 4.0, 4.0, 5.0, 2.0, 2.0, 1.0, 3.0, 1.0, 0.0, 0.0, 0.0, 2.0, 0.0, 0.0, 0.0, 0.0, 0.0, 0.0, 0.0, 0.0, 1.0], "bins": [-1.7256500720977783, -1.6618269681930542, -1.5980037450790405, -1.5341806411743164, -1.4703574180603027, -1.4065343141555786, -1.3427112102508545, -1.2788879871368408, -1.2150648832321167, -1.1512417793273926, -1.087418556213379, -1.0235954523086548, -0.9597722887992859, -0.895949125289917, -0.8321260213851929, -0.768302857875824, -0.7044796943664551, -0.6406565308570862, -0.5768333673477173, -0.5130102634429932, -0.44918709993362427, -0.38536393642425537, -0.32154080271720886, -0.25771766901016235, -0.19389450550079346, -0.13007135689258575, -0.06624820828437805, -0.002425059676170349, 0.061398088932037354, 0.12522123754024506, 0.18904438614845276, 0.25286751985549927, 0.31669068336486816, 0.38051384687423706, 0.44433698058128357, 0.5081601142883301, 0.571983277797699, 0.6358064413070679, 0.699629545211792, 0.7634527087211609, 0.8272758722305298, 0.8910990357398987, 0.9549221992492676, 1.0187453031539917, 1.0825684070587158, 1.1463916301727295, 1.2102147340774536, 1.2740379571914673, 1.3378610610961914, 1.4016841650009155, 1.4655073881149292, 1.5293304920196533, 1.593153715133667, 1.6569768190383911, 1.7207999229431152, 1.784623146057129, 1.848446249961853, 1.9122693538665771, 1.9760925769805908, 2.0399158000946045, 2.103738784790039, 2.1675620079040527, 2.2313852310180664, 2.295208215713501, 2.3590314388275146]}, "test/epoch": 30, "test/local_acc_avg": 86.18535314748735, "test/duration_sec": 138.34553980827332, "test/neighbor_acc_avg": 85.73561828724644, "summary/local_acc_max": 86.18535314748735, "summary/local_acc_mean": 84.27288733074766, "summary/neighbor_acc_max": 85.73561828724644, "summary/neighbor_acc_mean": 83.86152024645753, "_wandb": {"runtime": 967}}