{"train/epoch": 30, "train/avg_acc": 65.44642857142857, "train/duration_sec": 18.076695680618286, "_timestamp": 1763669000.5053778, "_runtime": 965.1921226978302, "_step": 30, "gradients/prompt_learner.cluster_ctx": {"_type": "histogram", "values": [1.0, 0.0, 0.0, 1.0, 2.0, 1.0, 0.0, 1.0, 0.0, 4.0, 8.0, 11.0, 8.0, 24.0, 25.0, 28.0, 39.0, 58.0, 63.0, 114.0, 121.0, 176.0, 209.0, 252.0, 308.0, 414.0, 482.0, 523.0, 651.0, 628.0, 672.0, 616.0, 556.0, 437.0, 393.0, 316.0, 248.0, 191.0, 135.0, 128.0, 65.0, 65.0, 60.0, 54.0, 33.0, 20.0, 13.0, 6.0, 15.0, 6.0, 4.0, 1.0, 0.0, 2.0, 0.0, 3.0, 0.0, 0.0, 0.0, 0.0, 0.0, 0.0, 0.0, 1.0], "bins": [-0.3890676498413086, -0.37604039907455444, -0.3630131781101227, -0.34998592734336853, -0.33695870637893677, -0.3239314556121826, -0.31090423464775085, -0.2978769838809967, -0.28484976291656494, -0.2718225121498108, -0.25879526138305664, -0.24576804041862488, -0.23274078965187073, -0.21971355378627777, -0.20668631792068481, -0.19365908205509186, -0.1806318461894989, -0.16760461032390594, -0.154577374458313, -0.14155013859272003, -0.12852290272712708, -0.11549565941095352, -0.10246841609477997, -0.08944118022918701, -0.07641394436359406, -0.0633867084980011, -0.050359468907117844, -0.03733222931623459, -0.024304993450641632, -0.011277755722403526, 0.0017494820058345795, 0.014776719734072685, 0.027803927659988403, 0.04083116352558136, 0.053858403116464615, 0.06688564270734787, 0.07991287857294083, 0.09294011443853378, 0.10596735775470734, 0.11899459362030029, 0.13202182948589325, 0.1450490653514862, 0.15807630121707916, 0.17110353708267212, 0.18413078784942627, 0.19715802371501923, 0.21018525958061218, 0.22321249544620514, 0.2362397313117981, 0.24926696717739105, 0.262294203042984, 0.27532145380973816, 0.2883486747741699, 0.3013759255409241, 0.31440314650535583, 0.32743039727211, 0.34045761823654175, 0.3534848690032959, 0.36651211977005005, 0.3795393407344818, 0.39256659150123596, 0.4055938124656677, 0.4186210632324219, 0.43164828419685364, 0.4446755349636078]}, "gradients/prompt_learner.global_ctx": {"_type": "histogram", "values": [1.0, 0.0, 0.0, 1.0, 2.0, 1.0, 0.0, 1.0, 0.0, 4.0, 8.0, 11.0, 8.0, 24.0, 25.0, 28.0, 39.0, 58.0, 63.0, 114.0, 121.0, 176.0, 209.0, 252.0, 308.0, 414.0, 482.0, 523.0, 651.0, 628.0, 672.0, 616.0, 556.0, 437.0, 393.0, 316.0, 248.0, 191.0, 135.0, 128.0, 65.0, 65.0, 60.0, 54.0, 33.0, 20.0, 13.0, 6.0, 15.0, 6.0, 4.0, 1.0, 0.0, 2.0, 0.0, 3.0, 0.0, 0.0, 0.0, 0.0, 0.0, 0.0, 0.0, 1.0], "bins": [-0.7781352996826172, -0.7520807981491089, -0.7260263562202454, -0.6999718546867371, -0.6739174127578735, -0.6478629112243652, -0.6218084692955017, -0.5957539677619934, -0.5696995258331299, -0.5436450242996216, -0.5175905227661133, -0.49153608083724976, -0.46548157930374146, -0.43942710757255554, -0.41337263584136963, -0.3873181641101837, -0.3612636923789978, -0.3352092206478119, -0.309154748916626, -0.28310027718544006, -0.25704580545425415, -0.23099131882190704, -0.20493683218955994, -0.17888236045837402, -0.1528278887271881, -0.1267734169960022, -0.10071893781423569, -0.07466445863246918, -0.048609986901283264, -0.022555511444807053, 0.003498964011669159, 0.02955343946814537, 0.05560785531997681, 0.08166232705116272, 0.10771680623292923, 0.13377128541469574, 0.15982575714588165, 0.18588022887706757, 0.21193471550941467, 0.23798918724060059, 0.2640436589717865, 0.2900981307029724, 0.3161526024341583, 0.34220707416534424, 0.36826157569885254, 0.39431604743003845, 0.42037051916122437, 0.4464249908924103, 0.4724794626235962, 0.4985339343547821, 0.524588406085968, 0.5506429076194763, 0.5766973495483398, 0.6027518510818481, 0.6288062930107117, 0.65486079454422, 0.6809152364730835, 0.7069697380065918, 0.7330242395401001, 0.7590786814689636, 0.7851331830024719, 0.8111876249313354, 0.8372421264648438, 0.8632965683937073, 0.8893510699272156]}, "gradients/prompt_learner.local_u_ctx": {"_type": "histogram", "values": [2.0, 0.0, 0.0, 0.0, 0.0, 0.0, 0.0, 0.0, 0.0, 0.0, 0.0, 1.0, 2.0, 0.0, 0.0, 0.0, 1.0, 0.0, 3.0, 0.0, 0.0, 1.0, 1.0, 1.0, 2.0, 1.0, 4.0, 1.0, 9.0, 3.0, 3.0, 1.0, 0.0, 1.0, 2.0, 1.0, 3.0, 4.0, 3.0, 1.0, 1.0, 1.0, 2.0, 2.0, 0.0, 1.0, 0.0, 1.0, 0.0, 0.0, 2.0, 1.0, 0.0, 0.0, 0.0, 1.0, 0.0, 0.0, 0.0, 0.0, 0.0, 0.0, 0.0, 1.0], "bins": [-0.3219819664955139, -0.3105239272117615, -0.29906585812568665, -0.2876078188419342, -0.27614977955818176, -0.26469171047210693, -0.2532336711883545, -0.24177563190460205, -0.23031757771968842, -0.21885952353477478, -0.20740148425102234, -0.1959434300661087, -0.18448537588119507, -0.17302733659744263, -0.161569282412529, -0.15011124312877655, -0.13865318894386292, -0.12719513475894928, -0.11573709547519684, -0.1042790412902832, -0.09282099455595016, -0.08136294782161713, -0.06990489363670349, -0.05844684690237045, -0.046988800168037415, -0.035530753433704376, -0.02407270297408104, -0.012614654377102852, -0.0011566057801246643, 0.010301442816853523, 0.02175949141383171, 0.03321754187345505, 0.044675588607788086, 0.056133635342121124, 0.06759168207645416, 0.0790497362613678, 0.09050778299570084, 0.10196582973003387, 0.11342388391494751, 0.12488193064928055, 0.1363399773836136, 0.14779803156852722, 0.15925607085227966, 0.1707141250371933, 0.18217217922210693, 0.19363021850585938, 0.205088272690773, 0.21654631197452545, 0.2280043661594391, 0.23946242034435272, 0.25092047452926636, 0.2623785138130188, 0.27383655309677124, 0.28529462218284607, 0.2967526614665985, 0.30821070075035095, 0.3196687698364258, 0.3311268091201782, 0.34258484840393066, 0.3540428876876831, 0.36550095677375793, 0.3769589960575104, 0.3884170353412628, 0.39987510442733765, 0.4113331437110901]}, "gradients/prompt_learner.local_v_ctx": {"_type": "histogram", "values": [3.0, 0.0, 1.0, 1.0, 4.0, 3.0, 5.0, 6.0, 5.0, 6.0, 8.0, 9.0, 9.0, 7.0, 13.0, 21.0, 29.0, 39.0, 38.0, 37.0, 49.0, 66.0, 53.0, 75.0, 66.0, 66.0, 89.0, 91.0, 86.0, 114.0, 88.0, 103.0, 85.0, 84.0, 98.0, 80.0, 83.0, 70.0, 64.0, 38.0, 46.0, 34.0, 33.0, 26.0, 23.0, 20.0, 14.0, 10.0, 12.0, 6.0, 9.0, 6.0, 3.0, 2.0, 1.0, 4.0, 0.0, 2.0, 1.0, 1.0, 0.0, 1.0, 1.0, 1.0], "bins": [-0.5355563163757324, -0.5178371667861938, -0.5001180171966553, -0.4823988676071167, -0.4646797180175781, -0.44696056842803955, -0.429241418838501, -0.4115222692489624, -0.39380311965942383, -0.37608397006988525, -0.3583648204803467, -0.3406456708908081, -0.32292652130126953, -0.30520737171173096, -0.2874882221221924, -0.2697690725326538, -0.25204992294311523, -0.23433077335357666, -0.21661162376403809, -0.1988924741744995, -0.18117332458496094, -0.16345417499542236, -0.1457350254058838, -0.12801587581634521, -0.11029672622680664, -0.09257757663726807, -0.07485842704772949, -0.05713927745819092, -0.039420127868652344, -0.02170097827911377, -0.003981828689575195, 0.013737320899963379, 0.03145653009414673, 0.0491756796836853, 0.06689482927322388, 0.08461397886276245, 0.10233312845230103, 0.1200522780418396, 0.13777142763137817, 0.15549057722091675, 0.17320972681045532, 0.1909288763999939, 0.20864802598953247, 0.22636717557907104, 0.24408632516860962, 0.2618054747581482, 0.27952462434768677, 0.29724377393722534, 0.3149629235267639, 0.3326820731163025, 0.35040122270584106, 0.36812037229537964, 0.3858395218849182, 0.4035586714744568, 0.42127782106399536, 0.43899697065353394, 0.4567161202430725, 0.4744352698326111, 0.49215441942214966, 0.5098735690116882, 0.5275927186012268, 0.5453118681907654, 0.563031017780304, 0.5807501673698425, 0.5984693169593811]}, "test/epoch": 30, "test/local_acc_avg": 77.93839484862367, "test/duration_sec": 137.4111659526825, "test/neighbor_acc_avg": 73.82920814979097, "summary/local_acc_max": 77.93839484862367, "summary/local_acc_mean": 76.3137157846354, "summary/neighbor_acc_max": 76.71994553559664, "summary/neighbor_acc_mean": 75.2898560308286, "_wandb": {"runtime": 964}}