{"gradients/prompt_learner.global_ctx": {"_type": "histogram", "values": [1.0, 1.0, 0.0, 0.0, 1.0, 2.0, 2.0, 3.0, 2.0, 5.0, 6.0, 13.0, 9.0, 26.0, 37.0, 64.0, 103.0, 106.0, 141.0, 187.0, 260.0, 368.0, 483.0, 647.0, 745.0, 804.0, 795.0, 790.0, 618.0, 495.0, 385.0, 297.0, 224.0, 171.0, 123.0, 79.0, 53.0, 50.0, 23.0, 18.0, 24.0, 6.0, 7.0, 5.0, 4.0, 2.0, 1.0, 1.0, 2.0, 0.0, 0.0, 1.0, 0.0, 0.0, 0.0, 0.0, 0.0, 0.0, 1.0, 0.0, 0.0, 0.0, 0.0, 1.0], "bins": [-1.8728587627410889, -1.8012036085128784, -1.729548454284668, -1.657893180847168, -1.5862380266189575, -1.514582872390747, -1.4429277181625366, -1.3712725639343262, -1.2996172904968262, -1.2279621362686157, -1.1563069820404053, -1.0846518278121948, -1.0129966735839844, -0.9413414597511292, -0.8696863055229187, -0.7980310916900635, -0.726375937461853, -0.6547207832336426, -0.5830655694007874, -0.5114104151725769, -0.43975523114204407, -0.36810004711151123, -0.2964448928833008, -0.22478970885276794, -0.1531345248222351, -0.08147934824228287, -0.009824171662330627, 0.06183100491762161, 0.13348618149757385, 0.2051413655281067, 0.27679651975631714, 0.34845170378685, 0.4201068878173828, 0.49176207184791565, 0.5634172558784485, 0.6350724101066589, 0.7067276239395142, 0.7783827781677246, 0.8500379323959351, 0.9216931462287903, 0.9933483004570007, 1.065003514289856, 1.1366586685180664, 1.2083138227462769, 1.2799689769744873, 1.3516241312026978, 1.4232794046401978, 1.4949345588684082, 1.5665897130966187, 1.638244867324829, 1.7099000215530396, 1.7815552949905396, 1.85321044921875, 1.9248656034469604, 1.996520757675171, 2.068176031112671, 2.139831066131592, 2.211486339569092, 2.2831413745880127, 2.3547966480255127, 2.4264519214630127, 2.4981069564819336, 2.5697622299194336, 2.6414172649383545, 2.7130725383758545]}, "_timestamp": 1763640801.3728628, "gradients/prompt_learner.local_u_ctx": {"_type": "histogram", "values": [1.0, 0.0, 0.0, 1.0, 0.0, 0.0, 0.0, 0.0, 2.0, 0.0, 0.0, 0.0, 0.0, 0.0, 1.0, 1.0, 1.0, 2.0, 0.0, 1.0, 1.0, 1.0, 1.0, 2.0, 6.0, 3.0, 2.0, 4.0, 3.0, 11.0, 5.0, 4.0, 4.0, 4.0, 5.0, 1.0, 2.0, 5.0, 6.0, 2.0, 4.0, 5.0, 3.0, 3.0, 6.0, 4.0, 4.0, 0.0, 5.0, 4.0, 0.0, 1.0, 1.0, 1.0, 1.0, 0.0, 0.0, 0.0, 1.0, 0.0, 2.0, 0.0, 0.0, 1.0], "bins": [-0.9476101398468018, -0.9187245965003967, -0.8898390531539917, -0.8609535098075867, -0.8320679664611816, -0.8031824231147766, -0.7742968797683716, -0.7454113364219666, -0.7165257930755615, -0.6876401901245117, -0.6587546467781067, -0.6298691034317017, -0.6009835600852966, -0.5720980167388916, -0.5432124733924866, -0.5143269300460815, -0.4854413866996765, -0.4565558433532715, -0.42767030000686646, -0.3987847566604614, -0.3698992133140564, -0.341013640165329, -0.31212809681892395, -0.2832425534725189, -0.2543570101261139, -0.22547146677970886, -0.19658592343330383, -0.1677003651857376, -0.13881482183933258, -0.10992927849292755, -0.08104372769594193, -0.0521581806242466, -0.02327263355255127, 0.005612913519144058, 0.034498460590839386, 0.06338401138782501, 0.09226955473423004, 0.12115509808063507, 0.1500406563282013, 0.17892619967460632, 0.20781174302101135, 0.23669728636741638, 0.2655828297138214, 0.29446837306022644, 0.32335394620895386, 0.3522394895553589, 0.3811250329017639, 0.41001057624816895, 0.438896119594574, 0.467781662940979, 0.49666720628738403, 0.5255527496337891, 0.5544382929801941, 0.5833238363265991, 0.6122093796730042, 0.6410949230194092, 0.669980525970459, 0.698866069316864, 0.727751612663269, 0.7566371560096741, 0.7855226993560791, 0.8144082427024841, 0.8432937860488892, 0.8721793293952942, 0.9010648727416992]}, "gradients/prompt_learner.local_v_ctx": {"_type": "histogram", "values": [1.0, 0.0, 0.0, 0.0, 0.0, 0.0, 0.0, 0.0, 0.0, 0.0, 0.0, 0.0, 0.0, 0.0, 0.0, 0.0, 0.0, 0.0, 1.0, 0.0, 0.0, 0.0, 0.0, 1.0, 3.0, 2.0, 5.0, 5.0, 12.0, 26.0, 30.0, 35.0, 90.0, 105.0, 133.0, 174.0, 259.0, 333.0, 374.0, 374.0, 402.0, 322.0, 349.0, 277.0, 231.0, 171.0, 119.0, 102.0, 56.0, 52.0, 18.0, 11.0, 8.0, 6.0, 4.0, 0.0, 2.0, 0.0, 1.0, 1.0, 0.0, 0.0, 0.0, 1.0], "bins": [-3.30120849609375, -3.21919322013855, -3.1371777057647705, -3.0551624298095703, -2.973146915435791, -2.891131639480591, -2.8091161251068115, -2.7271008491516113, -2.645085334777832, -2.563070058822632, -2.4810545444488525, -2.3990392684936523, -2.317023754119873, -2.235008478164673, -2.1529929637908936, -2.0709776878356934, -1.9889622926712036, -1.9069468975067139, -1.8249315023422241, -1.7429161071777344, -1.6609007120132446, -1.5788853168487549, -1.4968699216842651, -1.4148545265197754, -1.3328392505645752, -1.2508238554000854, -1.1688084602355957, -1.086793065071106, -1.0047776699066162, -0.9227622747421265, -0.8407468795776367, -0.758731484413147, -0.6767160892486572, -0.5947006940841675, -0.5126852989196777, -0.4306699335575104, -0.34865453839302063, -0.2666391432285309, -0.18462376296520233, -0.10260837525129318, -0.020592987537384033, 0.061422400176525116, 0.14343778789043427, 0.22545316815376282, 0.30746856331825256, 0.3894839584827423, 0.47149932384490967, 0.5535147190093994, 0.6355301141738892, 0.7175455093383789, 0.7995609045028687, 0.8815762996673584, 0.9635916948318481, 1.045607089996338, 1.1276224851608276, 1.2096378803253174, 1.2916531562805176, 1.3736685514450073, 1.455683946609497, 1.5376993417739868, 1.6197147369384766, 1.7017301321029663, 1.783745527267456, 1.8657609224319458, 1.9477763175964355]}, "_runtime": 1289.8508598804474, "_step": 22, "train/epoch": 22, "train/avg_acc": 35.325, "train/duration_sec": 57.75792908668518}