{"train/epoch": 30, "train/avg_acc": 58.88392857142857, "train/duration_sec": 18.793635368347168, "_timestamp": 1763665926.0175762, "_runtime": 959.1554191112518, "_step": 30, "gradients/prompt_learner.global_ctx": {"_type": "histogram", "values": [1.0, 0.0, 0.0, 1.0, 0.0, 0.0, 0.0, 0.0, 0.0, 0.0, 1.0, 1.0, 1.0, 1.0, 2.0, 1.0, 2.0, 2.0, 2.0, 2.0, 4.0, 7.0, 5.0, 6.0, 12.0, 13.0, 13.0, 10.0, 19.0, 22.0, 35.0, 39.0, 66.0, 94.0, 135.0, 216.0, 340.0, 508.0, 663.0, 847.0, 983.0, 957.0, 869.0, 692.0, 542.0, 361.0, 228.0, 148.0, 86.0, 65.0, 49.0, 26.0, 19.0, 22.0, 15.0, 20.0, 6.0, 9.0, 4.0, 5.0, 4.0, 5.0, 4.0, 2.0], "bins": [-4.738453388214111, -4.622901439666748, -4.507349967956543, -4.39179801940918, -4.276246547698975, -4.160694599151611, -4.045143127441406, -3.929591417312622, -3.814039707183838, -3.6984877586364746, -3.5829360485076904, -3.4673843383789062, -3.351832628250122, -3.236280918121338, -3.1207292079925537, -3.0051774978637695, -2.8896257877349854, -2.774074077606201, -2.658522367477417, -2.542970657348633, -2.4274189472198486, -2.3118672370910645, -2.1963155269622803, -2.080763816833496, -1.9652119874954224, -1.8496602773666382, -1.734108567237854, -1.6185568571090698, -1.503005027770996, -1.387453317642212, -1.2719016075134277, -1.1563498973846436, -1.0407981872558594, -0.9252464771270752, -0.809694766998291, -0.6941429972648621, -0.5785912871360779, -0.4630395770072937, -0.34748783707618713, -0.23193611204624176, -0.11638438701629639, -0.0008326619863510132, 0.11471906304359436, 0.23027078807353973, 0.3458225131034851, 0.4613742232322693, 0.5769259929656982, 0.6924777030944824, 0.8080294132232666, 0.9235811233520508, 1.039132833480835, 1.1546845436096191, 1.2702362537384033, 1.385788083076477, 1.5013397932052612, 1.6168915033340454, 1.7324432134628296, 1.8479949235916138, 1.963546633720398, 2.0790984630584717, 2.194650173187256, 2.31020188331604, 2.425753593444824, 2.5413053035736084, 2.6568570137023926]}, "gradients/prompt_learner.local_u_ctx": {"_type": "histogram", "values": [1.0, 0.0, 0.0, 0.0, 3.0, 2.0, 0.0, 0.0, 0.0, 3.0, 1.0, 0.0, 0.0, 1.0, 0.0, 2.0, 0.0, 0.0, 1.0, 2.0, 1.0, 1.0, 2.0, 0.0, 1.0, 0.0, 1.0, 0.0, 2.0, 1.0, 2.0, 0.0, 2.0, 0.0, 0.0, 1.0, 0.0, 0.0, 0.0, 0.0, 0.0, 0.0, 0.0, 0.0, 1.0, 0.0, 0.0, 0.0, 0.0, 0.0, 0.0, 0.0, 0.0, 0.0, 0.0, 0.0, 0.0, 0.0, 0.0, 0.0, 0.0, 0.0, 0.0, 1.0], "bins": [-0.558366060256958, -0.5321364402770996, -0.5059067606925964, -0.47967714071273804, -0.45344749093055725, -0.42721784114837646, -0.4009881913661957, -0.3747585415840149, -0.3485289216041565, -0.3222992718219757, -0.2960696220397949, -0.26983997225761414, -0.24361032247543335, -0.21738068759441376, -0.19115103781223297, -0.16492140293121338, -0.1386917531490326, -0.1124621108174324, -0.08623246848583221, -0.06000281870365143, -0.03377317637205124, -0.007543532177805901, 0.018686112016439438, 0.044915758073329926, 0.07114540040493011, 0.0973750427365303, 0.1236046850681305, 0.14983433485031128, 0.17606398463249207, 0.20229361951351166, 0.22852326929569244, 0.25475290417671204, 0.2809825539588928, 0.3072122037410736, 0.3334418535232544, 0.3596714735031128, 0.3859011232852936, 0.41213077306747437, 0.43836042284965515, 0.46459007263183594, 0.49081969261169434, 0.5170493721961975, 0.5432789921760559, 0.5695086121559143, 0.5957382917404175, 0.6219679117202759, 0.648197591304779, 0.6744272112846375, 0.7006568908691406, 0.726886510848999, 0.7531161308288574, 0.7793458104133606, 0.805575430393219, 0.8318051099777222, 0.8580347299575806, 0.884264349937439, 0.9104940295219421, 0.9367236495018005, 0.9629533290863037, 0.9891829490661621, 1.0154125690460205, 1.041642189025879, 1.0678719282150269, 1.0941015481948853, 1.1203311681747437]}, "gradients/prompt_learner.local_v_ctx": {"_type": "histogram", "values": [2.0, 2.0, 1.0, 3.0, 5.0, 4.0, 6.0, 0.0, 6.0, 7.0, 11.0, 17.0, 22.0, 23.0, 23.0, 24.0, 24.0, 32.0, 31.0, 39.0, 45.0, 40.0, 41.0, 51.0, 45.0, 50.0, 35.0, 48.0, 44.0, 39.0, 37.0, 34.0, 35.0, 33.0, 30.0, 29.0, 24.0, 12.0, 13.0, 10.0, 11.0, 9.0, 8.0, 4.0, 3.0, 3.0, 3.0, 2.0, 1.0, 0.0, 0.0, 0.0, 1.0, 0.0, 0.0, 0.0, 0.0, 1.0, 0.0, 0.0, 0.0, 0.0, 0.0, 1.0], "bins": [-1.2942454814910889, -1.2429351806640625, -1.1916249990463257, -1.1403146982192993, -1.089004397392273, -1.0376942157745361, -0.9863839149475098, -0.9350736737251282, -0.8837634325027466, -0.8324531316757202, -0.7811428904533386, -0.729832649230957, -0.6785223484039307, -0.6272121071815491, -0.5759018659591675, -0.5245915651321411, -0.4732813239097595, -0.42197105288505554, -0.37066081166267395, -0.31935054063796997, -0.2680402994155884, -0.2167300283908844, -0.16541975736618042, -0.11410950124263763, -0.06279924511909485, -0.011488985270261765, 0.03982127457857132, 0.0911315381526947, 0.1424417942762375, 0.19375205039978027, 0.24506232142448425, 0.29637256264686584, 0.3476828336715698, 0.3989931046962738, 0.4503033459186554, 0.5016136169433594, 0.552923858165741, 0.6042341589927673, 0.6555444002151489, 0.7068546414375305, 0.7581648826599121, 0.8094751834869385, 0.8607854247093201, 0.9120956659317017, 0.963405966758728, 1.0147162675857544, 1.0660264492034912, 1.1173367500305176, 1.168647050857544, 1.2199572324752808, 1.2712675333023071, 1.322577714920044, 1.3738880157470703, 1.4251983165740967, 1.4765084981918335, 1.5278187990188599, 1.5791290998458862, 1.630439281463623, 1.6817495822906494, 1.7330598831176758, 1.7843700647354126, 1.835680365562439, 1.8869906663894653, 1.9383008480072021, 1.9896111488342285]}, "test/epoch": 30, "test/local_acc_avg": 78.50389501538272, "test/duration_sec": 135.9855878353119, "test/neighbor_acc_avg": 78.16835129915992, "summary/local_acc_max": 78.50389501538272, "summary/local_acc_mean": 69.65539860574539, "summary/neighbor_acc_max": 78.16835129915992, "summary/neighbor_acc_mean": 70.62497541473091, "_wandb": {"runtime": 958}}